<?xml version="1.0" encoding="UTF-8"?>
<gpx creator="https://gpx.studio" version="1.1" xmlns="http://www.topografix.com/GPX/1/1" xmlns:xsi="http://www.w3.org/2001/XMLSchema-instance" xsi:schemaLocation="http://www.topografix.com/GPX/1/1 http://www.topografix.com/GPX/1/1/gpx.xsd http://www.garmin.com/xmlschemas/GpxExtensions/v3 http://www.garmin.com/xmlschemas/GpxExtensionsv3.xsd http://www.garmin.com/xmlschemas/TrackPointExtension/v1 http://www.garmin.com/xmlschemas/TrackPointExtensionv1.xsd http://www.garmin.com/xmlschemas/PowerExtension/v1 http://www.garmin.com/xmlschemas/PowerExtensionv1.xsd http://www.topografix.com/GPX/gpx_style/0/2 http://www.topografix.com/GPX/gpx_style/0/2/gpx_style.xsd" xmlns:gpxtpx="http://www.garmin.com/xmlschemas/TrackPointExtension/v1" xmlns:gpxx="http://www.garmin.com/xmlschemas/GpxExtensions/v3" xmlns:gpxpx="http://www.garmin.com/xmlschemas/PowerExtension/v1" xmlns:gpx_style="http://www.topografix.com/GPX/gpx_style/0/2">
  <metadata>
    <name>The Magnificent Seven</name>
    <author>
      <name>gpx.studio</name>
      <link href="https://gpx.studio"/>
    </author>
  </metadata>
  <trk>
    <name>The Magnificent Seven</name>
    <trkseg>
      <trkpt lat="53.992754" lon="-1.542372">
        <ele>118.75</ele>
      </trkpt>
      <trkpt lat="53.992805" lon="-1.542395">
        <ele>118.75</ele>
      </trkpt>
      <trkpt lat="53.993016" lon="-1.542536">
        <ele>118.5</ele>
      </trkpt>
      <trkpt lat="53.99318" lon="-1.542656">
        <ele>118.5</ele>
      </trkpt>
      <trkpt lat="53.993335" lon="-1.542777">
        <ele>118.5</ele>
      </trkpt>
      <trkpt lat="53.993476" lon="-1.54289">
        <ele>118</ele>
      </trkpt>
      <trkpt lat="53.9937" lon="-1.543066">
        <ele>117.25</ele>
      </trkpt>
      <trkpt lat="53.993737" lon="-1.543094">
        <ele>117.25</ele>
      </trkpt>
      <trkpt lat="53.994065" lon="-1.543406">
        <ele>115.75</ele>
      </trkpt>
      <trkpt lat="53.99425" lon="-1.543575">
        <ele>113.5</ele>
      </trkpt>
      <trkpt lat="53.994477" lon="-1.543804">
        <ele>109.75</ele>
      </trkpt>
      <trkpt lat="53.994778" lon="-1.544106">
        <ele>106</ele>
      </trkpt>
      <trkpt lat="53.99484" lon="-1.544174">
        <ele>105.25</ele>
      </trkpt>
      <trkpt lat="53.99502" lon="-1.544334">
        <ele>103.75</ele>
      </trkpt>
      <trkpt lat="53.995043" lon="-1.544354">
        <ele>103.75</ele>
      </trkpt>
      <trkpt lat="53.995069" lon="-1.544377">
        <ele>103.75</ele>
      </trkpt>
      <trkpt lat="53.995323" lon="-1.544613">
        <ele>104</ele>
      </trkpt>
      <trkpt lat="53.995429" lon="-1.544711">
        <ele>104.25</ele>
      </trkpt>
      <trkpt lat="53.995663" lon="-1.544916">
        <ele>105</ele>
      </trkpt>
      <trkpt lat="53.996253" lon="-1.545422">
        <ele>110</ele>
      </trkpt>
      <trkpt lat="53.996474" lon="-1.545588">
        <ele>111.75</ele>
      </trkpt>
      <trkpt lat="53.99673" lon="-1.545798">
        <ele>113.75</ele>
      </trkpt>
      <trkpt lat="53.996938" lon="-1.545939">
        <ele>114.5</ele>
      </trkpt>
      <trkpt lat="53.997162" lon="-1.54611">
        <ele>115.25</ele>
      </trkpt>
      <trkpt lat="53.997263" lon="-1.546186">
        <ele>115.5</ele>
      </trkpt>
      <trkpt lat="53.997533" lon="-1.546369">
        <ele>116</ele>
      </trkpt>
      <trkpt lat="53.997707" lon="-1.546446">
        <ele>116</ele>
      </trkpt>
      <trkpt lat="53.998296" lon="-1.54667">
        <ele>115</ele>
      </trkpt>
      <trkpt lat="53.998519" lon="-1.546746">
        <ele>114.25</ele>
      </trkpt>
      <trkpt lat="53.998709" lon="-1.546811">
        <ele>113.25</ele>
      </trkpt>
      <trkpt lat="53.998968" lon="-1.546892">
        <ele>112.25</ele>
      </trkpt>
      <trkpt lat="53.9997" lon="-1.547158">
        <ele>106.75</ele>
      </trkpt>
      <trkpt lat="54.000675" lon="-1.547492">
        <ele>95.75</ele>
      </trkpt>
      <trkpt lat="54.000822" lon="-1.547542">
        <ele>94</ele>
      </trkpt>
      <trkpt lat="54.000844" lon="-1.547551">
        <ele>93.75</ele>
      </trkpt>
      <trkpt lat="54.000908" lon="-1.547573">
        <ele>93</ele>
      </trkpt>
      <trkpt lat="54.001011" lon="-1.547608">
        <ele>92</ele>
      </trkpt>
      <trkpt lat="54.002479" lon="-1.548106">
        <ele>80</ele>
      </trkpt>
      <trkpt lat="54.002634" lon="-1.548175">
        <ele>79.75</ele>
      </trkpt>
      <trkpt lat="54.003164" lon="-1.548403">
        <ele>79</ele>
      </trkpt>
      <trkpt lat="54.003351" lon="-1.54851">
        <ele>78.5</ele>
      </trkpt>
      <trkpt lat="54.00352" lon="-1.548606">
        <ele>79.25</ele>
      </trkpt>
      <trkpt lat="54.003736" lon="-1.54875">
        <ele>80</ele>
      </trkpt>
      <trkpt lat="54.00412" lon="-1.549001">
        <ele>80.75</ele>
      </trkpt>
      <trkpt lat="54.004498" lon="-1.549298">
        <ele>79.5</ele>
      </trkpt>
      <trkpt lat="54.004615" lon="-1.549383">
        <ele>79</ele>
      </trkpt>
      <trkpt lat="54.004928" lon="-1.54955">
        <ele>78.5</ele>
      </trkpt>
      <trkpt lat="54.005296" lon="-1.549703">
        <ele>78.25</ele>
      </trkpt>
      <trkpt lat="54.005452" lon="-1.549768">
        <ele>78.25</ele>
      </trkpt>
      <trkpt lat="54.005713" lon="-1.549878">
        <ele>78.25</ele>
      </trkpt>
      <trkpt lat="54.006157" lon="-1.550119">
        <ele>78.25</ele>
      </trkpt>
      <trkpt lat="54.006417" lon="-1.55027">
        <ele>78</ele>
      </trkpt>
      <trkpt lat="54.006571" lon="-1.550409">
        <ele>77.75</ele>
      </trkpt>
      <trkpt lat="54.006786" lon="-1.550613">
        <ele>77</ele>
      </trkpt>
      <trkpt lat="54.007152" lon="-1.550938">
        <ele>76.25</ele>
      </trkpt>
      <trkpt lat="54.007285" lon="-1.551095">
        <ele>76</ele>
      </trkpt>
      <trkpt lat="54.007309" lon="-1.551198">
        <ele>75.75</ele>
      </trkpt>
      <trkpt lat="54.007333" lon="-1.55129">
        <ele>75.5</ele>
      </trkpt>
      <trkpt lat="54.007368" lon="-1.551362">
        <ele>75.25</ele>
      </trkpt>
      <trkpt lat="54.007408" lon="-1.551398">
        <ele>75.25</ele>
      </trkpt>
      <trkpt lat="54.007451" lon="-1.551414">
        <ele>75.5</ele>
      </trkpt>
      <trkpt lat="54.007483" lon="-1.551415">
        <ele>75.5</ele>
      </trkpt>
      <trkpt lat="54.007499" lon="-1.551408">
        <ele>75.5</ele>
      </trkpt>
      <trkpt lat="54.007553" lon="-1.55142">
        <ele>75.75</ele>
      </trkpt>
      <trkpt lat="54.007721" lon="-1.55151">
        <ele>76.25</ele>
      </trkpt>
      <trkpt lat="54.007795" lon="-1.55154">
        <ele>76.75</ele>
      </trkpt>
      <trkpt lat="54.007994" lon="-1.551717">
        <ele>77</ele>
      </trkpt>
      <trkpt lat="54.008029" lon="-1.551749">
        <ele>77.25</ele>
      </trkpt>
      <trkpt lat="54.008455" lon="-1.552126">
        <ele>78.5</ele>
      </trkpt>
      <trkpt lat="54.0085" lon="-1.552167">
        <ele>78.75</ele>
      </trkpt>
      <trkpt lat="54.009106" lon="-1.552707">
        <ele>81.25</ele>
      </trkpt>
      <trkpt lat="54.009435" lon="-1.552997">
        <ele>81.25</ele>
      </trkpt>
      <trkpt lat="54.009634" lon="-1.553173">
        <ele>80.75</ele>
      </trkpt>
      <trkpt lat="54.010194" lon="-1.553671">
        <ele>79.5</ele>
      </trkpt>
      <trkpt lat="54.010362" lon="-1.553812">
        <ele>79.5</ele>
      </trkpt>
      <trkpt lat="54.010695" lon="-1.554128">
        <ele>78</ele>
      </trkpt>
      <trkpt lat="54.010785" lon="-1.5542">
        <ele>77.75</ele>
      </trkpt>
      <trkpt lat="54.01177" lon="-1.554986">
        <ele>73.75</ele>
      </trkpt>
      <trkpt lat="54.012205" lon="-1.555316">
        <ele>70.25</ele>
      </trkpt>
      <trkpt lat="54.012527" lon="-1.555651">
        <ele>67.75</ele>
      </trkpt>
      <trkpt lat="54.012707" lon="-1.555892">
        <ele>66</ele>
      </trkpt>
      <trkpt lat="54.012858" lon="-1.556123">
        <ele>64.5</ele>
      </trkpt>
      <trkpt lat="54.013034" lon="-1.556385">
        <ele>63</ele>
      </trkpt>
      <trkpt lat="54.013936" lon="-1.557824">
        <ele>67.5</ele>
      </trkpt>
      <trkpt lat="54.013996" lon="-1.55792">
        <ele>68.25</ele>
      </trkpt>
      <trkpt lat="54.014083" lon="-1.558059">
        <ele>69.25</ele>
      </trkpt>
      <trkpt lat="54.014174" lon="-1.558173">
        <ele>70.25</ele>
      </trkpt>
      <trkpt lat="54.014415" lon="-1.558447">
        <ele>73.25</ele>
      </trkpt>
      <trkpt lat="54.014703" lon="-1.558669">
        <ele>76</ele>
      </trkpt>
      <trkpt lat="54.014985" lon="-1.558855">
        <ele>78</ele>
      </trkpt>
      <trkpt lat="54.015063" lon="-1.558896">
        <ele>78.5</ele>
      </trkpt>
      <trkpt lat="54.015272" lon="-1.559008">
        <ele>79.75</ele>
      </trkpt>
      <trkpt lat="54.015584" lon="-1.559184">
        <ele>81.25</ele>
      </trkpt>
      <trkpt lat="54.015742" lon="-1.559278">
        <ele>82</ele>
      </trkpt>
      <trkpt lat="54.015805" lon="-1.559325">
        <ele>82.25</ele>
      </trkpt>
      <trkpt lat="54.01595" lon="-1.559434">
        <ele>83.25</ele>
      </trkpt>
      <trkpt lat="54.016115" lon="-1.55958">
        <ele>84.25</ele>
      </trkpt>
      <trkpt lat="54.016392" lon="-1.559885">
        <ele>86.25</ele>
      </trkpt>
      <trkpt lat="54.0164" lon="-1.559893">
        <ele>86.5</ele>
      </trkpt>
      <trkpt lat="54.016996" lon="-1.560542">
        <ele>90.25</ele>
      </trkpt>
      <trkpt lat="54.017094" lon="-1.560646">
        <ele>90.75</ele>
      </trkpt>
      <trkpt lat="54.017506" lon="-1.561088">
        <ele>92.5</ele>
      </trkpt>
      <trkpt lat="54.018154" lon="-1.561767">
        <ele>93.25</ele>
      </trkpt>
      <trkpt lat="54.018687" lon="-1.562309">
        <ele>94.25</ele>
      </trkpt>
      <trkpt lat="54.019019" lon="-1.562697">
        <ele>95.25</ele>
      </trkpt>
      <trkpt lat="54.019163" lon="-1.562864">
        <ele>95.75</ele>
      </trkpt>
      <trkpt lat="54.019526" lon="-1.56323">
        <ele>96.25</ele>
      </trkpt>
      <trkpt lat="54.019775" lon="-1.563459">
        <ele>96.5</ele>
      </trkpt>
      <trkpt lat="54.020182" lon="-1.563795">
        <ele>96.75</ele>
      </trkpt>
      <trkpt lat="54.021006" lon="-1.564372">
        <ele>97</ele>
      </trkpt>
      <trkpt lat="54.021234" lon="-1.564508">
        <ele>96.75</ele>
      </trkpt>
      <trkpt lat="54.021436" lon="-1.564575">
        <ele>96.75</ele>
      </trkpt>
      <trkpt lat="54.021838" lon="-1.564669">
        <ele>95.75</ele>
      </trkpt>
      <trkpt lat="54.022298" lon="-1.564735">
        <ele>93.5</ele>
      </trkpt>
      <trkpt lat="54.02246" lon="-1.564753">
        <ele>92.75</ele>
      </trkpt>
      <trkpt lat="54.022681" lon="-1.564759">
        <ele>92.5</ele>
      </trkpt>
      <trkpt lat="54.022799" lon="-1.564746">
        <ele>92.5</ele>
      </trkpt>
      <trkpt lat="54.022987" lon="-1.5647">
        <ele>92.5</ele>
      </trkpt>
      <trkpt lat="54.023212" lon="-1.564623">
        <ele>92.5</ele>
      </trkpt>
      <trkpt lat="54.023375" lon="-1.564555">
        <ele>92.25</ele>
      </trkpt>
      <trkpt lat="54.023609" lon="-1.564441">
        <ele>91.75</ele>
      </trkpt>
      <trkpt lat="54.023835" lon="-1.56433">
        <ele>91.25</ele>
      </trkpt>
      <trkpt lat="54.024071" lon="-1.564242">
        <ele>91</ele>
      </trkpt>
      <trkpt lat="54.024156" lon="-1.564217">
        <ele>91</ele>
      </trkpt>
      <trkpt lat="54.024318" lon="-1.564169">
        <ele>90.25</ele>
      </trkpt>
      <trkpt lat="54.024552" lon="-1.564128">
        <ele>89.5</ele>
      </trkpt>
      <trkpt lat="54.025081" lon="-1.564133">
        <ele>87.75</ele>
      </trkpt>
      <trkpt lat="54.025564" lon="-1.564159">
        <ele>87.25</ele>
      </trkpt>
      <trkpt lat="54.025841" lon="-1.564209">
        <ele>86.75</ele>
      </trkpt>
      <trkpt lat="54.026035" lon="-1.564286">
        <ele>86.25</ele>
      </trkpt>
      <trkpt lat="54.026142" lon="-1.564341">
        <ele>85.75</ele>
      </trkpt>
      <trkpt lat="54.026427" lon="-1.564543">
        <ele>84.75</ele>
      </trkpt>
      <trkpt lat="54.026519" lon="-1.564631">
        <ele>84.5</ele>
      </trkpt>
      <trkpt lat="54.026581" lon="-1.56471">
        <ele>84.25</ele>
      </trkpt>
      <trkpt lat="54.026688" lon="-1.564841">
        <ele>83.75</ele>
      </trkpt>
      <trkpt lat="54.026811" lon="-1.565024">
        <ele>83.5</ele>
      </trkpt>
      <trkpt lat="54.027146" lon="-1.565533">
        <ele>81</ele>
      </trkpt>
      <trkpt lat="54.027249" lon="-1.565664">
        <ele>80</ele>
      </trkpt>
      <trkpt lat="54.027351" lon="-1.565758">
        <ele>79</ele>
      </trkpt>
      <trkpt lat="54.027478" lon="-1.565825">
        <ele>78</ele>
      </trkpt>
      <trkpt lat="54.027575" lon="-1.565864">
        <ele>77.25</ele>
      </trkpt>
      <trkpt lat="54.027697" lon="-1.565873">
        <ele>76.5</ele>
      </trkpt>
      <trkpt lat="54.027803" lon="-1.565865">
        <ele>75.75</ele>
      </trkpt>
      <trkpt lat="54.028105" lon="-1.565722">
        <ele>75</ele>
      </trkpt>
      <trkpt lat="54.028389" lon="-1.565509">
        <ele>75.25</ele>
      </trkpt>
      <trkpt lat="54.028662" lon="-1.565319">
        <ele>75</ele>
      </trkpt>
      <trkpt lat="54.02879" lon="-1.565246">
        <ele>75</ele>
      </trkpt>
      <trkpt lat="54.02891" lon="-1.565177">
        <ele>74.75</ele>
      </trkpt>
      <trkpt lat="54.029644" lon="-1.564952">
        <ele>71.5</ele>
      </trkpt>
      <trkpt lat="54.029788" lon="-1.564888">
        <ele>70.75</ele>
      </trkpt>
      <trkpt lat="54.029893" lon="-1.564846">
        <ele>70.25</ele>
      </trkpt>
      <trkpt lat="54.030165" lon="-1.564656">
        <ele>68.75</ele>
      </trkpt>
      <trkpt lat="54.030436" lon="-1.56442">
        <ele>67.5</ele>
      </trkpt>
      <trkpt lat="54.030749" lon="-1.564171">
        <ele>66.5</ele>
      </trkpt>
      <trkpt lat="54.031112" lon="-1.563941">
        <ele>65.25</ele>
      </trkpt>
      <trkpt lat="54.031315" lon="-1.563859">
        <ele>64</ele>
      </trkpt>
      <trkpt lat="54.031521" lon="-1.563803">
        <ele>62.5</ele>
      </trkpt>
      <trkpt lat="54.03195" lon="-1.563736">
        <ele>60.5</ele>
      </trkpt>
      <trkpt lat="54.032513" lon="-1.563682">
        <ele>58.5</ele>
      </trkpt>
      <trkpt lat="54.033774" lon="-1.563614">
        <ele>67.75</ele>
      </trkpt>
      <trkpt lat="54.034086" lon="-1.563622">
        <ele>69.75</ele>
      </trkpt>
      <trkpt lat="54.034425" lon="-1.563662">
        <ele>70.25</ele>
      </trkpt>
      <trkpt lat="54.034802" lon="-1.563727">
        <ele>70.25</ele>
      </trkpt>
      <trkpt lat="54.035183" lon="-1.563822">
        <ele>70.75</ele>
      </trkpt>
      <trkpt lat="54.035516" lon="-1.563922">
        <ele>71.25</ele>
      </trkpt>
      <trkpt lat="54.03634" lon="-1.56426">
        <ele>71.25</ele>
      </trkpt>
      <trkpt lat="54.036506" lon="-1.56436">
        <ele>71</ele>
      </trkpt>
      <trkpt lat="54.036665" lon="-1.564481">
        <ele>71</ele>
      </trkpt>
      <trkpt lat="54.036687" lon="-1.564559">
        <ele>71</ele>
      </trkpt>
      <trkpt lat="54.036724" lon="-1.564625">
        <ele>71</ele>
      </trkpt>
      <trkpt lat="54.036777" lon="-1.56467">
        <ele>71</ele>
      </trkpt>
      <trkpt lat="54.036844" lon="-1.564679">
        <ele>71</ele>
      </trkpt>
      <trkpt lat="54.036913" lon="-1.564635">
        <ele>71.25</ele>
      </trkpt>
      <trkpt lat="54.036957" lon="-1.564564">
        <ele>71.25</ele>
      </trkpt>
      <trkpt lat="54.036967" lon="-1.564538">
        <ele>71.25</ele>
      </trkpt>
      <trkpt lat="54.037203" lon="-1.564566">
        <ele>71.5</ele>
      </trkpt>
      <trkpt lat="54.037366" lon="-1.564576">
        <ele>71.75</ele>
      </trkpt>
      <trkpt lat="54.037818" lon="-1.564664">
        <ele>71.75</ele>
      </trkpt>
      <trkpt lat="54.039587" lon="-1.565091">
        <ele>73</ele>
      </trkpt>
      <trkpt lat="54.039896" lon="-1.565166">
        <ele>73</ele>
      </trkpt>
      <trkpt lat="54.041145" lon="-1.565474">
        <ele>74.75</ele>
      </trkpt>
      <trkpt lat="54.041388" lon="-1.565597">
        <ele>75.25</ele>
      </trkpt>
      <trkpt lat="54.041495" lon="-1.565671">
        <ele>75.5</ele>
      </trkpt>
      <trkpt lat="54.04151" lon="-1.565732">
        <ele>75.5</ele>
      </trkpt>
      <trkpt lat="54.041544" lon="-1.565801">
        <ele>75.75</ele>
      </trkpt>
      <trkpt lat="54.041564" lon="-1.565829">
        <ele>75.75</ele>
      </trkpt>
      <trkpt lat="54.041607" lon="-1.565861">
        <ele>75.75</ele>
      </trkpt>
      <trkpt lat="54.041654" lon="-1.565871">
        <ele>76</ele>
      </trkpt>
      <trkpt lat="54.0417" lon="-1.565857">
        <ele>76</ele>
      </trkpt>
      <trkpt lat="54.041742" lon="-1.56582">
        <ele>76</ele>
      </trkpt>
      <trkpt lat="54.041776" lon="-1.565764">
        <ele>76</ele>
      </trkpt>
      <trkpt lat="54.041924" lon="-1.566001">
        <ele>76.5</ele>
      </trkpt>
      <trkpt lat="54.042048" lon="-1.566169">
        <ele>76.75</ele>
      </trkpt>
      <trkpt lat="54.042343" lon="-1.56651">
        <ele>77.5</ele>
      </trkpt>
      <trkpt lat="54.042763" lon="-1.566995">
        <ele>79</ele>
      </trkpt>
      <trkpt lat="54.042778" lon="-1.567014">
        <ele>79</ele>
      </trkpt>
      <trkpt lat="54.043422" lon="-1.567636">
        <ele>81.25</ele>
      </trkpt>
      <trkpt lat="54.043699" lon="-1.567807">
        <ele>81.5</ele>
      </trkpt>
      <trkpt lat="54.043886" lon="-1.567977">
        <ele>81.75</ele>
      </trkpt>
      <trkpt lat="54.044153" lon="-1.568274">
        <ele>81.75</ele>
      </trkpt>
      <trkpt lat="54.044458" lon="-1.568722">
        <ele>81.5</ele>
      </trkpt>
      <trkpt lat="54.044605" lon="-1.568995">
        <ele>81.25</ele>
      </trkpt>
      <trkpt lat="54.044739" lon="-1.56929">
        <ele>80.75</ele>
      </trkpt>
      <trkpt lat="54.044806" lon="-1.569496">
        <ele>80.5</ele>
      </trkpt>
      <trkpt lat="54.044866" lon="-1.569732">
        <ele>80.25</ele>
      </trkpt>
      <trkpt lat="54.045031" lon="-1.570504">
        <ele>77.5</ele>
      </trkpt>
      <trkpt lat="54.045233" lon="-1.571569">
        <ele>74</ele>
      </trkpt>
      <trkpt lat="54.045326" lon="-1.571924">
        <ele>73.25</ele>
      </trkpt>
      <trkpt lat="54.045381" lon="-1.572106">
        <ele>73</ele>
      </trkpt>
      <trkpt lat="54.045645" lon="-1.572713">
        <ele>72.75</ele>
      </trkpt>
      <trkpt lat="54.045857" lon="-1.573159">
        <ele>73.25</ele>
      </trkpt>
      <trkpt lat="54.046096" lon="-1.573607">
        <ele>73.25</ele>
      </trkpt>
      <trkpt lat="54.046547" lon="-1.574338">
        <ele>75</ele>
      </trkpt>
      <trkpt lat="54.046725" lon="-1.574575">
        <ele>76</ele>
      </trkpt>
      <trkpt lat="54.047399" lon="-1.575401">
        <ele>78</ele>
      </trkpt>
      <trkpt lat="54.047531" lon="-1.575626">
        <ele>78.25</ele>
      </trkpt>
      <trkpt lat="54.047624" lon="-1.57588">
        <ele>78.75</ele>
      </trkpt>
      <trkpt lat="54.047694" lon="-1.576161">
        <ele>79.25</ele>
      </trkpt>
      <trkpt lat="54.047802" lon="-1.576833">
        <ele>79.25</ele>
      </trkpt>
      <trkpt lat="54.04788" lon="-1.577204">
        <ele>78</ele>
      </trkpt>
      <trkpt lat="54.047939" lon="-1.577432">
        <ele>77.25</ele>
      </trkpt>
      <trkpt lat="54.047997" lon="-1.577594">
        <ele>77</ele>
      </trkpt>
      <trkpt lat="54.048101" lon="-1.577833">
        <ele>77</ele>
      </trkpt>
      <trkpt lat="54.048295" lon="-1.578155">
        <ele>77.25</ele>
      </trkpt>
      <trkpt lat="54.048555" lon="-1.578482">
        <ele>77</ele>
      </trkpt>
      <trkpt lat="54.048881" lon="-1.578999">
        <ele>75.75</ele>
      </trkpt>
      <trkpt lat="54.04905" lon="-1.579336">
        <ele>74.75</ele>
      </trkpt>
      <trkpt lat="54.04915" lon="-1.579605">
        <ele>73.75</ele>
      </trkpt>
      <trkpt lat="54.049195" lon="-1.579752">
        <ele>73</ele>
      </trkpt>
      <trkpt lat="54.049239" lon="-1.579893">
        <ele>72.5</ele>
      </trkpt>
      <trkpt lat="54.04929" lon="-1.580163">
        <ele>71.5</ele>
      </trkpt>
      <trkpt lat="54.049302" lon="-1.580466">
        <ele>70.25</ele>
      </trkpt>
      <trkpt lat="54.049306" lon="-1.580845">
        <ele>69</ele>
      </trkpt>
      <trkpt lat="54.049334" lon="-1.580981">
        <ele>68.5</ele>
      </trkpt>
      <trkpt lat="54.049372" lon="-1.581106">
        <ele>68.25</ele>
      </trkpt>
      <trkpt lat="54.049451" lon="-1.581299">
        <ele>67.75</ele>
      </trkpt>
      <trkpt lat="54.049483" lon="-1.581379">
        <ele>67.5</ele>
      </trkpt>
      <trkpt lat="54.049563" lon="-1.581576">
        <ele>67</ele>
      </trkpt>
      <trkpt lat="54.049635" lon="-1.581706">
        <ele>67</ele>
      </trkpt>
      <trkpt lat="54.050059" lon="-1.58249">
        <ele>69</ele>
      </trkpt>
      <trkpt lat="54.050407" lon="-1.583061">
        <ele>69.25</ele>
      </trkpt>
      <trkpt lat="54.050544" lon="-1.583348">
        <ele>69.5</ele>
      </trkpt>
      <trkpt lat="54.050595" lon="-1.583495">
        <ele>70.25</ele>
      </trkpt>
      <trkpt lat="54.050673" lon="-1.583775">
        <ele>71.75</ele>
      </trkpt>
      <trkpt lat="54.050747" lon="-1.584121">
        <ele>73.5</ele>
      </trkpt>
      <trkpt lat="54.05078" lon="-1.584394">
        <ele>74.75</ele>
      </trkpt>
      <trkpt lat="54.050803" lon="-1.584695">
        <ele>75.75</ele>
      </trkpt>
      <trkpt lat="54.050806" lon="-1.584936">
        <ele>76.5</ele>
      </trkpt>
      <trkpt lat="54.050797" lon="-1.585206">
        <ele>77.5</ele>
      </trkpt>
      <trkpt lat="54.050762" lon="-1.585515">
        <ele>78.75</ele>
      </trkpt>
      <trkpt lat="54.050718" lon="-1.585804">
        <ele>80</ele>
      </trkpt>
      <trkpt lat="54.05064" lon="-1.586195">
        <ele>81.75</ele>
      </trkpt>
      <trkpt lat="54.050568" lon="-1.586495">
        <ele>83.5</ele>
      </trkpt>
      <trkpt lat="54.050373" lon="-1.587324">
        <ele>88.25</ele>
      </trkpt>
      <trkpt lat="54.050254" lon="-1.587832">
        <ele>91.75</ele>
      </trkpt>
      <trkpt lat="54.049978" lon="-1.589003">
        <ele>99.25</ele>
      </trkpt>
      <trkpt lat="54.049441" lon="-1.591526">
        <ele>114</ele>
      </trkpt>
      <trkpt lat="54.049344" lon="-1.591948">
        <ele>116.75</ele>
      </trkpt>
      <trkpt lat="54.049273" lon="-1.592254">
        <ele>118.5</ele>
      </trkpt>
      <trkpt lat="54.049166" lon="-1.592634">
        <ele>120.5</ele>
      </trkpt>
      <trkpt lat="54.049082" lon="-1.592869">
        <ele>121.75</ele>
      </trkpt>
      <trkpt lat="54.048867" lon="-1.593386">
        <ele>124.75</ele>
      </trkpt>
      <trkpt lat="54.048751" lon="-1.593643">
        <ele>126.25</ele>
      </trkpt>
      <trkpt lat="54.048642" lon="-1.593888">
        <ele>127.75</ele>
      </trkpt>
      <trkpt lat="54.048531" lon="-1.59417">
        <ele>129.5</ele>
      </trkpt>
      <trkpt lat="54.04849" lon="-1.594315">
        <ele>130.25</ele>
      </trkpt>
      <trkpt lat="54.048448" lon="-1.594464">
        <ele>131</ele>
      </trkpt>
      <trkpt lat="54.048285" lon="-1.594912">
        <ele>133.5</ele>
      </trkpt>
      <trkpt lat="54.048183" lon="-1.595073">
        <ele>134.5</ele>
      </trkpt>
      <trkpt lat="54.047928" lon="-1.595387">
        <ele>136.25</ele>
      </trkpt>
      <trkpt lat="54.047802" lon="-1.595575">
        <ele>137.25</ele>
      </trkpt>
      <trkpt lat="54.047714" lon="-1.595735">
        <ele>138.25</ele>
      </trkpt>
      <trkpt lat="54.047631" lon="-1.595934">
        <ele>139.25</ele>
      </trkpt>
      <trkpt lat="54.047552" lon="-1.596206">
        <ele>140.5</ele>
      </trkpt>
      <trkpt lat="54.047107" lon="-1.59837">
        <ele>147</ele>
      </trkpt>
      <trkpt lat="54.046937" lon="-1.599201">
        <ele>147.5</ele>
      </trkpt>
      <trkpt lat="54.046401" lon="-1.6018">
        <ele>146.75</ele>
      </trkpt>
      <trkpt lat="54.046237" lon="-1.602696">
        <ele>145.75</ele>
      </trkpt>
      <trkpt lat="54.046122" lon="-1.603321">
        <ele>145.5</ele>
      </trkpt>
      <trkpt lat="54.046027" lon="-1.603992">
        <ele>145.75</ele>
      </trkpt>
      <trkpt lat="54.046009" lon="-1.60412">
        <ele>145.75</ele>
      </trkpt>
      <trkpt lat="54.045904" lon="-1.604843">
        <ele>146.5</ele>
      </trkpt>
      <trkpt lat="54.045785" lon="-1.605976">
        <ele>147</ele>
      </trkpt>
      <trkpt lat="54.045752" lon="-1.606289">
        <ele>147</ele>
      </trkpt>
      <trkpt lat="54.04564" lon="-1.607331">
        <ele>146.75</ele>
      </trkpt>
      <trkpt lat="54.045591" lon="-1.607858">
        <ele>146.75</ele>
      </trkpt>
      <trkpt lat="54.045582" lon="-1.607951">
        <ele>146.75</ele>
      </trkpt>
      <trkpt lat="54.045553" lon="-1.608268">
        <ele>147</ele>
      </trkpt>
      <trkpt lat="54.045525" lon="-1.608761">
        <ele>147.5</ele>
      </trkpt>
      <trkpt lat="54.045523" lon="-1.608794">
        <ele>147.5</ele>
      </trkpt>
      <trkpt lat="54.045494" lon="-1.609526">
        <ele>148.25</ele>
      </trkpt>
      <trkpt lat="54.045471" lon="-1.611461">
        <ele>156</ele>
      </trkpt>
      <trkpt lat="54.045463" lon="-1.61266">
        <ele>162</ele>
      </trkpt>
      <trkpt lat="54.045512" lon="-1.613349">
        <ele>165.25</ele>
      </trkpt>
      <trkpt lat="54.045664" lon="-1.614654">
        <ele>166.75</ele>
      </trkpt>
      <trkpt lat="54.045723" lon="-1.615148">
        <ele>167.25</ele>
      </trkpt>
      <trkpt lat="54.045794" lon="-1.615726">
        <ele>167.75</ele>
      </trkpt>
      <trkpt lat="54.045858" lon="-1.616252">
        <ele>167.75</ele>
      </trkpt>
      <trkpt lat="54.045875" lon="-1.616397">
        <ele>167.75</ele>
      </trkpt>
      <trkpt lat="54.045896" lon="-1.616578">
        <ele>167.5</ele>
      </trkpt>
      <trkpt lat="54.04593" lon="-1.616872">
        <ele>167</ele>
      </trkpt>
      <trkpt lat="54.045957" lon="-1.617104">
        <ele>166.25</ele>
      </trkpt>
      <trkpt lat="54.046018" lon="-1.617567">
        <ele>164.75</ele>
      </trkpt>
      <trkpt lat="54.046059" lon="-1.617968">
        <ele>163.75</ele>
      </trkpt>
      <trkpt lat="54.046094" lon="-1.61831">
        <ele>163</ele>
      </trkpt>
      <trkpt lat="54.046218" lon="-1.619258">
        <ele>162</ele>
      </trkpt>
      <trkpt lat="54.046317" lon="-1.620023">
        <ele>161.25</ele>
      </trkpt>
      <trkpt lat="54.046397" lon="-1.620482">
        <ele>161.5</ele>
      </trkpt>
      <trkpt lat="54.046588" lon="-1.621366">
        <ele>163</ele>
      </trkpt>
      <trkpt lat="54.046608" lon="-1.621458">
        <ele>163.25</ele>
      </trkpt>
      <trkpt lat="54.046667" lon="-1.621938">
        <ele>163.5</ele>
      </trkpt>
      <trkpt lat="54.046746" lon="-1.621979">
        <ele>163.5</ele>
      </trkpt>
      <trkpt lat="54.046809" lon="-1.622035">
        <ele>163.25</ele>
      </trkpt>
      <trkpt lat="54.046879" lon="-1.622163">
        <ele>163</ele>
      </trkpt>
      <trkpt lat="54.047113" lon="-1.622717">
        <ele>163</ele>
      </trkpt>
      <trkpt lat="54.047418" lon="-1.623412">
        <ele>163.5</ele>
      </trkpt>
      <trkpt lat="54.047654" lon="-1.624341">
        <ele>162.75</ele>
      </trkpt>
      <trkpt lat="54.047946" lon="-1.625179">
        <ele>162.75</ele>
      </trkpt>
      <trkpt lat="54.048025" lon="-1.625369">
        <ele>162.5</ele>
      </trkpt>
      <trkpt lat="54.048303" lon="-1.626111">
        <ele>162.75</ele>
      </trkpt>
      <trkpt lat="54.048457" lon="-1.626537">
        <ele>162.5</ele>
      </trkpt>
      <trkpt lat="54.0485" lon="-1.626676">
        <ele>162.5</ele>
      </trkpt>
      <trkpt lat="54.048829" lon="-1.627852">
        <ele>161.75</ele>
      </trkpt>
      <trkpt lat="54.049036" lon="-1.628717">
        <ele>160.75</ele>
      </trkpt>
      <trkpt lat="54.049377" lon="-1.630277">
        <ele>157</ele>
      </trkpt>
      <trkpt lat="54.049419" lon="-1.630439">
        <ele>156.75</ele>
      </trkpt>
      <trkpt lat="54.049453" lon="-1.630601">
        <ele>156.5</ele>
      </trkpt>
      <trkpt lat="54.049961" lon="-1.632286">
        <ele>154.25</ele>
      </trkpt>
      <trkpt lat="54.050056" lon="-1.632606">
        <ele>153.5</ele>
      </trkpt>
      <trkpt lat="54.050333" lon="-1.633441">
        <ele>152.5</ele>
      </trkpt>
      <trkpt lat="54.050593" lon="-1.634254">
        <ele>153</ele>
      </trkpt>
      <trkpt lat="54.050801" lon="-1.634948">
        <ele>153</ele>
      </trkpt>
      <trkpt lat="54.0509" lon="-1.635344">
        <ele>153.75</ele>
      </trkpt>
      <trkpt lat="54.050983" lon="-1.635753">
        <ele>154.5</ele>
      </trkpt>
      <trkpt lat="54.05135" lon="-1.637399">
        <ele>156.75</ele>
      </trkpt>
      <trkpt lat="54.051679" lon="-1.638912">
        <ele>158.5</ele>
      </trkpt>
      <trkpt lat="54.051924" lon="-1.639856">
        <ele>159.5</ele>
      </trkpt>
      <trkpt lat="54.051995" lon="-1.639996">
        <ele>159.5</ele>
      </trkpt>
      <trkpt lat="54.052151" lon="-1.640514">
        <ele>160.25</ele>
      </trkpt>
      <trkpt lat="54.052182" lon="-1.640625">
        <ele>160.5</ele>
      </trkpt>
      <trkpt lat="54.052245" lon="-1.640927">
        <ele>161</ele>
      </trkpt>
      <trkpt lat="54.05231" lon="-1.641392">
        <ele>161.5</ele>
      </trkpt>
      <trkpt lat="54.052313" lon="-1.64179">
        <ele>162.25</ele>
      </trkpt>
      <trkpt lat="54.052288" lon="-1.64253">
        <ele>164</ele>
      </trkpt>
      <trkpt lat="54.052286" lon="-1.643326">
        <ele>164.75</ele>
      </trkpt>
      <trkpt lat="54.052319" lon="-1.643505">
        <ele>165</ele>
      </trkpt>
      <trkpt lat="54.05242" lon="-1.64376">
        <ele>165.25</ele>
      </trkpt>
      <trkpt lat="54.052575" lon="-1.644018">
        <ele>165.75</ele>
      </trkpt>
      <trkpt lat="54.052765" lon="-1.644447">
        <ele>167</ele>
      </trkpt>
      <trkpt lat="54.05317" lon="-1.645618">
        <ele>170.25</ele>
      </trkpt>
      <trkpt lat="54.053319" lon="-1.645996">
        <ele>172</ele>
      </trkpt>
      <trkpt lat="54.053625" lon="-1.646676">
        <ele>173.25</ele>
      </trkpt>
      <trkpt lat="54.053814" lon="-1.647045">
        <ele>172.75</ele>
      </trkpt>
      <trkpt lat="54.054126" lon="-1.647533">
        <ele>171.75</ele>
      </trkpt>
      <trkpt lat="54.054428" lon="-1.648059">
        <ele>167.75</ele>
      </trkpt>
      <trkpt lat="54.054557" lon="-1.648298">
        <ele>165.25</ele>
      </trkpt>
      <trkpt lat="54.054744" lon="-1.648735">
        <ele>162.75</ele>
      </trkpt>
      <trkpt lat="54.055146" lon="-1.649762">
        <ele>157.75</ele>
      </trkpt>
      <trkpt lat="54.055312" lon="-1.650169">
        <ele>156</ele>
      </trkpt>
      <trkpt lat="54.055695" lon="-1.650881">
        <ele>153.75</ele>
      </trkpt>
      <trkpt lat="54.056155" lon="-1.651685">
        <ele>152.75</ele>
      </trkpt>
      <trkpt lat="54.056545" lon="-1.65249">
        <ele>152</ele>
      </trkpt>
      <trkpt lat="54.056828" lon="-1.652863">
        <ele>152</ele>
      </trkpt>
      <trkpt lat="54.057024" lon="-1.653151">
        <ele>153</ele>
      </trkpt>
      <trkpt lat="54.057314" lon="-1.653649">
        <ele>154.5</ele>
      </trkpt>
      <trkpt lat="54.058107" lon="-1.655709">
        <ele>161</ele>
      </trkpt>
      <trkpt lat="54.058674" lon="-1.656739">
        <ele>164.5</ele>
      </trkpt>
      <trkpt lat="54.060103" lon="-1.658981">
        <ele>174</ele>
      </trkpt>
      <trkpt lat="54.060254" lon="-1.65911">
        <ele>175</ele>
      </trkpt>
      <trkpt lat="54.061139" lon="-1.659662">
        <ele>181.5</ele>
      </trkpt>
      <trkpt lat="54.062779" lon="-1.660708">
        <ele>187.5</ele>
      </trkpt>
      <trkpt lat="54.063094" lon="-1.660805">
        <ele>187.75</ele>
      </trkpt>
      <trkpt lat="54.063506" lon="-1.660803">
        <ele>188.5</ele>
      </trkpt>
      <trkpt lat="54.063995" lon="-1.66074">
        <ele>190.25</ele>
      </trkpt>
      <trkpt lat="54.064166" lon="-1.66073">
        <ele>190.75</ele>
      </trkpt>
      <trkpt lat="54.064259" lon="-1.660891">
        <ele>191.25</ele>
      </trkpt>
      <trkpt lat="54.064548" lon="-1.661652">
        <ele>193.25</ele>
      </trkpt>
      <trkpt lat="54.064831" lon="-1.66244">
        <ele>193.75</ele>
      </trkpt>
      <trkpt lat="54.065181" lon="-1.663792">
        <ele>197.25</ele>
      </trkpt>
      <trkpt lat="54.065244" lon="-1.664178">
        <ele>198.25</ele>
      </trkpt>
      <trkpt lat="54.065288" lon="-1.664618">
        <ele>198.75</ele>
      </trkpt>
      <trkpt lat="54.065272" lon="-1.665085">
        <ele>198.75</ele>
      </trkpt>
      <trkpt lat="54.065218" lon="-1.666083">
        <ele>198</ele>
      </trkpt>
      <trkpt lat="54.065197" lon="-1.666738">
        <ele>197.75</ele>
      </trkpt>
      <trkpt lat="54.065191" lon="-1.667221">
        <ele>198.75</ele>
      </trkpt>
      <trkpt lat="54.065241" lon="-1.667703">
        <ele>199.75</ele>
      </trkpt>
      <trkpt lat="54.065992" lon="-1.671346">
        <ele>211.5</ele>
      </trkpt>
      <trkpt lat="54.066136" lon="-1.672049">
        <ele>214</ele>
      </trkpt>
      <trkpt lat="54.067603" lon="-1.678844">
        <ele>238</ele>
      </trkpt>
      <trkpt lat="54.068416" lon="-1.682612">
        <ele>249.25</ele>
      </trkpt>
      <trkpt lat="54.068449" lon="-1.682596">
        <ele>249.25</ele>
      </trkpt>
      <trkpt lat="54.06864" lon="-1.682519">
        <ele>249.25</ele>
      </trkpt>
      <trkpt lat="54.068734" lon="-1.682494">
        <ele>249.25</ele>
      </trkpt>
      <trkpt lat="54.06891" lon="-1.682502">
        <ele>249.5</ele>
      </trkpt>
      <trkpt lat="54.069031" lon="-1.682538">
        <ele>249.75</ele>
      </trkpt>
      <trkpt lat="54.069802" lon="-1.682831">
        <ele>250.75</ele>
      </trkpt>
      <trkpt lat="54.069984" lon="-1.682892">
        <ele>250.75</ele>
      </trkpt>
      <trkpt lat="54.071157" lon="-1.683155">
        <ele>255</ele>
      </trkpt>
      <trkpt lat="54.071309" lon="-1.683173">
        <ele>255.5</ele>
      </trkpt>
      <trkpt lat="54.071577" lon="-1.683176">
        <ele>256.5</ele>
      </trkpt>
      <trkpt lat="54.071857" lon="-1.683211">
        <ele>258.5</ele>
      </trkpt>
      <trkpt lat="54.071926" lon="-1.683206">
        <ele>259</ele>
      </trkpt>
      <trkpt lat="54.072018" lon="-1.683176">
        <ele>259.75</ele>
      </trkpt>
      <trkpt lat="54.07259" lon="-1.682971">
        <ele>263</ele>
      </trkpt>
      <trkpt lat="54.073151" lon="-1.68273">
        <ele>261.75</ele>
      </trkpt>
      <trkpt lat="54.074508" lon="-1.682141">
        <ele>258</ele>
      </trkpt>
      <trkpt lat="54.075533" lon="-1.68164">
        <ele>258</ele>
      </trkpt>
      <trkpt lat="54.075545" lon="-1.681633">
        <ele>258</ele>
      </trkpt>
      <trkpt lat="54.075533" lon="-1.68164">
        <ele>258</ele>
      </trkpt>
      <trkpt lat="54.074508" lon="-1.682141">
        <ele>258</ele>
      </trkpt>
      <trkpt lat="54.073151" lon="-1.68273">
        <ele>261.75</ele>
      </trkpt>
      <trkpt lat="54.07259" lon="-1.682971">
        <ele>263</ele>
      </trkpt>
      <trkpt lat="54.072018" lon="-1.683176">
        <ele>259.75</ele>
      </trkpt>
      <trkpt lat="54.071926" lon="-1.683206">
        <ele>259</ele>
      </trkpt>
      <trkpt lat="54.071857" lon="-1.683211">
        <ele>258.5</ele>
      </trkpt>
      <trkpt lat="54.071577" lon="-1.683176">
        <ele>256.5</ele>
      </trkpt>
      <trkpt lat="54.071309" lon="-1.683173">
        <ele>255.5</ele>
      </trkpt>
      <trkpt lat="54.071157" lon="-1.683155">
        <ele>255</ele>
      </trkpt>
      <trkpt lat="54.069984" lon="-1.682892">
        <ele>250.75</ele>
      </trkpt>
      <trkpt lat="54.069802" lon="-1.682831">
        <ele>250.75</ele>
      </trkpt>
      <trkpt lat="54.069031" lon="-1.682538">
        <ele>249.75</ele>
      </trkpt>
      <trkpt lat="54.06891" lon="-1.682502">
        <ele>249.5</ele>
      </trkpt>
      <trkpt lat="54.068734" lon="-1.682494">
        <ele>249.25</ele>
      </trkpt>
      <trkpt lat="54.06864" lon="-1.682519">
        <ele>249.25</ele>
      </trkpt>
      <trkpt lat="54.068449" lon="-1.682596">
        <ele>249.25</ele>
      </trkpt>
      <trkpt lat="54.068416" lon="-1.682612">
        <ele>249.25</ele>
      </trkpt>
      <trkpt lat="54.068614" lon="-1.683382">
        <ele>251</ele>
      </trkpt>
      <trkpt lat="54.068725" lon="-1.683869">
        <ele>250</ele>
      </trkpt>
      <trkpt lat="54.068758" lon="-1.68405">
        <ele>249.75</ele>
      </trkpt>
      <trkpt lat="54.068774" lon="-1.684198">
        <ele>249.5</ele>
      </trkpt>
      <trkpt lat="54.068741" lon="-1.684667">
        <ele>248.75</ele>
      </trkpt>
      <trkpt lat="54.068674" lon="-1.685168">
        <ele>246.25</ele>
      </trkpt>
      <trkpt lat="54.068625" lon="-1.685611">
        <ele>241.25</ele>
      </trkpt>
      <trkpt lat="54.068615" lon="-1.685968">
        <ele>237.5</ele>
      </trkpt>
      <trkpt lat="54.068623" lon="-1.6863">
        <ele>234.25</ele>
      </trkpt>
      <trkpt lat="54.068672" lon="-1.686523">
        <ele>233</ele>
      </trkpt>
      <trkpt lat="54.068751" lon="-1.686716">
        <ele>232.5</ele>
      </trkpt>
      <trkpt lat="54.068929" lon="-1.687212">
        <ele>230.5</ele>
      </trkpt>
      <trkpt lat="54.0693" lon="-1.688205">
        <ele>224.75</ele>
      </trkpt>
      <trkpt lat="54.069398" lon="-1.688505">
        <ele>223</ele>
      </trkpt>
      <trkpt lat="54.069614" lon="-1.689396">
        <ele>217.25</ele>
      </trkpt>
      <trkpt lat="54.069803" lon="-1.689972">
        <ele>213.75</ele>
      </trkpt>
      <trkpt lat="54.069938" lon="-1.690539">
        <ele>211.25</ele>
      </trkpt>
      <trkpt lat="54.0701" lon="-1.691349">
        <ele>207.5</ele>
      </trkpt>
      <trkpt lat="54.070208" lon="-1.692176">
        <ele>205</ele>
      </trkpt>
      <trkpt lat="54.070262" lon="-1.692446">
        <ele>204.25</ele>
      </trkpt>
      <trkpt lat="54.070388" lon="-1.692701">
        <ele>203.75</ele>
      </trkpt>
      <trkpt lat="54.070738" lon="-1.693229">
        <ele>203</ele>
      </trkpt>
      <trkpt lat="54.070909" lon="-1.693535">
        <ele>200.75</ele>
      </trkpt>
      <trkpt lat="54.070999" lon="-1.693787">
        <ele>198.5</ele>
      </trkpt>
      <trkpt lat="54.070997" lon="-1.693938">
        <ele>197</ele>
      </trkpt>
      <trkpt lat="54.070934" lon="-1.694173">
        <ele>195</ele>
      </trkpt>
      <trkpt lat="54.070778" lon="-1.694669">
        <ele>190.5</ele>
      </trkpt>
      <trkpt lat="54.070664" lon="-1.695216">
        <ele>186.25</ele>
      </trkpt>
      <trkpt lat="54.070576" lon="-1.695763">
        <ele>184</ele>
      </trkpt>
      <trkpt lat="54.070575" lon="-1.695901">
        <ele>183.5</ele>
      </trkpt>
      <trkpt lat="54.070612" lon="-1.696239">
        <ele>182.5</ele>
      </trkpt>
      <trkpt lat="54.070655" lon="-1.696532">
        <ele>181.75</ele>
      </trkpt>
      <trkpt lat="54.070686" lon="-1.696837">
        <ele>181</ele>
      </trkpt>
      <trkpt lat="54.070724" lon="-1.697274">
        <ele>180</ele>
      </trkpt>
      <trkpt lat="54.070756" lon="-1.697521">
        <ele>179.5</ele>
      </trkpt>
      <trkpt lat="54.070927" lon="-1.698106">
        <ele>178.5</ele>
      </trkpt>
      <trkpt lat="54.071125" lon="-1.698745">
        <ele>177</ele>
      </trkpt>
      <trkpt lat="54.071258" lon="-1.699272">
        <ele>176.25</ele>
      </trkpt>
      <trkpt lat="54.071401" lon="-1.700022">
        <ele>176.25</ele>
      </trkpt>
      <trkpt lat="54.071476" lon="-1.700248">
        <ele>176.25</ele>
      </trkpt>
      <trkpt lat="54.071611" lon="-1.700553">
        <ele>176</ele>
      </trkpt>
      <trkpt lat="54.071836" lon="-1.700967">
        <ele>174.75</ele>
      </trkpt>
      <trkpt lat="54.072578" lon="-1.702146">
        <ele>167.25</ele>
      </trkpt>
      <trkpt lat="54.072772" lon="-1.702461">
        <ele>164</ele>
      </trkpt>
      <trkpt lat="54.072885" lon="-1.702722">
        <ele>161.5</ele>
      </trkpt>
      <trkpt lat="54.073033" lon="-1.703106">
        <ele>157.75</ele>
      </trkpt>
      <trkpt lat="54.07307" lon="-1.703169">
        <ele>156.75</ele>
      </trkpt>
      <trkpt lat="54.073203" lon="-1.703449">
        <ele>152.5</ele>
      </trkpt>
      <trkpt lat="54.073431" lon="-1.703863">
        <ele>148</ele>
      </trkpt>
      <trkpt lat="54.073526" lon="-1.704059">
        <ele>147.75</ele>
      </trkpt>
      <trkpt lat="54.07358" lon="-1.704297">
        <ele>147.25</ele>
      </trkpt>
      <trkpt lat="54.073589" lon="-1.705032">
        <ele>145.75</ele>
      </trkpt>
      <trkpt lat="54.073612" lon="-1.705505">
        <ele>143.5</ele>
      </trkpt>
      <trkpt lat="54.073619" lon="-1.705807">
        <ele>142</ele>
      </trkpt>
      <trkpt lat="54.07364" lon="-1.706098">
        <ele>140.75</ele>
      </trkpt>
      <trkpt lat="54.073743" lon="-1.706919">
        <ele>136.25</ele>
      </trkpt>
      <trkpt lat="54.073772" lon="-1.707054">
        <ele>135.25</ele>
      </trkpt>
      <trkpt lat="54.073861" lon="-1.707329">
        <ele>133.5</ele>
      </trkpt>
      <trkpt lat="54.073909" lon="-1.707518">
        <ele>132.25</ele>
      </trkpt>
      <trkpt lat="54.073931" lon="-1.707567">
        <ele>132</ele>
      </trkpt>
      <trkpt lat="54.073956" lon="-1.707627">
        <ele>131.75</ele>
      </trkpt>
      <trkpt lat="54.074103" lon="-1.708036">
        <ele>130.25</ele>
      </trkpt>
      <trkpt lat="54.074126" lon="-1.708141">
        <ele>129.75</ele>
      </trkpt>
      <trkpt lat="54.074138" lon="-1.708252">
        <ele>129</ele>
      </trkpt>
      <trkpt lat="54.074156" lon="-1.708563">
        <ele>130</ele>
      </trkpt>
      <trkpt lat="54.074164" lon="-1.708826">
        <ele>131.25</ele>
      </trkpt>
      <trkpt lat="54.074176" lon="-1.708904">
        <ele>131.75</ele>
      </trkpt>
      <trkpt lat="54.07425" lon="-1.709218">
        <ele>134.25</ele>
      </trkpt>
      <trkpt lat="54.07438" lon="-1.70973">
        <ele>137.5</ele>
      </trkpt>
      <trkpt lat="54.07445" lon="-1.709964">
        <ele>139.25</ele>
      </trkpt>
      <trkpt lat="54.074443" lon="-1.710266">
        <ele>140</ele>
      </trkpt>
      <trkpt lat="54.074466" lon="-1.710709">
        <ele>141.75</ele>
      </trkpt>
      <trkpt lat="54.07455" lon="-1.711036">
        <ele>143.5</ele>
      </trkpt>
      <trkpt lat="54.074558" lon="-1.711087">
        <ele>143.75</ele>
      </trkpt>
      <trkpt lat="54.074678" lon="-1.711812">
        <ele>146.5</ele>
      </trkpt>
      <trkpt lat="54.074721" lon="-1.712179">
        <ele>147</ele>
      </trkpt>
      <trkpt lat="54.075066" lon="-1.713358">
        <ele>151.25</ele>
      </trkpt>
      <trkpt lat="54.075421" lon="-1.714625">
        <ele>148.75</ele>
      </trkpt>
      <trkpt lat="54.076082" lon="-1.716452">
        <ele>151</ele>
      </trkpt>
      <trkpt lat="54.076111" lon="-1.716513">
        <ele>151.25</ele>
      </trkpt>
      <trkpt lat="54.076215" lon="-1.71673">
        <ele>151.75</ele>
      </trkpt>
      <trkpt lat="54.076416" lon="-1.717542">
        <ele>152</ele>
      </trkpt>
      <trkpt lat="54.076495" lon="-1.718041">
        <ele>151.75</ele>
      </trkpt>
      <trkpt lat="54.076525" lon="-1.718199">
        <ele>151.75</ele>
      </trkpt>
      <trkpt lat="54.076548" lon="-1.718598">
        <ele>151</ele>
      </trkpt>
      <trkpt lat="54.07654" lon="-1.718882">
        <ele>150</ele>
      </trkpt>
      <trkpt lat="54.076376" lon="-1.720016">
        <ele>145</ele>
      </trkpt>
      <trkpt lat="54.076311" lon="-1.720512">
        <ele>143.25</ele>
      </trkpt>
      <trkpt lat="54.076291" lon="-1.720804">
        <ele>142.5</ele>
      </trkpt>
      <trkpt lat="54.076296" lon="-1.721261">
        <ele>142.25</ele>
      </trkpt>
      <trkpt lat="54.076292" lon="-1.721355">
        <ele>142</ele>
      </trkpt>
      <trkpt lat="54.076258" lon="-1.721408">
        <ele>141.5</ele>
      </trkpt>
      <trkpt lat="54.076348" lon="-1.721794">
        <ele>142.25</ele>
      </trkpt>
      <trkpt lat="54.076366" lon="-1.721871">
        <ele>142.25</ele>
      </trkpt>
      <trkpt lat="54.076385" lon="-1.721956">
        <ele>142.25</ele>
      </trkpt>
      <trkpt lat="54.076459" lon="-1.722206">
        <ele>142.75</ele>
      </trkpt>
      <trkpt lat="54.076548" lon="-1.722442">
        <ele>143.5</ele>
      </trkpt>
      <trkpt lat="54.076663" lon="-1.722706">
        <ele>144.5</ele>
      </trkpt>
      <trkpt lat="54.076828" lon="-1.723053">
        <ele>145.5</ele>
      </trkpt>
      <trkpt lat="54.076996" lon="-1.723328">
        <ele>146.75</ele>
      </trkpt>
      <trkpt lat="54.077057" lon="-1.723476">
        <ele>147.5</ele>
      </trkpt>
      <trkpt lat="54.077096" lon="-1.723673">
        <ele>148</ele>
      </trkpt>
      <trkpt lat="54.077116" lon="-1.72385">
        <ele>148.5</ele>
      </trkpt>
      <trkpt lat="54.077116" lon="-1.724002">
        <ele>149</ele>
      </trkpt>
      <trkpt lat="54.077108" lon="-1.724117">
        <ele>149</ele>
      </trkpt>
      <trkpt lat="54.077075" lon="-1.724346">
        <ele>149</ele>
      </trkpt>
      <trkpt lat="54.077043" lon="-1.724519">
        <ele>148.75</ele>
      </trkpt>
      <trkpt lat="54.076981" lon="-1.724715">
        <ele>148.5</ele>
      </trkpt>
      <trkpt lat="54.076836" lon="-1.72503">
        <ele>147</ele>
      </trkpt>
      <trkpt lat="54.076775" lon="-1.725139">
        <ele>146.25</ele>
      </trkpt>
      <trkpt lat="54.07663" lon="-1.725399">
        <ele>144.75</ele>
      </trkpt>
      <trkpt lat="54.076473" lon="-1.725815">
        <ele>142.75</ele>
      </trkpt>
      <trkpt lat="54.076401" lon="-1.726195">
        <ele>142</ele>
      </trkpt>
      <trkpt lat="54.076319" lon="-1.726892">
        <ele>140.75</ele>
      </trkpt>
      <trkpt lat="54.0762" lon="-1.727626">
        <ele>138.5</ele>
      </trkpt>
      <trkpt lat="54.076171" lon="-1.728057">
        <ele>137.75</ele>
      </trkpt>
      <trkpt lat="54.076196" lon="-1.728486">
        <ele>138</ele>
      </trkpt>
      <trkpt lat="54.076278" lon="-1.728904">
        <ele>139.25</ele>
      </trkpt>
      <trkpt lat="54.07631" lon="-1.728999">
        <ele>139.5</ele>
      </trkpt>
      <trkpt lat="54.07642" lon="-1.729323">
        <ele>141</ele>
      </trkpt>
      <trkpt lat="54.076543" lon="-1.729601">
        <ele>142.5</ele>
      </trkpt>
      <trkpt lat="54.076741" lon="-1.730048">
        <ele>144.75</ele>
      </trkpt>
      <trkpt lat="54.076779" lon="-1.730133">
        <ele>145</ele>
      </trkpt>
      <trkpt lat="54.077056" lon="-1.730873">
        <ele>147</ele>
      </trkpt>
      <trkpt lat="54.077351" lon="-1.731731">
        <ele>150</ele>
      </trkpt>
      <trkpt lat="54.077714" lon="-1.732597">
        <ele>154.75</ele>
      </trkpt>
      <trkpt lat="54.077865" lon="-1.732972">
        <ele>156</ele>
      </trkpt>
      <trkpt lat="54.077927" lon="-1.733115">
        <ele>156.5</ele>
      </trkpt>
      <trkpt lat="54.07817" lon="-1.733643">
        <ele>158.25</ele>
      </trkpt>
      <trkpt lat="54.078437" lon="-1.734168">
        <ele>160</ele>
      </trkpt>
      <trkpt lat="54.078558" lon="-1.734477">
        <ele>161.5</ele>
      </trkpt>
      <trkpt lat="54.0786" lon="-1.734626">
        <ele>162</ele>
      </trkpt>
      <trkpt lat="54.078639" lon="-1.734816">
        <ele>162.5</ele>
      </trkpt>
      <trkpt lat="54.078708" lon="-1.735363">
        <ele>164.75</ele>
      </trkpt>
      <trkpt lat="54.078761" lon="-1.735856">
        <ele>167.5</ele>
      </trkpt>
      <trkpt lat="54.078831" lon="-1.736264">
        <ele>170</ele>
      </trkpt>
      <trkpt lat="54.078925" lon="-1.736624">
        <ele>173</ele>
      </trkpt>
      <trkpt lat="54.079078" lon="-1.737156">
        <ele>176</ele>
      </trkpt>
      <trkpt lat="54.079176" lon="-1.737517">
        <ele>178</ele>
      </trkpt>
      <trkpt lat="54.079211" lon="-1.737759">
        <ele>178.5</ele>
      </trkpt>
      <trkpt lat="54.079249" lon="-1.738136">
        <ele>179.5</ele>
      </trkpt>
      <trkpt lat="54.079342" lon="-1.739418">
        <ele>180.5</ele>
      </trkpt>
      <trkpt lat="54.079415" lon="-1.739874">
        <ele>181</ele>
      </trkpt>
      <trkpt lat="54.079484" lon="-1.740078">
        <ele>181.5</ele>
      </trkpt>
      <trkpt lat="54.079588" lon="-1.740298">
        <ele>182</ele>
      </trkpt>
      <trkpt lat="54.079767" lon="-1.740614">
        <ele>183.75</ele>
      </trkpt>
      <trkpt lat="54.079887" lon="-1.740909">
        <ele>185.25</ele>
      </trkpt>
      <trkpt lat="54.079981" lon="-1.741226">
        <ele>186.5</ele>
      </trkpt>
      <trkpt lat="54.080091" lon="-1.741821">
        <ele>187.25</ele>
      </trkpt>
      <trkpt lat="54.080149" lon="-1.742163">
        <ele>186.5</ele>
      </trkpt>
      <trkpt lat="54.080242" lon="-1.742594">
        <ele>186</ele>
      </trkpt>
      <trkpt lat="54.080479" lon="-1.743568">
        <ele>187</ele>
      </trkpt>
      <trkpt lat="54.080625" lon="-1.744288">
        <ele>185.25</ele>
      </trkpt>
      <trkpt lat="54.080699" lon="-1.744777">
        <ele>183.5</ele>
      </trkpt>
      <trkpt lat="54.080711" lon="-1.744918">
        <ele>182.75</ele>
      </trkpt>
      <trkpt lat="54.080741" lon="-1.745252">
        <ele>180.75</ele>
      </trkpt>
      <trkpt lat="54.080881" lon="-1.74596">
        <ele>178.5</ele>
      </trkpt>
      <trkpt lat="54.081145" lon="-1.747113">
        <ele>176.25</ele>
      </trkpt>
      <trkpt lat="54.081241" lon="-1.747512">
        <ele>175</ele>
      </trkpt>
      <trkpt lat="54.081458" lon="-1.748331">
        <ele>172.25</ele>
      </trkpt>
      <trkpt lat="54.08186" lon="-1.749718">
        <ele>170.5</ele>
      </trkpt>
      <trkpt lat="54.081987" lon="-1.750207">
        <ele>170.5</ele>
      </trkpt>
      <trkpt lat="54.082094" lon="-1.750697">
        <ele>170</ele>
      </trkpt>
      <trkpt lat="54.082324" lon="-1.751684">
        <ele>168.75</ele>
      </trkpt>
      <trkpt lat="54.082531" lon="-1.752486">
        <ele>169.5</ele>
      </trkpt>
      <trkpt lat="54.082698" lon="-1.753034">
        <ele>168.25</ele>
      </trkpt>
      <trkpt lat="54.082749" lon="-1.75324">
        <ele>167.25</ele>
      </trkpt>
      <trkpt lat="54.082968" lon="-1.753859">
        <ele>161.75</ele>
      </trkpt>
      <trkpt lat="54.083385" lon="-1.754858">
        <ele>153.5</ele>
      </trkpt>
      <trkpt lat="54.083709" lon="-1.755463">
        <ele>148.75</ele>
      </trkpt>
      <trkpt lat="54.083991" lon="-1.755878">
        <ele>146.75</ele>
      </trkpt>
      <trkpt lat="54.084391" lon="-1.756423">
        <ele>142.5</ele>
      </trkpt>
      <trkpt lat="54.084764" lon="-1.756697">
        <ele>140</ele>
      </trkpt>
      <trkpt lat="54.084904" lon="-1.756773">
        <ele>139.25</ele>
      </trkpt>
      <trkpt lat="54.084997" lon="-1.756823">
        <ele>138.75</ele>
      </trkpt>
      <trkpt lat="54.085128" lon="-1.756836">
        <ele>139</ele>
      </trkpt>
      <trkpt lat="54.085323" lon="-1.756838">
        <ele>139.5</ele>
      </trkpt>
      <trkpt lat="54.085504" lon="-1.756852">
        <ele>140</ele>
      </trkpt>
      <trkpt lat="54.085696" lon="-1.756911">
        <ele>140</ele>
      </trkpt>
      <trkpt lat="54.085864" lon="-1.757021">
        <ele>139.5</ele>
      </trkpt>
      <trkpt lat="54.085937" lon="-1.757067">
        <ele>139</ele>
      </trkpt>
      <trkpt lat="54.086248" lon="-1.757286">
        <ele>137.25</ele>
      </trkpt>
      <trkpt lat="54.086435" lon="-1.757445">
        <ele>136</ele>
      </trkpt>
      <trkpt lat="54.086567" lon="-1.757593">
        <ele>135.25</ele>
      </trkpt>
      <trkpt lat="54.086633" lon="-1.757746">
        <ele>134.25</ele>
      </trkpt>
      <trkpt lat="54.086645" lon="-1.75785">
        <ele>133.75</ele>
      </trkpt>
      <trkpt lat="54.086625" lon="-1.757989">
        <ele>132.75</ele>
      </trkpt>
      <trkpt lat="54.086467" lon="-1.758625">
        <ele>128.25</ele>
      </trkpt>
      <trkpt lat="54.086433" lon="-1.758771">
        <ele>127.25</ele>
      </trkpt>
      <trkpt lat="54.086306" lon="-1.759338">
        <ele>123.75</ele>
      </trkpt>
      <trkpt lat="54.086278" lon="-1.759445">
        <ele>123</ele>
      </trkpt>
      <trkpt lat="54.086253" lon="-1.759542">
        <ele>122.25</ele>
      </trkpt>
      <trkpt lat="54.086178" lon="-1.759844">
        <ele>120.5</ele>
      </trkpt>
      <trkpt lat="54.086098" lon="-1.760164">
        <ele>119.25</ele>
      </trkpt>
      <trkpt lat="54.086043" lon="-1.760383">
        <ele>118.75</ele>
      </trkpt>
      <trkpt lat="54.085984" lon="-1.760557">
        <ele>118.5</ele>
      </trkpt>
      <trkpt lat="54.085882" lon="-1.760743">
        <ele>118</ele>
      </trkpt>
      <trkpt lat="54.085856" lon="-1.760788">
        <ele>118</ele>
      </trkpt>
      <trkpt lat="54.085823" lon="-1.76083">
        <ele>117.75</ele>
      </trkpt>
      <trkpt lat="54.085683" lon="-1.760936">
        <ele>117.5</ele>
      </trkpt>
      <trkpt lat="54.085659" lon="-1.760955">
        <ele>117.25</ele>
      </trkpt>
      <trkpt lat="54.085426" lon="-1.761118">
        <ele>117</ele>
      </trkpt>
      <trkpt lat="54.085264" lon="-1.76122">
        <ele>117</ele>
      </trkpt>
      <trkpt lat="54.085214" lon="-1.761249">
        <ele>117</ele>
      </trkpt>
      <trkpt lat="54.085034" lon="-1.761376">
        <ele>117</ele>
      </trkpt>
      <trkpt lat="54.084973" lon="-1.761421">
        <ele>117</ele>
      </trkpt>
      <trkpt lat="54.084633" lon="-1.761859">
        <ele>117.75</ele>
      </trkpt>
      <trkpt lat="54.084442" lon="-1.762141">
        <ele>118.5</ele>
      </trkpt>
      <trkpt lat="54.084288" lon="-1.762351">
        <ele>119.25</ele>
      </trkpt>
      <trkpt lat="54.084183" lon="-1.762496">
        <ele>119.75</ele>
      </trkpt>
      <trkpt lat="54.084081" lon="-1.762634">
        <ele>120.75</ele>
      </trkpt>
      <trkpt lat="54.083653" lon="-1.763073">
        <ele>125.5</ele>
      </trkpt>
      <trkpt lat="54.083547" lon="-1.763158">
        <ele>126.75</ele>
      </trkpt>
      <trkpt lat="54.082877" lon="-1.763774">
        <ele>138.75</ele>
      </trkpt>
      <trkpt lat="54.082585" lon="-1.764091">
        <ele>143.75</ele>
      </trkpt>
      <trkpt lat="54.082498" lon="-1.764244">
        <ele>145.25</ele>
      </trkpt>
      <trkpt lat="54.082432" lon="-1.7644">
        <ele>146</ele>
      </trkpt>
      <trkpt lat="54.08238" lon="-1.764585">
        <ele>146.75</ele>
      </trkpt>
      <trkpt lat="54.082326" lon="-1.764843">
        <ele>147.5</ele>
      </trkpt>
      <trkpt lat="54.082155" lon="-1.765539">
        <ele>150.25</ele>
      </trkpt>
      <trkpt lat="54.082016" lon="-1.766035">
        <ele>152</ele>
      </trkpt>
      <trkpt lat="54.081778" lon="-1.766813">
        <ele>153.5</ele>
      </trkpt>
      <trkpt lat="54.081601" lon="-1.767408">
        <ele>155</ele>
      </trkpt>
      <trkpt lat="54.081573" lon="-1.767587">
        <ele>155.5</ele>
      </trkpt>
      <trkpt lat="54.081533" lon="-1.768102">
        <ele>157</ele>
      </trkpt>
      <trkpt lat="54.081487" lon="-1.768741">
        <ele>159.75</ele>
      </trkpt>
      <trkpt lat="54.081482" lon="-1.768783">
        <ele>160</ele>
      </trkpt>
      <trkpt lat="54.081457" lon="-1.769014">
        <ele>161</ele>
      </trkpt>
      <trkpt lat="54.081428" lon="-1.769224">
        <ele>162</ele>
      </trkpt>
      <trkpt lat="54.081354" lon="-1.769748">
        <ele>164</ele>
      </trkpt>
      <trkpt lat="54.0813" lon="-1.770194">
        <ele>166.75</ele>
      </trkpt>
      <trkpt lat="54.081218" lon="-1.770462">
        <ele>168.25</ele>
      </trkpt>
      <trkpt lat="54.081124" lon="-1.770806">
        <ele>170.5</ele>
      </trkpt>
      <trkpt lat="54.081092" lon="-1.771203">
        <ele>173.75</ele>
      </trkpt>
      <trkpt lat="54.081137" lon="-1.771693">
        <ele>178.75</ele>
      </trkpt>
      <trkpt lat="54.08117" lon="-1.771983">
        <ele>181.5</ele>
      </trkpt>
      <trkpt lat="54.081192" lon="-1.772369">
        <ele>185</ele>
      </trkpt>
      <trkpt lat="54.081164" lon="-1.772636">
        <ele>187</ele>
      </trkpt>
      <trkpt lat="54.081137" lon="-1.772799">
        <ele>188.25</ele>
      </trkpt>
      <trkpt lat="54.080984" lon="-1.773389">
        <ele>192.75</ele>
      </trkpt>
      <trkpt lat="54.080962" lon="-1.773496">
        <ele>193.25</ele>
      </trkpt>
      <trkpt lat="54.080916" lon="-1.773863">
        <ele>195.25</ele>
      </trkpt>
      <trkpt lat="54.080893" lon="-1.774122">
        <ele>196.75</ele>
      </trkpt>
      <trkpt lat="54.080909" lon="-1.774818">
        <ele>201</ele>
      </trkpt>
      <trkpt lat="54.080951" lon="-1.775175">
        <ele>203</ele>
      </trkpt>
      <trkpt lat="54.080979" lon="-1.775548">
        <ele>205</ele>
      </trkpt>
      <trkpt lat="54.080979" lon="-1.775923">
        <ele>207</ele>
      </trkpt>
      <trkpt lat="54.080953" lon="-1.776226">
        <ele>208.75</ele>
      </trkpt>
      <trkpt lat="54.0809" lon="-1.776469">
        <ele>210.25</ele>
      </trkpt>
      <trkpt lat="54.08096" lon="-1.776814">
        <ele>213.25</ele>
      </trkpt>
      <trkpt lat="54.081048" lon="-1.77705">
        <ele>215.75</ele>
      </trkpt>
      <trkpt lat="54.081168" lon="-1.777318">
        <ele>218.25</ele>
      </trkpt>
      <trkpt lat="54.081287" lon="-1.77764">
        <ele>220.25</ele>
      </trkpt>
      <trkpt lat="54.081382" lon="-1.777972">
        <ele>222.25</ele>
      </trkpt>
      <trkpt lat="54.081457" lon="-1.778337">
        <ele>224.25</ele>
      </trkpt>
      <trkpt lat="54.08157" lon="-1.778788">
        <ele>225.75</ele>
      </trkpt>
      <trkpt lat="54.081608" lon="-1.779056">
        <ele>227.25</ele>
      </trkpt>
      <trkpt lat="54.081596" lon="-1.779356">
        <ele>230</ele>
      </trkpt>
      <trkpt lat="54.081545" lon="-1.779689">
        <ele>233.75</ele>
      </trkpt>
      <trkpt lat="54.081436" lon="-1.780057">
        <ele>239</ele>
      </trkpt>
      <trkpt lat="54.081365" lon="-1.780446">
        <ele>242.5</ele>
      </trkpt>
      <trkpt lat="54.081324" lon="-1.780883">
        <ele>246</ele>
      </trkpt>
      <trkpt lat="54.081299" lon="-1.781395">
        <ele>249.25</ele>
      </trkpt>
      <trkpt lat="54.081293" lon="-1.781807">
        <ele>251.75</ele>
      </trkpt>
      <trkpt lat="54.081265" lon="-1.78216">
        <ele>254.75</ele>
      </trkpt>
      <trkpt lat="54.081185" lon="-1.782662">
        <ele>259.75</ele>
      </trkpt>
      <trkpt lat="54.081072" lon="-1.783129">
        <ele>265.25</ele>
      </trkpt>
      <trkpt lat="54.080956" lon="-1.783545">
        <ele>270</ele>
      </trkpt>
      <trkpt lat="54.080853" lon="-1.78397">
        <ele>274.5</ele>
      </trkpt>
      <trkpt lat="54.080696" lon="-1.784431">
        <ele>277.5</ele>
      </trkpt>
      <trkpt lat="54.080459" lon="-1.785022">
        <ele>280.75</ele>
      </trkpt>
      <trkpt lat="54.080341" lon="-1.785367">
        <ele>282.5</ele>
      </trkpt>
      <trkpt lat="54.080207" lon="-1.785994">
        <ele>285.25</ele>
      </trkpt>
      <trkpt lat="54.080149" lon="-1.786218">
        <ele>286.25</ele>
      </trkpt>
      <trkpt lat="54.080001" lon="-1.786687">
        <ele>289</ele>
      </trkpt>
      <trkpt lat="54.079689" lon="-1.787599">
        <ele>292.5</ele>
      </trkpt>
      <trkpt lat="54.079622" lon="-1.787891">
        <ele>293.5</ele>
      </trkpt>
      <trkpt lat="54.079574" lon="-1.788197">
        <ele>294.25</ele>
      </trkpt>
      <trkpt lat="54.079529" lon="-1.788885">
        <ele>296.75</ele>
      </trkpt>
      <trkpt lat="54.079524" lon="-1.789326">
        <ele>298</ele>
      </trkpt>
      <trkpt lat="54.079527" lon="-1.789744">
        <ele>299</ele>
      </trkpt>
      <trkpt lat="54.079512" lon="-1.790011">
        <ele>299.75</ele>
      </trkpt>
      <trkpt lat="54.079472" lon="-1.790244">
        <ele>301.5</ele>
      </trkpt>
      <trkpt lat="54.079336" lon="-1.790623">
        <ele>304.75</ele>
      </trkpt>
      <trkpt lat="54.078571" lon="-1.792099">
        <ele>318.75</ele>
      </trkpt>
      <trkpt lat="54.07824" lon="-1.792648">
        <ele>324</ele>
      </trkpt>
      <trkpt lat="54.078018" lon="-1.793069">
        <ele>326.75</ele>
      </trkpt>
      <trkpt lat="54.077851" lon="-1.793465">
        <ele>329</ele>
      </trkpt>
      <trkpt lat="54.077278" lon="-1.794967">
        <ele>338.75</ele>
      </trkpt>
      <trkpt lat="54.076976" lon="-1.795965">
        <ele>344.25</ele>
      </trkpt>
      <trkpt lat="54.076773" lon="-1.796775">
        <ele>348.25</ele>
      </trkpt>
      <trkpt lat="54.076668" lon="-1.797379">
        <ele>351.25</ele>
      </trkpt>
      <trkpt lat="54.076553" lon="-1.798467">
        <ele>356.25</ele>
      </trkpt>
      <trkpt lat="54.076538" lon="-1.798613">
        <ele>356.5</ele>
      </trkpt>
      <trkpt lat="54.076322" lon="-1.800425">
        <ele>361.25</ele>
      </trkpt>
      <trkpt lat="54.076286" lon="-1.800682">
        <ele>361.5</ele>
      </trkpt>
      <trkpt lat="54.076206" lon="-1.801112">
        <ele>362.5</ele>
      </trkpt>
      <trkpt lat="54.076116" lon="-1.801553">
        <ele>363.75</ele>
      </trkpt>
      <trkpt lat="54.075637" lon="-1.803748">
        <ele>370.75</ele>
      </trkpt>
      <trkpt lat="54.075556" lon="-1.804286">
        <ele>373.75</ele>
      </trkpt>
      <trkpt lat="54.075532" lon="-1.804278">
        <ele>373.75</ele>
      </trkpt>
      <trkpt lat="54.075556" lon="-1.804286">
        <ele>373.75</ele>
      </trkpt>
      <trkpt lat="54.075525" lon="-1.804647">
        <ele>375.5</ele>
      </trkpt>
      <trkpt lat="54.075523" lon="-1.804982">
        <ele>377</ele>
      </trkpt>
      <trkpt lat="54.075561" lon="-1.805325">
        <ele>378.75</ele>
      </trkpt>
      <trkpt lat="54.075836" lon="-1.807231">
        <ele>384.75</ele>
      </trkpt>
      <trkpt lat="54.075851" lon="-1.807556">
        <ele>385.5</ele>
      </trkpt>
      <trkpt lat="54.075826" lon="-1.807846">
        <ele>386.75</ele>
      </trkpt>
      <trkpt lat="54.075522" lon="-1.809473">
        <ele>395</ele>
      </trkpt>
      <trkpt lat="54.075002" lon="-1.812071">
        <ele>399.5</ele>
      </trkpt>
      <trkpt lat="54.07457" lon="-1.814284">
        <ele>394.5</ele>
      </trkpt>
      <trkpt lat="54.074183" lon="-1.815962">
        <ele>397.5</ele>
      </trkpt>
      <trkpt lat="54.074121" lon="-1.816213">
        <ele>396.75</ele>
      </trkpt>
      <trkpt lat="54.073985" lon="-1.81676">
        <ele>394.75</ele>
      </trkpt>
      <trkpt lat="54.073686" lon="-1.817866">
        <ele>399</ele>
      </trkpt>
      <trkpt lat="54.073602" lon="-1.818355">
        <ele>402.5</ele>
      </trkpt>
      <trkpt lat="54.073593" lon="-1.818453">
        <ele>402.5</ele>
      </trkpt>
      <trkpt lat="54.073579" lon="-1.81863">
        <ele>402.25</ele>
      </trkpt>
      <trkpt lat="54.073528" lon="-1.819763">
        <ele>401</ele>
      </trkpt>
      <trkpt lat="54.073515" lon="-1.820091">
        <ele>400.5</ele>
      </trkpt>
      <trkpt lat="54.073498" lon="-1.820554">
        <ele>399.25</ele>
      </trkpt>
      <trkpt lat="54.073483" lon="-1.821398">
        <ele>396.5</ele>
      </trkpt>
      <trkpt lat="54.073453" lon="-1.822406">
        <ele>393.25</ele>
      </trkpt>
      <trkpt lat="54.073407" lon="-1.823405">
        <ele>390.75</ele>
      </trkpt>
      <trkpt lat="54.073416" lon="-1.823998">
        <ele>388.5</ele>
      </trkpt>
      <trkpt lat="54.07355" lon="-1.825335">
        <ele>384.75</ele>
      </trkpt>
      <trkpt lat="54.073689" lon="-1.82659">
        <ele>380.5</ele>
      </trkpt>
      <trkpt lat="54.07377" lon="-1.827217">
        <ele>380</ele>
      </trkpt>
      <trkpt lat="54.073806" lon="-1.827619">
        <ele>380</ele>
      </trkpt>
      <trkpt lat="54.073818" lon="-1.827756">
        <ele>380</ele>
      </trkpt>
      <trkpt lat="54.073819" lon="-1.827923">
        <ele>380</ele>
      </trkpt>
      <trkpt lat="54.073782" lon="-1.82813">
        <ele>380</ele>
      </trkpt>
      <trkpt lat="54.073731" lon="-1.828336">
        <ele>380</ele>
      </trkpt>
      <trkpt lat="54.073496" lon="-1.829202">
        <ele>384.75</ele>
      </trkpt>
      <trkpt lat="54.073424" lon="-1.829544">
        <ele>386.5</ele>
      </trkpt>
      <trkpt lat="54.073177" lon="-1.830665">
        <ele>392.5</ele>
      </trkpt>
      <trkpt lat="54.073078" lon="-1.831347">
        <ele>395.75</ele>
      </trkpt>
      <trkpt lat="54.072885" lon="-1.832239">
        <ele>397</ele>
      </trkpt>
      <trkpt lat="54.072555" lon="-1.833461">
        <ele>398.75</ele>
      </trkpt>
      <trkpt lat="54.072359" lon="-1.834091">
        <ele>399</ele>
      </trkpt>
      <trkpt lat="54.072042" lon="-1.835263">
        <ele>399.5</ele>
      </trkpt>
      <trkpt lat="54.071865" lon="-1.83588">
        <ele>400.5</ele>
      </trkpt>
      <trkpt lat="54.071523" lon="-1.83711">
        <ele>400.5</ele>
      </trkpt>
      <trkpt lat="54.071416" lon="-1.837501">
        <ele>400</ele>
      </trkpt>
      <trkpt lat="54.071259" lon="-1.838246">
        <ele>400</ele>
      </trkpt>
      <trkpt lat="54.071153" lon="-1.838694">
        <ele>398.5</ele>
      </trkpt>
      <trkpt lat="54.071007" lon="-1.839179">
        <ele>396.75</ele>
      </trkpt>
      <trkpt lat="54.070873" lon="-1.839489">
        <ele>396</ele>
      </trkpt>
      <trkpt lat="54.070754" lon="-1.839699">
        <ele>395.75</ele>
      </trkpt>
      <trkpt lat="54.070442" lon="-1.840191">
        <ele>396.75</ele>
      </trkpt>
      <trkpt lat="54.070398" lon="-1.840326">
        <ele>397</ele>
      </trkpt>
      <trkpt lat="54.070383" lon="-1.840398">
        <ele>397</ele>
      </trkpt>
      <trkpt lat="54.070376" lon="-1.840435">
        <ele>397</ele>
      </trkpt>
      <trkpt lat="54.070367" lon="-1.840504">
        <ele>397.25</ele>
      </trkpt>
      <trkpt lat="54.07037" lon="-1.840621">
        <ele>397.25</ele>
      </trkpt>
      <trkpt lat="54.070437" lon="-1.841084">
        <ele>396.75</ele>
      </trkpt>
      <trkpt lat="54.070556" lon="-1.841794">
        <ele>396.25</ele>
      </trkpt>
      <trkpt lat="54.07066" lon="-1.842346">
        <ele>397.25</ele>
      </trkpt>
      <trkpt lat="54.070761" lon="-1.842704">
        <ele>397.75</ele>
      </trkpt>
      <trkpt lat="54.070915" lon="-1.843038">
        <ele>398</ele>
      </trkpt>
      <trkpt lat="54.071068" lon="-1.843265">
        <ele>398.5</ele>
      </trkpt>
      <trkpt lat="54.071203" lon="-1.843511">
        <ele>399.25</ele>
      </trkpt>
      <trkpt lat="54.071248" lon="-1.843635">
        <ele>399.75</ele>
      </trkpt>
      <trkpt lat="54.071299" lon="-1.843938">
        <ele>401</ele>
      </trkpt>
      <trkpt lat="54.071337" lon="-1.844428">
        <ele>402.75</ele>
      </trkpt>
      <trkpt lat="54.071348" lon="-1.845121">
        <ele>404.5</ele>
      </trkpt>
      <trkpt lat="54.071352" lon="-1.845417">
        <ele>404.25</ele>
      </trkpt>
      <trkpt lat="54.071402" lon="-1.846164">
        <ele>404.25</ele>
      </trkpt>
      <trkpt lat="54.071413" lon="-1.846687">
        <ele>404.25</ele>
      </trkpt>
      <trkpt lat="54.071328" lon="-1.847239">
        <ele>403</ele>
      </trkpt>
      <trkpt lat="54.071247" lon="-1.84757">
        <ele>402.25</ele>
      </trkpt>
      <trkpt lat="54.071165" lon="-1.847839">
        <ele>401.75</ele>
      </trkpt>
      <trkpt lat="54.071007" lon="-1.848307">
        <ele>401</ele>
      </trkpt>
      <trkpt lat="54.070601" lon="-1.849469">
        <ele>397.5</ele>
      </trkpt>
      <trkpt lat="54.070328" lon="-1.850306">
        <ele>396</ele>
      </trkpt>
      <trkpt lat="54.07011" lon="-1.851223">
        <ele>395.25</ele>
      </trkpt>
      <trkpt lat="54.069548" lon="-1.854077">
        <ele>392</ele>
      </trkpt>
      <trkpt lat="54.069473" lon="-1.8544">
        <ele>391.25</ele>
      </trkpt>
      <trkpt lat="54.068944" lon="-1.856604">
        <ele>385.5</ele>
      </trkpt>
      <trkpt lat="54.068868" lon="-1.856988">
        <ele>383.75</ele>
      </trkpt>
      <trkpt lat="54.068779" lon="-1.857493">
        <ele>381.5</ele>
      </trkpt>
      <trkpt lat="54.068595" lon="-1.858768">
        <ele>376.25</ele>
      </trkpt>
      <trkpt lat="54.068212" lon="-1.861571">
        <ele>365.75</ele>
      </trkpt>
      <trkpt lat="54.06786" lon="-1.864228">
        <ele>360</ele>
      </trkpt>
      <trkpt lat="54.067817" lon="-1.864718">
        <ele>359.5</ele>
      </trkpt>
      <trkpt lat="54.067809" lon="-1.865102">
        <ele>359</ele>
      </trkpt>
      <trkpt lat="54.067813" lon="-1.865475">
        <ele>357.75</ele>
      </trkpt>
      <trkpt lat="54.067836" lon="-1.866194">
        <ele>356</ele>
      </trkpt>
      <trkpt lat="54.067885" lon="-1.866756">
        <ele>354</ele>
      </trkpt>
      <trkpt lat="54.067957" lon="-1.867252">
        <ele>350</ele>
      </trkpt>
      <trkpt lat="54.068136" lon="-1.868141">
        <ele>343.25</ele>
      </trkpt>
      <trkpt lat="54.068166" lon="-1.868359">
        <ele>341.75</ele>
      </trkpt>
      <trkpt lat="54.068171" lon="-1.86859">
        <ele>341.25</ele>
      </trkpt>
      <trkpt lat="54.068148" lon="-1.868812">
        <ele>340.75</ele>
      </trkpt>
      <trkpt lat="54.068112" lon="-1.869009">
        <ele>340</ele>
      </trkpt>
      <trkpt lat="54.068052" lon="-1.869276">
        <ele>338.75</ele>
      </trkpt>
      <trkpt lat="54.06714" lon="-1.873315">
        <ele>326</ele>
      </trkpt>
      <trkpt lat="54.066928" lon="-1.874491">
        <ele>323.25</ele>
      </trkpt>
      <trkpt lat="54.066072" lon="-1.878882">
        <ele>318.5</ele>
      </trkpt>
      <trkpt lat="54.065859" lon="-1.879884">
        <ele>318</ele>
      </trkpt>
      <trkpt lat="54.065677" lon="-1.880799">
        <ele>315.75</ele>
      </trkpt>
      <trkpt lat="54.065521" lon="-1.881713">
        <ele>312.75</ele>
      </trkpt>
      <trkpt lat="54.065345" lon="-1.883253">
        <ele>310.25</ele>
      </trkpt>
      <trkpt lat="54.065268" lon="-1.884008">
        <ele>307.25</ele>
      </trkpt>
      <trkpt lat="54.065167" lon="-1.88461">
        <ele>304.75</ele>
      </trkpt>
      <trkpt lat="54.064629" lon="-1.887745">
        <ele>294.75</ele>
      </trkpt>
      <trkpt lat="54.063711" lon="-1.892629">
        <ele>309.5</ele>
      </trkpt>
      <trkpt lat="54.063567" lon="-1.893421">
        <ele>310.5</ele>
      </trkpt>
      <trkpt lat="54.063247" lon="-1.895176">
        <ele>315.25</ele>
      </trkpt>
      <trkpt lat="54.062113" lon="-1.901052">
        <ele>337.75</ele>
      </trkpt>
      <trkpt lat="54.061918" lon="-1.902168">
        <ele>339.75</ele>
      </trkpt>
      <trkpt lat="54.06187" lon="-1.902795">
        <ele>340.75</ele>
      </trkpt>
      <trkpt lat="54.06184" lon="-1.9033">
        <ele>341.75</ele>
      </trkpt>
      <trkpt lat="54.061866" lon="-1.903709">
        <ele>340.75</ele>
      </trkpt>
      <trkpt lat="54.061935" lon="-1.90444">
        <ele>339.5</ele>
      </trkpt>
      <trkpt lat="54.062045" lon="-1.905316">
        <ele>338.25</ele>
      </trkpt>
      <trkpt lat="54.062134" lon="-1.905849">
        <ele>336.5</ele>
      </trkpt>
      <trkpt lat="54.062464" lon="-1.907053">
        <ele>334.25</ele>
      </trkpt>
      <trkpt lat="54.063131" lon="-1.909828">
        <ele>320.25</ele>
      </trkpt>
      <trkpt lat="54.06316" lon="-1.909949">
        <ele>319.75</ele>
      </trkpt>
      <trkpt lat="54.063276" lon="-1.910379">
        <ele>317</ele>
      </trkpt>
      <trkpt lat="54.063414" lon="-1.910968">
        <ele>313</ele>
      </trkpt>
      <trkpt lat="54.06345" lon="-1.911223">
        <ele>311.5</ele>
      </trkpt>
      <trkpt lat="54.063463" lon="-1.911461">
        <ele>310</ele>
      </trkpt>
      <trkpt lat="54.063459" lon="-1.911784">
        <ele>307.75</ele>
      </trkpt>
      <trkpt lat="54.06344" lon="-1.912218">
        <ele>304</ele>
      </trkpt>
      <trkpt lat="54.063119" lon="-1.915544">
        <ele>279.75</ele>
      </trkpt>
      <trkpt lat="54.063005" lon="-1.917091">
        <ele>267.25</ele>
      </trkpt>
      <trkpt lat="54.06297" lon="-1.917864">
        <ele>261.25</ele>
      </trkpt>
      <trkpt lat="54.063005" lon="-1.918658">
        <ele>255</ele>
      </trkpt>
      <trkpt lat="54.063034" lon="-1.919067">
        <ele>251.75</ele>
      </trkpt>
      <trkpt lat="54.063058" lon="-1.919299">
        <ele>250</ele>
      </trkpt>
      <trkpt lat="54.063101" lon="-1.919666">
        <ele>247.25</ele>
      </trkpt>
      <trkpt lat="54.063301" lon="-1.920831">
        <ele>236.25</ele>
      </trkpt>
      <trkpt lat="54.063332" lon="-1.921292">
        <ele>232.5</ele>
      </trkpt>
      <trkpt lat="54.063329" lon="-1.921723">
        <ele>229.75</ele>
      </trkpt>
      <trkpt lat="54.063316" lon="-1.922141">
        <ele>229</ele>
      </trkpt>
      <trkpt lat="54.063306" lon="-1.922319">
        <ele>228.5</ele>
      </trkpt>
      <trkpt lat="54.063333" lon="-1.922467">
        <ele>228</ele>
      </trkpt>
      <trkpt lat="54.063445" lon="-1.922666">
        <ele>227.75</ele>
      </trkpt>
      <trkpt lat="54.063608" lon="-1.92289">
        <ele>228</ele>
      </trkpt>
      <trkpt lat="54.063825" lon="-1.923089">
        <ele>228.75</ele>
      </trkpt>
      <trkpt lat="54.064096" lon="-1.923368">
        <ele>230.75</ele>
      </trkpt>
      <trkpt lat="54.064298" lon="-1.923636">
        <ele>233.25</ele>
      </trkpt>
      <trkpt lat="54.064452" lon="-1.923921">
        <ele>235.75</ele>
      </trkpt>
      <trkpt lat="54.06455" lon="-1.924226">
        <ele>237.5</ele>
      </trkpt>
      <trkpt lat="54.064618" lon="-1.924505">
        <ele>239</ele>
      </trkpt>
      <trkpt lat="54.064644" lon="-1.924611">
        <ele>239.75</ele>
      </trkpt>
      <trkpt lat="54.064655" lon="-1.924725">
        <ele>240.25</ele>
      </trkpt>
      <trkpt lat="54.064672" lon="-1.925065">
        <ele>241.75</ele>
      </trkpt>
      <trkpt lat="54.06467" lon="-1.925548">
        <ele>243.5</ele>
      </trkpt>
      <trkpt lat="54.06449" lon="-1.928683">
        <ele>252.25</ele>
      </trkpt>
      <trkpt lat="54.064286" lon="-1.932394">
        <ele>256.25</ele>
      </trkpt>
      <trkpt lat="54.064116" lon="-1.935097">
        <ele>257.25</ele>
      </trkpt>
      <trkpt lat="54.064051" lon="-1.936018">
        <ele>254.25</ele>
      </trkpt>
      <trkpt lat="54.064041" lon="-1.936107">
        <ele>253.75</ele>
      </trkpt>
      <trkpt lat="54.064033" lon="-1.936252">
        <ele>253.5</ele>
      </trkpt>
      <trkpt lat="54.064003" lon="-1.936546">
        <ele>252.5</ele>
      </trkpt>
      <trkpt lat="54.063939" lon="-1.937467">
        <ele>249.25</ele>
      </trkpt>
      <trkpt lat="54.063693" lon="-1.940662">
        <ele>242.5</ele>
      </trkpt>
      <trkpt lat="54.063676" lon="-1.940859">
        <ele>243</ele>
      </trkpt>
      <trkpt lat="54.063439" lon="-1.943496">
        <ele>249.75</ele>
      </trkpt>
      <trkpt lat="54.06343" lon="-1.943594">
        <ele>249.75</ele>
      </trkpt>
      <trkpt lat="54.063393" lon="-1.944027">
        <ele>250</ele>
      </trkpt>
      <trkpt lat="54.063363" lon="-1.944381">
        <ele>250.25</ele>
      </trkpt>
      <trkpt lat="54.063326" lon="-1.94574">
        <ele>250</ele>
      </trkpt>
      <trkpt lat="54.063367" lon="-1.946437">
        <ele>250.25</ele>
      </trkpt>
      <trkpt lat="54.063517" lon="-1.947969">
        <ele>249.25</ele>
      </trkpt>
      <trkpt lat="54.063593" lon="-1.948755">
        <ele>247.75</ele>
      </trkpt>
      <trkpt lat="54.063659" lon="-1.949193">
        <ele>247</ele>
      </trkpt>
      <trkpt lat="54.063766" lon="-1.949909">
        <ele>246.25</ele>
      </trkpt>
      <trkpt lat="54.063832" lon="-1.950534">
        <ele>244</ele>
      </trkpt>
      <trkpt lat="54.063857" lon="-1.950945">
        <ele>242.5</ele>
      </trkpt>
      <trkpt lat="54.063866" lon="-1.951583">
        <ele>240.25</ele>
      </trkpt>
      <trkpt lat="54.063838" lon="-1.952793">
        <ele>235</ele>
      </trkpt>
      <trkpt lat="54.063835" lon="-1.95321">
        <ele>233.25</ele>
      </trkpt>
      <trkpt lat="54.063859" lon="-1.953478">
        <ele>232.25</ele>
      </trkpt>
      <trkpt lat="54.063887" lon="-1.953673">
        <ele>231.25</ele>
      </trkpt>
      <trkpt lat="54.064036" lon="-1.954373">
        <ele>228.75</ele>
      </trkpt>
      <trkpt lat="54.064201" lon="-1.95513">
        <ele>226.75</ele>
      </trkpt>
      <trkpt lat="54.064256" lon="-1.955734">
        <ele>224.25</ele>
      </trkpt>
      <trkpt lat="54.064277" lon="-1.956047">
        <ele>223</ele>
      </trkpt>
      <trkpt lat="54.06437" lon="-1.958008">
        <ele>209.5</ele>
      </trkpt>
      <trkpt lat="54.06439" lon="-1.958476">
        <ele>205.75</ele>
      </trkpt>
      <trkpt lat="54.064511" lon="-1.960163">
        <ele>192.75</ele>
      </trkpt>
      <trkpt lat="54.064521" lon="-1.960268">
        <ele>192.5</ele>
      </trkpt>
      <trkpt lat="54.064545" lon="-1.960684">
        <ele>191.25</ele>
      </trkpt>
      <trkpt lat="54.064524" lon="-1.961326">
        <ele>189</ele>
      </trkpt>
      <trkpt lat="54.064507" lon="-1.961671">
        <ele>188</ele>
      </trkpt>
      <trkpt lat="54.064496" lon="-1.961797">
        <ele>188.5</ele>
      </trkpt>
      <trkpt lat="54.064487" lon="-1.961907">
        <ele>189</ele>
      </trkpt>
      <trkpt lat="54.064453" lon="-1.961889">
        <ele>188.75</ele>
      </trkpt>
      <trkpt lat="54.064297" lon="-1.961815">
        <ele>188.5</ele>
      </trkpt>
      <trkpt lat="54.064036" lon="-1.96171">
        <ele>188.5</ele>
      </trkpt>
      <trkpt lat="54.063959" lon="-1.961639">
        <ele>188.5</ele>
      </trkpt>
      <trkpt lat="54.063604" lon="-1.96131">
        <ele>188.75</ele>
      </trkpt>
      <trkpt lat="54.063435" lon="-1.961123">
        <ele>188.25</ele>
      </trkpt>
      <trkpt lat="54.063361" lon="-1.961055">
        <ele>188</ele>
      </trkpt>
      <trkpt lat="54.063114" lon="-1.960822">
        <ele>187.25</ele>
      </trkpt>
      <trkpt lat="54.062745" lon="-1.960496">
        <ele>186.75</ele>
      </trkpt>
      <trkpt lat="54.062299" lon="-1.959934">
        <ele>186.5</ele>
      </trkpt>
      <trkpt lat="54.062181" lon="-1.959828">
        <ele>186.5</ele>
      </trkpt>
      <trkpt lat="54.06206" lon="-1.959727">
        <ele>186.5</ele>
      </trkpt>
      <trkpt lat="54.061789" lon="-1.959599">
        <ele>186.25</ele>
      </trkpt>
      <trkpt lat="54.061689" lon="-1.959543">
        <ele>186</ele>
      </trkpt>
      <trkpt lat="54.061352" lon="-1.95918">
        <ele>182.75</ele>
      </trkpt>
      <trkpt lat="54.06125" lon="-1.959136">
        <ele>182.25</ele>
      </trkpt>
      <trkpt lat="54.061134" lon="-1.959134">
        <ele>181.75</ele>
      </trkpt>
      <trkpt lat="54.061009" lon="-1.959275">
        <ele>182</ele>
      </trkpt>
      <trkpt lat="54.060928" lon="-1.959299">
        <ele>181.75</ele>
      </trkpt>
      <trkpt lat="54.060814" lon="-1.959357">
        <ele>181.75</ele>
      </trkpt>
      <trkpt lat="54.060633" lon="-1.95959">
        <ele>181.75</ele>
      </trkpt>
      <trkpt lat="54.060534" lon="-1.959704">
        <ele>181.75</ele>
      </trkpt>
      <trkpt lat="54.060368" lon="-1.959867">
        <ele>181.5</ele>
      </trkpt>
      <trkpt lat="54.059903" lon="-1.960103">
        <ele>179</ele>
      </trkpt>
      <trkpt lat="54.059702" lon="-1.960227">
        <ele>177.75</ele>
      </trkpt>
      <trkpt lat="54.059537" lon="-1.960329">
        <ele>176.5</ele>
      </trkpt>
      <trkpt lat="54.059229" lon="-1.960651">
        <ele>175</ele>
      </trkpt>
      <trkpt lat="54.058566" lon="-1.961663">
        <ele>167.75</ele>
      </trkpt>
      <trkpt lat="54.05843" lon="-1.961831">
        <ele>165.75</ele>
      </trkpt>
      <trkpt lat="54.058306" lon="-1.961876">
        <ele>164</ele>
      </trkpt>
      <trkpt lat="54.058167" lon="-1.961854">
        <ele>162.5</ele>
      </trkpt>
      <trkpt lat="54.058069" lon="-1.961805">
        <ele>161.5</ele>
      </trkpt>
      <trkpt lat="54.057918" lon="-1.961638">
        <ele>160</ele>
      </trkpt>
      <trkpt lat="54.057856" lon="-1.961544">
        <ele>159.25</ele>
      </trkpt>
      <trkpt lat="54.057774" lon="-1.961355">
        <ele>158.25</ele>
      </trkpt>
      <trkpt lat="54.057737" lon="-1.961209">
        <ele>158</ele>
      </trkpt>
      <trkpt lat="54.057734" lon="-1.961195">
        <ele>157.75</ele>
      </trkpt>
      <trkpt lat="54.057737" lon="-1.961209">
        <ele>158</ele>
      </trkpt>
      <trkpt lat="54.057774" lon="-1.961355">
        <ele>158.25</ele>
      </trkpt>
      <trkpt lat="54.057856" lon="-1.961544">
        <ele>159.25</ele>
      </trkpt>
      <trkpt lat="54.057918" lon="-1.961638">
        <ele>160</ele>
      </trkpt>
      <trkpt lat="54.058069" lon="-1.961805">
        <ele>161.5</ele>
      </trkpt>
      <trkpt lat="54.058167" lon="-1.961854">
        <ele>162.5</ele>
      </trkpt>
      <trkpt lat="54.058306" lon="-1.961876">
        <ele>164</ele>
      </trkpt>
      <trkpt lat="54.05843" lon="-1.961831">
        <ele>165.75</ele>
      </trkpt>
      <trkpt lat="54.058566" lon="-1.961663">
        <ele>167.75</ele>
      </trkpt>
      <trkpt lat="54.059229" lon="-1.960651">
        <ele>175</ele>
      </trkpt>
      <trkpt lat="54.059537" lon="-1.960329">
        <ele>176.5</ele>
      </trkpt>
      <trkpt lat="54.059702" lon="-1.960227">
        <ele>177.75</ele>
      </trkpt>
      <trkpt lat="54.059903" lon="-1.960103">
        <ele>179</ele>
      </trkpt>
      <trkpt lat="54.060368" lon="-1.959867">
        <ele>181.5</ele>
      </trkpt>
      <trkpt lat="54.060534" lon="-1.959704">
        <ele>181.75</ele>
      </trkpt>
      <trkpt lat="54.060633" lon="-1.95959">
        <ele>181.75</ele>
      </trkpt>
      <trkpt lat="54.060814" lon="-1.959357">
        <ele>181.75</ele>
      </trkpt>
      <trkpt lat="54.060928" lon="-1.959299">
        <ele>181.75</ele>
      </trkpt>
      <trkpt lat="54.061009" lon="-1.959275">
        <ele>182</ele>
      </trkpt>
      <trkpt lat="54.061134" lon="-1.959134">
        <ele>181.75</ele>
      </trkpt>
      <trkpt lat="54.06125" lon="-1.959136">
        <ele>182.25</ele>
      </trkpt>
      <trkpt lat="54.061352" lon="-1.95918">
        <ele>182.75</ele>
      </trkpt>
      <trkpt lat="54.061689" lon="-1.959543">
        <ele>186</ele>
      </trkpt>
      <trkpt lat="54.061789" lon="-1.959599">
        <ele>186.25</ele>
      </trkpt>
      <trkpt lat="54.06206" lon="-1.959727">
        <ele>186.5</ele>
      </trkpt>
      <trkpt lat="54.062181" lon="-1.959828">
        <ele>186.5</ele>
      </trkpt>
      <trkpt lat="54.062299" lon="-1.959934">
        <ele>186.5</ele>
      </trkpt>
      <trkpt lat="54.062745" lon="-1.960496">
        <ele>186.75</ele>
      </trkpt>
      <trkpt lat="54.063114" lon="-1.960822">
        <ele>187.25</ele>
      </trkpt>
      <trkpt lat="54.063361" lon="-1.961055">
        <ele>188</ele>
      </trkpt>
      <trkpt lat="54.063435" lon="-1.961123">
        <ele>188.25</ele>
      </trkpt>
      <trkpt lat="54.063604" lon="-1.96131">
        <ele>188.75</ele>
      </trkpt>
      <trkpt lat="54.063959" lon="-1.961639">
        <ele>188.5</ele>
      </trkpt>
      <trkpt lat="54.064036" lon="-1.96171">
        <ele>188.5</ele>
      </trkpt>
      <trkpt lat="54.064297" lon="-1.961815">
        <ele>188.5</ele>
      </trkpt>
      <trkpt lat="54.064453" lon="-1.961889">
        <ele>188.75</ele>
      </trkpt>
      <trkpt lat="54.064487" lon="-1.961907">
        <ele>189</ele>
      </trkpt>
      <trkpt lat="54.064422" lon="-1.96258">
        <ele>191.75</ele>
      </trkpt>
      <trkpt lat="54.064373" lon="-1.96325">
        <ele>194.25</ele>
      </trkpt>
      <trkpt lat="54.064351" lon="-1.963463">
        <ele>194.75</ele>
      </trkpt>
      <trkpt lat="54.064311" lon="-1.963848">
        <ele>195.5</ele>
      </trkpt>
      <trkpt lat="54.064308" lon="-1.963906">
        <ele>195.5</ele>
      </trkpt>
      <trkpt lat="54.064285" lon="-1.964308">
        <ele>196</ele>
      </trkpt>
      <trkpt lat="54.064279" lon="-1.964623">
        <ele>196.5</ele>
      </trkpt>
      <trkpt lat="54.064272" lon="-1.965138">
        <ele>197.25</ele>
      </trkpt>
      <trkpt lat="54.064266" lon="-1.965485">
        <ele>198</ele>
      </trkpt>
      <trkpt lat="54.064221" lon="-1.96577">
        <ele>198.75</ele>
      </trkpt>
      <trkpt lat="54.064138" lon="-1.966149">
        <ele>199.5</ele>
      </trkpt>
      <trkpt lat="54.06362" lon="-1.968279">
        <ele>202.25</ele>
      </trkpt>
      <trkpt lat="54.063568" lon="-1.968561">
        <ele>202.75</ele>
      </trkpt>
      <trkpt lat="54.063549" lon="-1.968894">
        <ele>203.75</ele>
      </trkpt>
      <trkpt lat="54.063553" lon="-1.969225">
        <ele>204.75</ele>
      </trkpt>
      <trkpt lat="54.063578" lon="-1.969611">
        <ele>206</ele>
      </trkpt>
      <trkpt lat="54.063686" lon="-1.970195">
        <ele>208</ele>
      </trkpt>
      <trkpt lat="54.063884" lon="-1.97164">
        <ele>210.75</ele>
      </trkpt>
      <trkpt lat="54.063948" lon="-1.971956">
        <ele>211.25</ele>
      </trkpt>
      <trkpt lat="54.064077" lon="-1.972466">
        <ele>212.25</ele>
      </trkpt>
      <trkpt lat="54.06413" lon="-1.9728">
        <ele>212.5</ele>
      </trkpt>
      <trkpt lat="54.064168" lon="-1.973203">
        <ele>213</ele>
      </trkpt>
      <trkpt lat="54.064218" lon="-1.97422">
        <ele>211.25</ele>
      </trkpt>
      <trkpt lat="54.064285" lon="-1.974732">
        <ele>211.25</ele>
      </trkpt>
      <trkpt lat="54.064436" lon="-1.975718">
        <ele>211.25</ele>
      </trkpt>
      <trkpt lat="54.064484" lon="-1.975914">
        <ele>211.5</ele>
      </trkpt>
      <trkpt lat="54.064569" lon="-1.976292">
        <ele>212.25</ele>
      </trkpt>
      <trkpt lat="54.064773" lon="-1.977492">
        <ele>215</ele>
      </trkpt>
      <trkpt lat="54.064812" lon="-1.977851">
        <ele>215.25</ele>
      </trkpt>
      <trkpt lat="54.064861" lon="-1.978202">
        <ele>215.75</ele>
      </trkpt>
      <trkpt lat="54.065055" lon="-1.97929">
        <ele>215</ele>
      </trkpt>
      <trkpt lat="54.065123" lon="-1.979594">
        <ele>214.75</ele>
      </trkpt>
      <trkpt lat="54.065268" lon="-1.98019">
        <ele>214</ele>
      </trkpt>
      <trkpt lat="54.065341" lon="-1.980571">
        <ele>213.25</ele>
      </trkpt>
      <trkpt lat="54.065373" lon="-1.980782">
        <ele>212.75</ele>
      </trkpt>
      <trkpt lat="54.065385" lon="-1.980937">
        <ele>212.25</ele>
      </trkpt>
      <trkpt lat="54.06539" lon="-1.981064">
        <ele>211.75</ele>
      </trkpt>
      <trkpt lat="54.065376" lon="-1.98121">
        <ele>211.25</ele>
      </trkpt>
      <trkpt lat="54.065251" lon="-1.98181">
        <ele>208</ele>
      </trkpt>
      <trkpt lat="54.065241" lon="-1.981948">
        <ele>207.25</ele>
      </trkpt>
      <trkpt lat="54.065244" lon="-1.98208">
        <ele>206.75</ele>
      </trkpt>
      <trkpt lat="54.065257" lon="-1.982185">
        <ele>206.25</ele>
      </trkpt>
      <trkpt lat="54.065329" lon="-1.98241">
        <ele>205.75</ele>
      </trkpt>
      <trkpt lat="54.065407" lon="-1.982602">
        <ele>205.25</ele>
      </trkpt>
      <trkpt lat="54.065476" lon="-1.982825">
        <ele>205</ele>
      </trkpt>
      <trkpt lat="54.065516" lon="-1.983049">
        <ele>204.25</ele>
      </trkpt>
      <trkpt lat="54.065527" lon="-1.983177">
        <ele>203.75</ele>
      </trkpt>
      <trkpt lat="54.065575" lon="-1.983688">
        <ele>202.25</ele>
      </trkpt>
      <trkpt lat="54.065643" lon="-1.984034">
        <ele>201.75</ele>
      </trkpt>
      <trkpt lat="54.065782" lon="-1.984559">
        <ele>202</ele>
      </trkpt>
      <trkpt lat="54.065961" lon="-1.985092">
        <ele>202.75</ele>
      </trkpt>
      <trkpt lat="54.066281" lon="-1.985933">
        <ele>203.5</ele>
      </trkpt>
      <trkpt lat="54.066384" lon="-1.986256">
        <ele>204</ele>
      </trkpt>
      <trkpt lat="54.06653" lon="-1.986821">
        <ele>204.5</ele>
      </trkpt>
      <trkpt lat="54.066607" lon="-1.987131">
        <ele>204.75</ele>
      </trkpt>
      <trkpt lat="54.066696" lon="-1.987785">
        <ele>204.5</ele>
      </trkpt>
      <trkpt lat="54.066946" lon="-1.988955">
        <ele>201.25</ele>
      </trkpt>
      <trkpt lat="54.067009" lon="-1.989175">
        <ele>200.5</ele>
      </trkpt>
      <trkpt lat="54.067095" lon="-1.989408">
        <ele>200.25</ele>
      </trkpt>
      <trkpt lat="54.067173" lon="-1.989562">
        <ele>200.25</ele>
      </trkpt>
      <trkpt lat="54.067286" lon="-1.989758">
        <ele>201</ele>
      </trkpt>
      <trkpt lat="54.067741" lon="-1.990478">
        <ele>202.25</ele>
      </trkpt>
      <trkpt lat="54.067793" lon="-1.990599">
        <ele>201.75</ele>
      </trkpt>
      <trkpt lat="54.067822" lon="-1.990715">
        <ele>201.25</ele>
      </trkpt>
      <trkpt lat="54.067837" lon="-1.990847">
        <ele>200.5</ele>
      </trkpt>
      <trkpt lat="54.067857" lon="-1.991227">
        <ele>198.5</ele>
      </trkpt>
      <trkpt lat="54.067851" lon="-1.991436">
        <ele>197.25</ele>
      </trkpt>
      <trkpt lat="54.067818" lon="-1.991623">
        <ele>195.75</ele>
      </trkpt>
      <trkpt lat="54.067753" lon="-1.991825">
        <ele>194.75</ele>
      </trkpt>
      <trkpt lat="54.067518" lon="-1.99247">
        <ele>192</ele>
      </trkpt>
      <trkpt lat="54.067481" lon="-1.992601">
        <ele>191.5</ele>
      </trkpt>
      <trkpt lat="54.067457" lon="-1.992771">
        <ele>191</ele>
      </trkpt>
      <trkpt lat="54.067458" lon="-1.992874">
        <ele>191</ele>
      </trkpt>
      <trkpt lat="54.067472" lon="-1.992995">
        <ele>191</ele>
      </trkpt>
      <trkpt lat="54.067504" lon="-1.993148">
        <ele>191</ele>
      </trkpt>
      <trkpt lat="54.067555" lon="-1.993298">
        <ele>191</ele>
      </trkpt>
      <trkpt lat="54.067653" lon="-1.993506">
        <ele>191.5</ele>
      </trkpt>
      <trkpt lat="54.067876" lon="-1.99381">
        <ele>192.5</ele>
      </trkpt>
      <trkpt lat="54.068185" lon="-1.994177">
        <ele>194.25</ele>
      </trkpt>
      <trkpt lat="54.068252" lon="-1.994281">
        <ele>194.75</ele>
      </trkpt>
      <trkpt lat="54.0683" lon="-1.994386">
        <ele>195</ele>
      </trkpt>
      <trkpt lat="54.068409" lon="-1.994615">
        <ele>195.75</ele>
      </trkpt>
      <trkpt lat="54.068494" lon="-1.994783">
        <ele>196</ele>
      </trkpt>
      <trkpt lat="54.068595" lon="-1.994981">
        <ele>196.5</ele>
      </trkpt>
      <trkpt lat="54.069019" lon="-1.99573">
        <ele>196.75</ele>
      </trkpt>
      <trkpt lat="54.06903" lon="-1.995751">
        <ele>196.75</ele>
      </trkpt>
      <trkpt lat="54.069297" lon="-1.99621">
        <ele>196.75</ele>
      </trkpt>
      <trkpt lat="54.069647" lon="-1.99673">
        <ele>196.75</ele>
      </trkpt>
      <trkpt lat="54.069708" lon="-1.996823">
        <ele>196.75</ele>
      </trkpt>
      <trkpt lat="54.069792" lon="-1.996933">
        <ele>196.75</ele>
      </trkpt>
      <trkpt lat="54.069867" lon="-1.997012">
        <ele>196.75</ele>
      </trkpt>
      <trkpt lat="54.069966" lon="-1.997089">
        <ele>196.75</ele>
      </trkpt>
      <trkpt lat="54.070099" lon="-1.997156">
        <ele>197</ele>
      </trkpt>
      <trkpt lat="54.070183" lon="-1.997196">
        <ele>197.25</ele>
      </trkpt>
      <trkpt lat="54.070264" lon="-1.997224">
        <ele>197.5</ele>
      </trkpt>
      <trkpt lat="54.070408" lon="-1.997297">
        <ele>197.75</ele>
      </trkpt>
      <trkpt lat="54.070535" lon="-1.997399">
        <ele>198</ele>
      </trkpt>
      <trkpt lat="54.070708" lon="-1.997565">
        <ele>198.25</ele>
      </trkpt>
      <trkpt lat="54.070956" lon="-1.997841">
        <ele>199.25</ele>
      </trkpt>
      <trkpt lat="54.071118" lon="-1.99799">
        <ele>199.75</ele>
      </trkpt>
      <trkpt lat="54.071387" lon="-1.998184">
        <ele>200.75</ele>
      </trkpt>
      <trkpt lat="54.071422" lon="-1.998261">
        <ele>200.75</ele>
      </trkpt>
      <trkpt lat="54.071453" lon="-1.998337">
        <ele>200.75</ele>
      </trkpt>
      <trkpt lat="54.071471" lon="-1.998422">
        <ele>200.75</ele>
      </trkpt>
      <trkpt lat="54.071476" lon="-1.998494">
        <ele>200.5</ele>
      </trkpt>
      <trkpt lat="54.071466" lon="-1.998555">
        <ele>200.5</ele>
      </trkpt>
      <trkpt lat="54.071359" lon="-1.999048">
        <ele>199</ele>
      </trkpt>
      <trkpt lat="54.071283" lon="-1.999495">
        <ele>198.25</ele>
      </trkpt>
      <trkpt lat="54.071251" lon="-1.999636">
        <ele>198</ele>
      </trkpt>
      <trkpt lat="54.071238" lon="-1.999693">
        <ele>198</ele>
      </trkpt>
      <trkpt lat="54.071178" lon="-1.999955">
        <ele>197.75</ele>
      </trkpt>
      <trkpt lat="54.071134" lon="-2.000119">
        <ele>197.25</ele>
      </trkpt>
      <trkpt lat="54.070956" lon="-2.000711">
        <ele>194.5</ele>
      </trkpt>
      <trkpt lat="54.070637" lon="-2.001525">
        <ele>190.5</ele>
      </trkpt>
      <trkpt lat="54.0706" lon="-2.001708">
        <ele>189.5</ele>
      </trkpt>
      <trkpt lat="54.070589" lon="-2.001891">
        <ele>188</ele>
      </trkpt>
      <trkpt lat="54.070591" lon="-2.002015">
        <ele>187</ele>
      </trkpt>
      <trkpt lat="54.070605" lon="-2.0024">
        <ele>184</ele>
      </trkpt>
      <trkpt lat="54.070619" lon="-2.002583">
        <ele>182.75</ele>
      </trkpt>
      <trkpt lat="54.070651" lon="-2.002729">
        <ele>181.75</ele>
      </trkpt>
      <trkpt lat="54.070717" lon="-2.002903">
        <ele>180.25</ele>
      </trkpt>
      <trkpt lat="54.070849" lon="-2.003211">
        <ele>178</ele>
      </trkpt>
      <trkpt lat="54.070903" lon="-2.00333">
        <ele>177.5</ele>
      </trkpt>
      <trkpt lat="54.070941" lon="-2.003476">
        <ele>177</ele>
      </trkpt>
      <trkpt lat="54.070939" lon="-2.003625">
        <ele>176.5</ele>
      </trkpt>
      <trkpt lat="54.070915" lon="-2.003785">
        <ele>175.5</ele>
      </trkpt>
      <trkpt lat="54.070909" lon="-2.003809">
        <ele>175.25</ele>
      </trkpt>
      <trkpt lat="54.070858" lon="-2.003956">
        <ele>174.75</ele>
      </trkpt>
      <trkpt lat="54.070521" lon="-2.004765">
        <ele>172</ele>
      </trkpt>
      <trkpt lat="54.070486" lon="-2.004859">
        <ele>172.25</ele>
      </trkpt>
      <trkpt lat="54.070457" lon="-2.004961">
        <ele>172</ele>
      </trkpt>
      <trkpt lat="54.070413" lon="-2.005259">
        <ele>173.25</ele>
      </trkpt>
      <trkpt lat="54.070412" lon="-2.005421">
        <ele>174.25</ele>
      </trkpt>
      <trkpt lat="54.070434" lon="-2.005643">
        <ele>175.25</ele>
      </trkpt>
      <trkpt lat="54.070638" lon="-2.006732">
        <ele>181.25</ele>
      </trkpt>
      <trkpt lat="54.070673" lon="-2.006955">
        <ele>182</ele>
      </trkpt>
      <trkpt lat="54.070694" lon="-2.00716">
        <ele>182.75</ele>
      </trkpt>
      <trkpt lat="54.070767" lon="-2.00787">
        <ele>184.25</ele>
      </trkpt>
      <trkpt lat="54.070798" lon="-2.008138">
        <ele>184.5</ele>
      </trkpt>
      <trkpt lat="54.070847" lon="-2.008375">
        <ele>185</ele>
      </trkpt>
      <trkpt lat="54.070961" lon="-2.008691">
        <ele>186</ele>
      </trkpt>
      <trkpt lat="54.071034" lon="-2.008954">
        <ele>186.75</ele>
      </trkpt>
      <trkpt lat="54.071052" lon="-2.009118">
        <ele>187.25</ele>
      </trkpt>
      <trkpt lat="54.071057" lon="-2.009335">
        <ele>187.75</ele>
      </trkpt>
      <trkpt lat="54.071024" lon="-2.009621">
        <ele>188.5</ele>
      </trkpt>
      <trkpt lat="54.070948" lon="-2.010016">
        <ele>189.5</ele>
      </trkpt>
      <trkpt lat="54.070893" lon="-2.010302">
        <ele>189.5</ele>
      </trkpt>
      <trkpt lat="54.070819" lon="-2.010783">
        <ele>189</ele>
      </trkpt>
      <trkpt lat="54.070795" lon="-2.010952">
        <ele>188.75</ele>
      </trkpt>
      <trkpt lat="54.070786" lon="-2.011079">
        <ele>188.75</ele>
      </trkpt>
      <trkpt lat="54.070734" lon="-2.011803">
        <ele>188.5</ele>
      </trkpt>
      <trkpt lat="54.070532" lon="-2.013007">
        <ele>187.5</ele>
      </trkpt>
      <trkpt lat="54.070474" lon="-2.013443">
        <ele>187.75</ele>
      </trkpt>
      <trkpt lat="54.070468" lon="-2.013847">
        <ele>188.25</ele>
      </trkpt>
      <trkpt lat="54.070471" lon="-2.014163">
        <ele>188.5</ele>
      </trkpt>
      <trkpt lat="54.070479" lon="-2.014497">
        <ele>189</ele>
      </trkpt>
      <trkpt lat="54.070486" lon="-2.014742">
        <ele>189.25</ele>
      </trkpt>
      <trkpt lat="54.070432" lon="-2.015117">
        <ele>190</ele>
      </trkpt>
      <trkpt lat="54.070338" lon="-2.015374">
        <ele>191</ele>
      </trkpt>
      <trkpt lat="54.069545" lon="-2.016666">
        <ele>194.5</ele>
      </trkpt>
      <trkpt lat="54.069453" lon="-2.01687">
        <ele>194.5</ele>
      </trkpt>
      <trkpt lat="54.069323" lon="-2.017272">
        <ele>194.25</ele>
      </trkpt>
      <trkpt lat="54.069303" lon="-2.01739">
        <ele>194</ele>
      </trkpt>
      <trkpt lat="54.069296" lon="-2.017593">
        <ele>193.75</ele>
      </trkpt>
      <trkpt lat="54.069429" lon="-2.017688">
        <ele>193.75</ele>
      </trkpt>
      <trkpt lat="54.06952" lon="-2.017772">
        <ele>193.75</ele>
      </trkpt>
      <trkpt lat="54.069869" lon="-2.018172">
        <ele>193.75</ele>
      </trkpt>
      <trkpt lat="54.070094" lon="-2.018467">
        <ele>193.5</ele>
      </trkpt>
      <trkpt lat="54.070538" lon="-2.019032">
        <ele>192.75</ele>
      </trkpt>
      <trkpt lat="54.070833" lon="-2.019433">
        <ele>193.25</ele>
      </trkpt>
      <trkpt lat="54.070963" lon="-2.019569">
        <ele>193.25</ele>
      </trkpt>
      <trkpt lat="54.071442" lon="-2.020069">
        <ele>193.25</ele>
      </trkpt>
      <trkpt lat="54.071685" lon="-2.020336">
        <ele>193.25</ele>
      </trkpt>
      <trkpt lat="54.072739" lon="-2.02181">
        <ele>192.75</ele>
      </trkpt>
      <trkpt lat="54.072851" lon="-2.021981">
        <ele>193.25</ele>
      </trkpt>
      <trkpt lat="54.073025" lon="-2.022141">
        <ele>193.5</ele>
      </trkpt>
      <trkpt lat="54.073227" lon="-2.02226">
        <ele>194</ele>
      </trkpt>
      <trkpt lat="54.073536" lon="-2.022385">
        <ele>194</ele>
      </trkpt>
      <trkpt lat="54.074198" lon="-2.022874">
        <ele>193.75</ele>
      </trkpt>
      <trkpt lat="54.074525" lon="-2.023149">
        <ele>193.75</ele>
      </trkpt>
      <trkpt lat="54.0746" lon="-2.023181">
        <ele>193.5</ele>
      </trkpt>
      <trkpt lat="54.074782" lon="-2.023225">
        <ele>193.25</ele>
      </trkpt>
      <trkpt lat="54.075042" lon="-2.023241">
        <ele>192.75</ele>
      </trkpt>
      <trkpt lat="54.075253" lon="-2.023286">
        <ele>192.5</ele>
      </trkpt>
      <trkpt lat="54.075464" lon="-2.023401">
        <ele>192.25</ele>
      </trkpt>
      <trkpt lat="54.075586" lon="-2.023493">
        <ele>192.25</ele>
      </trkpt>
      <trkpt lat="54.075822" lon="-2.02368">
        <ele>191.5</ele>
      </trkpt>
      <trkpt lat="54.075918" lon="-2.023776">
        <ele>191.5</ele>
      </trkpt>
      <trkpt lat="54.076297" lon="-2.024289">
        <ele>192</ele>
      </trkpt>
      <trkpt lat="54.076565" lon="-2.024802">
        <ele>193.25</ele>
      </trkpt>
      <trkpt lat="54.076952" lon="-2.025572">
        <ele>195</ele>
      </trkpt>
      <trkpt lat="54.077047" lon="-2.02573">
        <ele>195.5</ele>
      </trkpt>
      <trkpt lat="54.077215" lon="-2.025899">
        <ele>196</ele>
      </trkpt>
      <trkpt lat="54.077863" lon="-2.026414">
        <ele>198.25</ele>
      </trkpt>
      <trkpt lat="54.078686" lon="-2.027121">
        <ele>202.25</ele>
      </trkpt>
      <trkpt lat="54.078924" lon="-2.027396">
        <ele>204</ele>
      </trkpt>
      <trkpt lat="54.079144" lon="-2.027674">
        <ele>206.25</ele>
      </trkpt>
      <trkpt lat="54.079215" lon="-2.027776">
        <ele>207</ele>
      </trkpt>
      <trkpt lat="54.080034" lon="-2.028855">
        <ele>211.75</ele>
      </trkpt>
      <trkpt lat="54.080282" lon="-2.029182">
        <ele>213.5</ele>
      </trkpt>
      <trkpt lat="54.080897" lon="-2.030079">
        <ele>215.5</ele>
      </trkpt>
      <trkpt lat="54.082036" lon="-2.03212">
        <ele>204.5</ele>
      </trkpt>
      <trkpt lat="54.08291" lon="-2.033677">
        <ele>199</ele>
      </trkpt>
      <trkpt lat="54.083207" lon="-2.034134">
        <ele>196.5</ele>
      </trkpt>
      <trkpt lat="54.083352" lon="-2.034298">
        <ele>195</ele>
      </trkpt>
      <trkpt lat="54.083447" lon="-2.034383">
        <ele>194.5</ele>
      </trkpt>
      <trkpt lat="54.083572" lon="-2.034472">
        <ele>194</ele>
      </trkpt>
      <trkpt lat="54.08371" lon="-2.034543">
        <ele>193.25</ele>
      </trkpt>
      <trkpt lat="54.083963" lon="-2.034608">
        <ele>191.75</ele>
      </trkpt>
      <trkpt lat="54.084133" lon="-2.034607">
        <ele>190.75</ele>
      </trkpt>
      <trkpt lat="54.084241" lon="-2.034587">
        <ele>190.25</ele>
      </trkpt>
      <trkpt lat="54.084379" lon="-2.034541">
        <ele>190</ele>
      </trkpt>
      <trkpt lat="54.084504" lon="-2.034476">
        <ele>189.5</ele>
      </trkpt>
      <trkpt lat="54.084784" lon="-2.034269">
        <ele>187.75</ele>
      </trkpt>
      <trkpt lat="54.085211" lon="-2.033858">
        <ele>184.5</ele>
      </trkpt>
      <trkpt lat="54.085585" lon="-2.033548">
        <ele>181.75</ele>
      </trkpt>
      <trkpt lat="54.085785" lon="-2.033436">
        <ele>180.75</ele>
      </trkpt>
      <trkpt lat="54.086011" lon="-2.033362">
        <ele>180.5</ele>
      </trkpt>
      <trkpt lat="54.08622" lon="-2.033339">
        <ele>180.75</ele>
      </trkpt>
      <trkpt lat="54.086445" lon="-2.033362">
        <ele>181.75</ele>
      </trkpt>
      <trkpt lat="54.086629" lon="-2.033429">
        <ele>183</ele>
      </trkpt>
      <trkpt lat="54.086834" lon="-2.033542">
        <ele>184.5</ele>
      </trkpt>
      <trkpt lat="54.08704" lon="-2.033679">
        <ele>186</ele>
      </trkpt>
      <trkpt lat="54.087638" lon="-2.034157">
        <ele>191.25</ele>
      </trkpt>
      <trkpt lat="54.08792" lon="-2.034322">
        <ele>192.25</ele>
      </trkpt>
      <trkpt lat="54.088823" lon="-2.034596">
        <ele>190.75</ele>
      </trkpt>
      <trkpt lat="54.089527" lon="-2.034759">
        <ele>188.25</ele>
      </trkpt>
      <trkpt lat="54.090017" lon="-2.034769">
        <ele>186</ele>
      </trkpt>
      <trkpt lat="54.090601" lon="-2.034856">
        <ele>185.75</ele>
      </trkpt>
      <trkpt lat="54.09144" lon="-2.035045">
        <ele>187.75</ele>
      </trkpt>
      <trkpt lat="54.091828" lon="-2.035082">
        <ele>188.5</ele>
      </trkpt>
      <trkpt lat="54.091867" lon="-2.035076">
        <ele>188.25</ele>
      </trkpt>
      <trkpt lat="54.092212" lon="-2.035026">
        <ele>187.5</ele>
      </trkpt>
      <trkpt lat="54.094133" lon="-2.03458">
        <ele>185.5</ele>
      </trkpt>
      <trkpt lat="54.094939" lon="-2.034414">
        <ele>184.25</ele>
      </trkpt>
      <trkpt lat="54.095338" lon="-2.034393">
        <ele>185.25</ele>
      </trkpt>
      <trkpt lat="54.095695" lon="-2.034319">
        <ele>186</ele>
      </trkpt>
      <trkpt lat="54.095896" lon="-2.034186">
        <ele>186</ele>
      </trkpt>
      <trkpt lat="54.096076" lon="-2.034093">
        <ele>185.75</ele>
      </trkpt>
      <trkpt lat="54.096272" lon="-2.034067">
        <ele>186</ele>
      </trkpt>
      <trkpt lat="54.096623" lon="-2.034107">
        <ele>186.5</ele>
      </trkpt>
      <trkpt lat="54.096777" lon="-2.034157">
        <ele>187</ele>
      </trkpt>
      <trkpt lat="54.096913" lon="-2.034156">
        <ele>187.5</ele>
      </trkpt>
      <trkpt lat="54.097162" lon="-2.034084">
        <ele>187.75</ele>
      </trkpt>
      <trkpt lat="54.097267" lon="-2.034064">
        <ele>187.75</ele>
      </trkpt>
      <trkpt lat="54.09734" lon="-2.034069">
        <ele>188</ele>
      </trkpt>
      <trkpt lat="54.097593" lon="-2.03417">
        <ele>188.75</ele>
      </trkpt>
      <trkpt lat="54.097787" lon="-2.034303">
        <ele>189</ele>
      </trkpt>
      <trkpt lat="54.098199" lon="-2.034692">
        <ele>190</ele>
      </trkpt>
      <trkpt lat="54.098422" lon="-2.034955">
        <ele>190</ele>
      </trkpt>
      <trkpt lat="54.098996" lon="-2.035798">
        <ele>191.75</ele>
      </trkpt>
      <trkpt lat="54.099258" lon="-2.036106">
        <ele>192</ele>
      </trkpt>
      <trkpt lat="54.099435" lon="-2.036297">
        <ele>191.75</ele>
      </trkpt>
      <trkpt lat="54.099684" lon="-2.036567">
        <ele>191</ele>
      </trkpt>
      <trkpt lat="54.100047" lon="-2.036804">
        <ele>189.5</ele>
      </trkpt>
      <trkpt lat="54.100619" lon="-2.037364">
        <ele>191</ele>
      </trkpt>
      <trkpt lat="54.100748" lon="-2.037475">
        <ele>191</ele>
      </trkpt>
      <trkpt lat="54.100893" lon="-2.037548">
        <ele>191</ele>
      </trkpt>
      <trkpt lat="54.101045" lon="-2.037575">
        <ele>190.75</ele>
      </trkpt>
      <trkpt lat="54.101538" lon="-2.037589">
        <ele>189.5</ele>
      </trkpt>
      <trkpt lat="54.101647" lon="-2.037603">
        <ele>189.25</ele>
      </trkpt>
      <trkpt lat="54.101788" lon="-2.037645">
        <ele>188.75</ele>
      </trkpt>
      <trkpt lat="54.101946" lon="-2.037719">
        <ele>188.25</ele>
      </trkpt>
      <trkpt lat="54.102008" lon="-2.037758">
        <ele>188.25</ele>
      </trkpt>
      <trkpt lat="54.102274" lon="-2.037968">
        <ele>187.75</ele>
      </trkpt>
      <trkpt lat="54.102475" lon="-2.038051">
        <ele>187</ele>
      </trkpt>
      <trkpt lat="54.102747" lon="-2.038098">
        <ele>187</ele>
      </trkpt>
      <trkpt lat="54.103156" lon="-2.038087">
        <ele>186.75</ele>
      </trkpt>
      <trkpt lat="54.103333" lon="-2.038123">
        <ele>186.5</ele>
      </trkpt>
      <trkpt lat="54.103613" lon="-2.038292">
        <ele>186.25</ele>
      </trkpt>
      <trkpt lat="54.103763" lon="-2.038418">
        <ele>186</ele>
      </trkpt>
      <trkpt lat="54.103911" lon="-2.038569">
        <ele>186</ele>
      </trkpt>
      <trkpt lat="54.104537" lon="-2.039363">
        <ele>187</ele>
      </trkpt>
      <trkpt lat="54.104716" lon="-2.039546">
        <ele>187</ele>
      </trkpt>
      <trkpt lat="54.104866" lon="-2.039679">
        <ele>187</ele>
      </trkpt>
      <trkpt lat="54.105109" lon="-2.039769">
        <ele>187</ele>
      </trkpt>
      <trkpt lat="54.105894" lon="-2.039961">
        <ele>187.75</ele>
      </trkpt>
      <trkpt lat="54.106286" lon="-2.04005">
        <ele>188.5</ele>
      </trkpt>
      <trkpt lat="54.106378" lon="-2.04007">
        <ele>188.75</ele>
      </trkpt>
      <trkpt lat="54.106557" lon="-2.040061">
        <ele>189</ele>
      </trkpt>
      <trkpt lat="54.107093" lon="-2.039828">
        <ele>189.5</ele>
      </trkpt>
      <trkpt lat="54.107916" lon="-2.03975">
        <ele>192.25</ele>
      </trkpt>
      <trkpt lat="54.108189" lon="-2.039833">
        <ele>194</ele>
      </trkpt>
      <trkpt lat="54.10839" lon="-2.039875">
        <ele>195</ele>
      </trkpt>
      <trkpt lat="54.109138" lon="-2.039955">
        <ele>194.75</ele>
      </trkpt>
      <trkpt lat="54.109354" lon="-2.040008">
        <ele>194.25</ele>
      </trkpt>
      <trkpt lat="54.110291" lon="-2.040415">
        <ele>202</ele>
      </trkpt>
      <trkpt lat="54.111516" lon="-2.040874">
        <ele>198.5</ele>
      </trkpt>
      <trkpt lat="54.111988" lon="-2.041119">
        <ele>196.25</ele>
      </trkpt>
      <trkpt lat="54.112075" lon="-2.041174">
        <ele>195.75</ele>
      </trkpt>
      <trkpt lat="54.112373" lon="-2.041524">
        <ele>194.25</ele>
      </trkpt>
      <trkpt lat="54.112745" lon="-2.041815">
        <ele>194.25</ele>
      </trkpt>
      <trkpt lat="54.112957" lon="-2.04199">
        <ele>195.5</ele>
      </trkpt>
      <trkpt lat="54.113131" lon="-2.042149">
        <ele>196.5</ele>
      </trkpt>
      <trkpt lat="54.114574" lon="-2.043131">
        <ele>196.75</ele>
      </trkpt>
      <trkpt lat="54.115385" lon="-2.043886">
        <ele>199</ele>
      </trkpt>
      <trkpt lat="54.115682" lon="-2.044165">
        <ele>199</ele>
      </trkpt>
      <trkpt lat="54.115975" lon="-2.044574">
        <ele>199.75</ele>
      </trkpt>
      <trkpt lat="54.116377" lon="-2.045212">
        <ele>200.75</ele>
      </trkpt>
      <trkpt lat="54.116588" lon="-2.045485">
        <ele>200.75</ele>
      </trkpt>
      <trkpt lat="54.116634" lon="-2.045509">
        <ele>200.5</ele>
      </trkpt>
      <trkpt lat="54.116847" lon="-2.045479">
        <ele>199.25</ele>
      </trkpt>
      <trkpt lat="54.117684" lon="-2.045223">
        <ele>195.25</ele>
      </trkpt>
      <trkpt lat="54.117876" lon="-2.045181">
        <ele>195</ele>
      </trkpt>
      <trkpt lat="54.118077" lon="-2.045122">
        <ele>195</ele>
      </trkpt>
      <trkpt lat="54.118179" lon="-2.045073">
        <ele>195</ele>
      </trkpt>
      <trkpt lat="54.118576" lon="-2.044723">
        <ele>195.25</ele>
      </trkpt>
      <trkpt lat="54.118843" lon="-2.044482">
        <ele>195.75</ele>
      </trkpt>
      <trkpt lat="54.119255" lon="-2.044134">
        <ele>197.5</ele>
      </trkpt>
      <trkpt lat="54.119546" lon="-2.043842">
        <ele>200.25</ele>
      </trkpt>
      <trkpt lat="54.119763" lon="-2.043611">
        <ele>202.75</ele>
      </trkpt>
      <trkpt lat="54.12009" lon="-2.043302">
        <ele>207</ele>
      </trkpt>
      <trkpt lat="54.120465" lon="-2.042918">
        <ele>211</ele>
      </trkpt>
      <trkpt lat="54.120563" lon="-2.042763">
        <ele>211.75</ele>
      </trkpt>
      <trkpt lat="54.120674" lon="-2.042586">
        <ele>212.5</ele>
      </trkpt>
      <trkpt lat="54.120767" lon="-2.042334">
        <ele>212.5</ele>
      </trkpt>
      <trkpt lat="54.120868" lon="-2.041837">
        <ele>211.75</ele>
      </trkpt>
      <trkpt lat="54.121012" lon="-2.041437">
        <ele>211.5</ele>
      </trkpt>
      <trkpt lat="54.121213" lon="-2.04118">
        <ele>211.5</ele>
      </trkpt>
      <trkpt lat="54.121376" lon="-2.041033">
        <ele>211.25</ele>
      </trkpt>
      <trkpt lat="54.121773" lon="-2.040875">
        <ele>211.75</ele>
      </trkpt>
      <trkpt lat="54.122571" lon="-2.040683">
        <ele>212.25</ele>
      </trkpt>
      <trkpt lat="54.122912" lon="-2.040583">
        <ele>212</ele>
      </trkpt>
      <trkpt lat="54.123382" lon="-2.040358">
        <ele>209.75</ele>
      </trkpt>
      <trkpt lat="54.12375" lon="-2.040303">
        <ele>208.25</ele>
      </trkpt>
      <trkpt lat="54.124392" lon="-2.040263">
        <ele>207.5</ele>
      </trkpt>
      <trkpt lat="54.124795" lon="-2.040212">
        <ele>207.75</ele>
      </trkpt>
      <trkpt lat="54.125149" lon="-2.040092">
        <ele>207</ele>
      </trkpt>
      <trkpt lat="54.125521" lon="-2.040003">
        <ele>207.5</ele>
      </trkpt>
      <trkpt lat="54.126021" lon="-2.039987">
        <ele>208.25</ele>
      </trkpt>
      <trkpt lat="54.126186" lon="-2.039999">
        <ele>207.5</ele>
      </trkpt>
      <trkpt lat="54.127006" lon="-2.040119">
        <ele>205.25</ele>
      </trkpt>
      <trkpt lat="54.127338" lon="-2.040108">
        <ele>202.5</ele>
      </trkpt>
      <trkpt lat="54.127455" lon="-2.040147">
        <ele>202.25</ele>
      </trkpt>
      <trkpt lat="54.127614" lon="-2.040234">
        <ele>202.75</ele>
      </trkpt>
      <trkpt lat="54.128272" lon="-2.040756">
        <ele>206.25</ele>
      </trkpt>
      <trkpt lat="54.12923" lon="-2.041407">
        <ele>208</ele>
      </trkpt>
      <trkpt lat="54.129931" lon="-2.041954">
        <ele>210</ele>
      </trkpt>
      <trkpt lat="54.13044" lon="-2.042119">
        <ele>209.25</ele>
      </trkpt>
      <trkpt lat="54.130736" lon="-2.042243">
        <ele>209</ele>
      </trkpt>
      <trkpt lat="54.130993" lon="-2.04236">
        <ele>209</ele>
      </trkpt>
      <trkpt lat="54.131207" lon="-2.042504">
        <ele>209.75</ele>
      </trkpt>
      <trkpt lat="54.131747" lon="-2.043051">
        <ele>212.25</ele>
      </trkpt>
      <trkpt lat="54.132064" lon="-2.043322">
        <ele>212</ele>
      </trkpt>
      <trkpt lat="54.132515" lon="-2.043591">
        <ele>212.25</ele>
      </trkpt>
      <trkpt lat="54.132602" lon="-2.043636">
        <ele>212.5</ele>
      </trkpt>
      <trkpt lat="54.133055" lon="-2.04379">
        <ele>213.25</ele>
      </trkpt>
      <trkpt lat="54.133275" lon="-2.043842">
        <ele>212.75</ele>
      </trkpt>
      <trkpt lat="54.133416" lon="-2.043793">
        <ele>211.75</ele>
      </trkpt>
      <trkpt lat="54.133706" lon="-2.043645">
        <ele>209</ele>
      </trkpt>
      <trkpt lat="54.133936" lon="-2.043619">
        <ele>208.25</ele>
      </trkpt>
      <trkpt lat="54.134129" lon="-2.043643">
        <ele>208</ele>
      </trkpt>
      <trkpt lat="54.134297" lon="-2.043691">
        <ele>208</ele>
      </trkpt>
      <trkpt lat="54.134414" lon="-2.043749">
        <ele>208.25</ele>
      </trkpt>
      <trkpt lat="54.13471" lon="-2.043968">
        <ele>209.25</ele>
      </trkpt>
      <trkpt lat="54.134968" lon="-2.044189">
        <ele>210.25</ele>
      </trkpt>
      <trkpt lat="54.135161" lon="-2.044289">
        <ele>210.5</ele>
      </trkpt>
      <trkpt lat="54.135507" lon="-2.044511">
        <ele>211.25</ele>
      </trkpt>
      <trkpt lat="54.13567" lon="-2.044557">
        <ele>211</ele>
      </trkpt>
      <trkpt lat="54.136044" lon="-2.044778">
        <ele>211.5</ele>
      </trkpt>
      <trkpt lat="54.136347" lon="-2.044922">
        <ele>211.5</ele>
      </trkpt>
      <trkpt lat="54.136604" lon="-2.045098">
        <ele>212.5</ele>
      </trkpt>
      <trkpt lat="54.13684" lon="-2.045314">
        <ele>215.25</ele>
      </trkpt>
      <trkpt lat="54.136957" lon="-2.045461">
        <ele>217</ele>
      </trkpt>
      <trkpt lat="54.137097" lon="-2.045717">
        <ele>220</ele>
      </trkpt>
      <trkpt lat="54.137274" lon="-2.045998">
        <ele>222.75</ele>
      </trkpt>
      <trkpt lat="54.137787" lon="-2.046626">
        <ele>226.5</ele>
      </trkpt>
      <trkpt lat="54.138074" lon="-2.046901">
        <ele>229.25</ele>
      </trkpt>
      <trkpt lat="54.138497" lon="-2.047496">
        <ele>237.75</ele>
      </trkpt>
      <trkpt lat="54.138671" lon="-2.047706">
        <ele>239.75</ele>
      </trkpt>
      <trkpt lat="54.138822" lon="-2.047848">
        <ele>241</ele>
      </trkpt>
      <trkpt lat="54.138948" lon="-2.047942">
        <ele>241.25</ele>
      </trkpt>
      <trkpt lat="54.1393" lon="-2.048135">
        <ele>240.25</ele>
      </trkpt>
      <trkpt lat="54.140198" lon="-2.048697">
        <ele>241</ele>
      </trkpt>
      <trkpt lat="54.140545" lon="-2.048835">
        <ele>239.75</ele>
      </trkpt>
      <trkpt lat="54.14185" lon="-2.049602">
        <ele>234.75</ele>
      </trkpt>
      <trkpt lat="54.142163" lon="-2.049828">
        <ele>232.75</ele>
      </trkpt>
      <trkpt lat="54.142631" lon="-2.050349">
        <ele>238</ele>
      </trkpt>
      <trkpt lat="54.142879" lon="-2.050567">
        <ele>240.25</ele>
      </trkpt>
      <trkpt lat="54.143716" lon="-2.051037">
        <ele>238</ele>
      </trkpt>
      <trkpt lat="54.144072" lon="-2.051168">
        <ele>234.5</ele>
      </trkpt>
      <trkpt lat="54.144214" lon="-2.051246">
        <ele>233.5</ele>
      </trkpt>
      <trkpt lat="54.144572" lon="-2.051467">
        <ele>230.25</ele>
      </trkpt>
      <trkpt lat="54.144733" lon="-2.05155">
        <ele>228.25</ele>
      </trkpt>
      <trkpt lat="54.144819" lon="-2.051566">
        <ele>226.75</ele>
      </trkpt>
      <trkpt lat="54.144902" lon="-2.051567">
        <ele>225</ele>
      </trkpt>
      <trkpt lat="54.145061" lon="-2.051538">
        <ele>222</ele>
      </trkpt>
      <trkpt lat="54.145176" lon="-2.051538">
        <ele>220.5</ele>
      </trkpt>
      <trkpt lat="54.145397" lon="-2.051569">
        <ele>218</ele>
      </trkpt>
      <trkpt lat="54.145464" lon="-2.051569">
        <ele>217.25</ele>
      </trkpt>
      <trkpt lat="54.145555" lon="-2.051548">
        <ele>216</ele>
      </trkpt>
      <trkpt lat="54.145624" lon="-2.051494">
        <ele>215</ele>
      </trkpt>
      <trkpt lat="54.145659" lon="-2.051446">
        <ele>214.25</ele>
      </trkpt>
      <trkpt lat="54.145704" lon="-2.051353">
        <ele>213.5</ele>
      </trkpt>
      <trkpt lat="54.145744" lon="-2.05122">
        <ele>212.75</ele>
      </trkpt>
      <trkpt lat="54.145875" lon="-2.05076">
        <ele>210.5</ele>
      </trkpt>
      <trkpt lat="54.145933" lon="-2.050657">
        <ele>210.25</ele>
      </trkpt>
      <trkpt lat="54.14598" lon="-2.050588">
        <ele>210</ele>
      </trkpt>
      <trkpt lat="54.146045" lon="-2.050501">
        <ele>209.75</ele>
      </trkpt>
      <trkpt lat="54.146298" lon="-2.050217">
        <ele>208.75</ele>
      </trkpt>
      <trkpt lat="54.146366" lon="-2.050126">
        <ele>208.5</ele>
      </trkpt>
      <trkpt lat="54.146419" lon="-2.050035">
        <ele>208.25</ele>
      </trkpt>
      <trkpt lat="54.146491" lon="-2.049857">
        <ele>208.5</ele>
      </trkpt>
      <trkpt lat="54.146593" lon="-2.049443">
        <ele>209.25</ele>
      </trkpt>
      <trkpt lat="54.146621" lon="-2.049359">
        <ele>209.5</ele>
      </trkpt>
      <trkpt lat="54.146651" lon="-2.049313">
        <ele>209.5</ele>
      </trkpt>
      <trkpt lat="54.146687" lon="-2.049288">
        <ele>209.5</ele>
      </trkpt>
      <trkpt lat="54.146797" lon="-2.049262">
        <ele>209.75</ele>
      </trkpt>
      <trkpt lat="54.146848" lon="-2.049262">
        <ele>209.75</ele>
      </trkpt>
      <trkpt lat="54.146885" lon="-2.049273">
        <ele>210</ele>
      </trkpt>
      <trkpt lat="54.146944" lon="-2.04931">
        <ele>209.75</ele>
      </trkpt>
      <trkpt lat="54.146997" lon="-2.049371">
        <ele>209.75</ele>
      </trkpt>
      <trkpt lat="54.147089" lon="-2.049562">
        <ele>209.5</ele>
      </trkpt>
      <trkpt lat="54.147177" lon="-2.049683">
        <ele>209.25</ele>
      </trkpt>
      <trkpt lat="54.14728" lon="-2.049767">
        <ele>209.25</ele>
      </trkpt>
      <trkpt lat="54.147567" lon="-2.049934">
        <ele>209.25</ele>
      </trkpt>
      <trkpt lat="54.14777" lon="-2.050046">
        <ele>209.75</ele>
      </trkpt>
      <trkpt lat="54.147867" lon="-2.050117">
        <ele>210</ele>
      </trkpt>
      <trkpt lat="54.147982" lon="-2.050235">
        <ele>210.25</ele>
      </trkpt>
      <trkpt lat="54.148115" lon="-2.050404">
        <ele>210.25</ele>
      </trkpt>
      <trkpt lat="54.148484" lon="-2.05092">
        <ele>210.75</ele>
      </trkpt>
      <trkpt lat="54.148753" lon="-2.051346">
        <ele>211.25</ele>
      </trkpt>
      <trkpt lat="54.149172" lon="-2.05195">
        <ele>212</ele>
      </trkpt>
      <trkpt lat="54.149353" lon="-2.05221">
        <ele>213</ele>
      </trkpt>
      <trkpt lat="54.149736" lon="-2.052705">
        <ele>214.25</ele>
      </trkpt>
      <trkpt lat="54.14988" lon="-2.052918">
        <ele>214.5</ele>
      </trkpt>
      <trkpt lat="54.150053" lon="-2.05318">
        <ele>214.75</ele>
      </trkpt>
      <trkpt lat="54.150428" lon="-2.053838">
        <ele>217</ele>
      </trkpt>
      <trkpt lat="54.15075" lon="-2.054313">
        <ele>217.75</ele>
      </trkpt>
      <trkpt lat="54.151284" lon="-2.055066">
        <ele>219.5</ele>
      </trkpt>
      <trkpt lat="54.151526" lon="-2.055408">
        <ele>220.25</ele>
      </trkpt>
      <trkpt lat="54.151671" lon="-2.055583">
        <ele>220.5</ele>
      </trkpt>
      <trkpt lat="54.151764" lon="-2.055729">
        <ele>220.25</ele>
      </trkpt>
      <trkpt lat="54.151871" lon="-2.055934">
        <ele>220</ele>
      </trkpt>
      <trkpt lat="54.151969" lon="-2.056141">
        <ele>219.5</ele>
      </trkpt>
      <trkpt lat="54.152051" lon="-2.05634">
        <ele>218.75</ele>
      </trkpt>
      <trkpt lat="54.152349" lon="-2.057179">
        <ele>216.25</ele>
      </trkpt>
      <trkpt lat="54.152418" lon="-2.057316">
        <ele>215.75</ele>
      </trkpt>
      <trkpt lat="54.152903" lon="-2.058078">
        <ele>214.75</ele>
      </trkpt>
      <trkpt lat="54.153049" lon="-2.058267">
        <ele>214.5</ele>
      </trkpt>
      <trkpt lat="54.153317" lon="-2.058549">
        <ele>215</ele>
      </trkpt>
      <trkpt lat="54.153419" lon="-2.058667">
        <ele>215.25</ele>
      </trkpt>
      <trkpt lat="54.154301" lon="-2.059634">
        <ele>215.25</ele>
      </trkpt>
      <trkpt lat="54.154512" lon="-2.059744">
        <ele>215.75</ele>
      </trkpt>
      <trkpt lat="54.154835" lon="-2.059929">
        <ele>215.75</ele>
      </trkpt>
      <trkpt lat="54.155145" lon="-2.060198">
        <ele>216.5</ele>
      </trkpt>
      <trkpt lat="54.155272" lon="-2.060354">
        <ele>216.75</ele>
      </trkpt>
      <trkpt lat="54.155521" lon="-2.060637">
        <ele>216.75</ele>
      </trkpt>
      <trkpt lat="54.155652" lon="-2.06082">
        <ele>216.25</ele>
      </trkpt>
      <trkpt lat="54.155786" lon="-2.061037">
        <ele>215.5</ele>
      </trkpt>
      <trkpt lat="54.155993" lon="-2.061453">
        <ele>215</ele>
      </trkpt>
      <trkpt lat="54.156297" lon="-2.061997">
        <ele>216</ele>
      </trkpt>
      <trkpt lat="54.15642" lon="-2.062137">
        <ele>216.75</ele>
      </trkpt>
      <trkpt lat="54.15673" lon="-2.062457">
        <ele>218.5</ele>
      </trkpt>
      <trkpt lat="54.156968" lon="-2.062763">
        <ele>219</ele>
      </trkpt>
      <trkpt lat="54.15771" lon="-2.063994">
        <ele>217</ele>
      </trkpt>
      <trkpt lat="54.157988" lon="-2.064326">
        <ele>217</ele>
      </trkpt>
      <trkpt lat="54.158875" lon="-2.065067">
        <ele>217.25</ele>
      </trkpt>
      <trkpt lat="54.159665" lon="-2.065746">
        <ele>216.5</ele>
      </trkpt>
      <trkpt lat="54.159877" lon="-2.065893">
        <ele>216.25</ele>
      </trkpt>
      <trkpt lat="54.160496" lon="-2.066292">
        <ele>215.75</ele>
      </trkpt>
      <trkpt lat="54.160747" lon="-2.066381">
        <ele>216</ele>
      </trkpt>
      <trkpt lat="54.160948" lon="-2.066407">
        <ele>216.75</ele>
      </trkpt>
      <trkpt lat="54.16108" lon="-2.066461">
        <ele>217.25</ele>
      </trkpt>
      <trkpt lat="54.161641" lon="-2.066957">
        <ele>217.75</ele>
      </trkpt>
      <trkpt lat="54.16216" lon="-2.067292">
        <ele>218.75</ele>
      </trkpt>
      <trkpt lat="54.16251" lon="-2.067395">
        <ele>219.75</ele>
      </trkpt>
      <trkpt lat="54.163407" lon="-2.067911">
        <ele>220.5</ele>
      </trkpt>
      <trkpt lat="54.163603" lon="-2.068045">
        <ele>220.5</ele>
      </trkpt>
      <trkpt lat="54.164434" lon="-2.068666">
        <ele>220.5</ele>
      </trkpt>
      <trkpt lat="54.164726" lon="-2.068984">
        <ele>220.5</ele>
      </trkpt>
      <trkpt lat="54.164897" lon="-2.069217">
        <ele>220</ele>
      </trkpt>
      <trkpt lat="54.165018" lon="-2.069458">
        <ele>219</ele>
      </trkpt>
      <trkpt lat="54.165234" lon="-2.069989">
        <ele>217</ele>
      </trkpt>
      <trkpt lat="54.165345" lon="-2.070173">
        <ele>217.5</ele>
      </trkpt>
      <trkpt lat="54.165446" lon="-2.07031">
        <ele>217.75</ele>
      </trkpt>
      <trkpt lat="54.165551" lon="-2.070414">
        <ele>218.25</ele>
      </trkpt>
      <trkpt lat="54.165825" lon="-2.070785">
        <ele>219</ele>
      </trkpt>
      <trkpt lat="54.165947" lon="-2.07088">
        <ele>219.75</ele>
      </trkpt>
      <trkpt lat="54.166482" lon="-2.071196">
        <ele>222.5</ele>
      </trkpt>
      <trkpt lat="54.166995" lon="-2.071425">
        <ele>225.75</ele>
      </trkpt>
      <trkpt lat="54.167335" lon="-2.071607">
        <ele>227.75</ele>
      </trkpt>
      <trkpt lat="54.167554" lon="-2.071803">
        <ele>228.75</ele>
      </trkpt>
      <trkpt lat="54.167626" lon="-2.071885">
        <ele>229</ele>
      </trkpt>
      <trkpt lat="54.167698" lon="-2.071969">
        <ele>229.25</ele>
      </trkpt>
      <trkpt lat="54.167775" lon="-2.072113">
        <ele>229.5</ele>
      </trkpt>
      <trkpt lat="54.168223" lon="-2.072987">
        <ele>229</ele>
      </trkpt>
      <trkpt lat="54.168334" lon="-2.073176">
        <ele>228.75</ele>
      </trkpt>
      <trkpt lat="54.168413" lon="-2.073248">
        <ele>228.5</ele>
      </trkpt>
      <trkpt lat="54.168726" lon="-2.073463">
        <ele>229</ele>
      </trkpt>
      <trkpt lat="54.168829" lon="-2.07354">
        <ele>229.25</ele>
      </trkpt>
      <trkpt lat="54.168894" lon="-2.073565">
        <ele>229.25</ele>
      </trkpt>
      <trkpt lat="54.168996" lon="-2.073558">
        <ele>229.75</ele>
      </trkpt>
      <trkpt lat="54.169156" lon="-2.073559">
        <ele>230.25</ele>
      </trkpt>
      <trkpt lat="54.169207" lon="-2.073596">
        <ele>230.5</ele>
      </trkpt>
      <trkpt lat="54.16926" lon="-2.07369">
        <ele>230.75</ele>
      </trkpt>
      <trkpt lat="54.169306" lon="-2.073806">
        <ele>230.75</ele>
      </trkpt>
      <trkpt lat="54.169428" lon="-2.074168">
        <ele>230.5</ele>
      </trkpt>
      <trkpt lat="54.169544" lon="-2.074429">
        <ele>230.25</ele>
      </trkpt>
      <trkpt lat="54.169655" lon="-2.074631">
        <ele>230</ele>
      </trkpt>
      <trkpt lat="54.169695" lon="-2.074702">
        <ele>230</ele>
      </trkpt>
      <trkpt lat="54.169724" lon="-2.074755">
        <ele>229.75</ele>
      </trkpt>
      <trkpt lat="54.169792" lon="-2.074915">
        <ele>229.5</ele>
      </trkpt>
      <trkpt lat="54.169987" lon="-2.075107">
        <ele>229.25</ele>
      </trkpt>
      <trkpt lat="54.170137" lon="-2.075235">
        <ele>229.25</ele>
      </trkpt>
      <trkpt lat="54.170384" lon="-2.075451">
        <ele>229.25</ele>
      </trkpt>
      <trkpt lat="54.17082" lon="-2.075864">
        <ele>228.5</ele>
      </trkpt>
      <trkpt lat="54.171636" lon="-2.07685">
        <ele>225.75</ele>
      </trkpt>
      <trkpt lat="54.172184" lon="-2.077398">
        <ele>227</ele>
      </trkpt>
      <trkpt lat="54.17301" lon="-2.07847">
        <ele>225.75</ele>
      </trkpt>
      <trkpt lat="54.173656" lon="-2.079093">
        <ele>228</ele>
      </trkpt>
      <trkpt lat="54.174017" lon="-2.079482">
        <ele>228.75</ele>
      </trkpt>
      <trkpt lat="54.174361" lon="-2.080013">
        <ele>227.5</ele>
      </trkpt>
      <trkpt lat="54.176095" lon="-2.081941">
        <ele>225</ele>
      </trkpt>
      <trkpt lat="54.176381" lon="-2.082327">
        <ele>224.75</ele>
      </trkpt>
      <trkpt lat="54.176505" lon="-2.082543">
        <ele>223.75</ele>
      </trkpt>
      <trkpt lat="54.176741" lon="-2.082792">
        <ele>223.5</ele>
      </trkpt>
      <trkpt lat="54.176771" lon="-2.082814">
        <ele>223.5</ele>
      </trkpt>
      <trkpt lat="54.177084" lon="-2.08304">
        <ele>224.25</ele>
      </trkpt>
      <trkpt lat="54.177766" lon="-2.08372">
        <ele>224.25</ele>
      </trkpt>
      <trkpt lat="54.177977" lon="-2.083862">
        <ele>224.5</ele>
      </trkpt>
      <trkpt lat="54.178666" lon="-2.084264">
        <ele>225</ele>
      </trkpt>
      <trkpt lat="54.179253" lon="-2.084719">
        <ele>224</ele>
      </trkpt>
      <trkpt lat="54.179642" lon="-2.084913">
        <ele>223</ele>
      </trkpt>
      <trkpt lat="54.180057" lon="-2.085065">
        <ele>223</ele>
      </trkpt>
      <trkpt lat="54.180709" lon="-2.085352">
        <ele>224.25</ele>
      </trkpt>
      <trkpt lat="54.181024" lon="-2.08555">
        <ele>224.75</ele>
      </trkpt>
      <trkpt lat="54.181637" lon="-2.085654">
        <ele>227.25</ele>
      </trkpt>
      <trkpt lat="54.181873" lon="-2.085754">
        <ele>227.75</ele>
      </trkpt>
      <trkpt lat="54.182203" lon="-2.085986">
        <ele>227.5</ele>
      </trkpt>
      <trkpt lat="54.182598" lon="-2.086113">
        <ele>228.5</ele>
      </trkpt>
      <trkpt lat="54.182771" lon="-2.086218">
        <ele>228.25</ele>
      </trkpt>
      <trkpt lat="54.183595" lon="-2.087006">
        <ele>225.75</ele>
      </trkpt>
      <trkpt lat="54.184303" lon="-2.08766">
        <ele>226.25</ele>
      </trkpt>
      <trkpt lat="54.184603" lon="-2.087845">
        <ele>225.5</ele>
      </trkpt>
      <trkpt lat="54.186403" lon="-2.088778">
        <ele>226.25</ele>
      </trkpt>
      <trkpt lat="54.186564" lon="-2.088807">
        <ele>227</ele>
      </trkpt>
      <trkpt lat="54.186614" lon="-2.088843">
        <ele>227.25</ele>
      </trkpt>
      <trkpt lat="54.187097" lon="-2.089056">
        <ele>228</ele>
      </trkpt>
      <trkpt lat="54.187264" lon="-2.089158">
        <ele>228</ele>
      </trkpt>
      <trkpt lat="54.187471" lon="-2.089351">
        <ele>228</ele>
      </trkpt>
      <trkpt lat="54.187537" lon="-2.089421">
        <ele>228</ele>
      </trkpt>
      <trkpt lat="54.187919" lon="-2.089759">
        <ele>228.25</ele>
      </trkpt>
      <trkpt lat="54.188025" lon="-2.089829">
        <ele>228.5</ele>
      </trkpt>
      <trkpt lat="54.188134" lon="-2.089853">
        <ele>228.75</ele>
      </trkpt>
      <trkpt lat="54.1885" lon="-2.089895">
        <ele>230.5</ele>
      </trkpt>
      <trkpt lat="54.188638" lon="-2.089939">
        <ele>231.25</ele>
      </trkpt>
      <trkpt lat="54.188866" lon="-2.090034">
        <ele>232.5</ele>
      </trkpt>
      <trkpt lat="54.188902" lon="-2.090057">
        <ele>232.75</ele>
      </trkpt>
      <trkpt lat="54.188963" lon="-2.090086">
        <ele>233</ele>
      </trkpt>
      <trkpt lat="54.1894" lon="-2.090293">
        <ele>234.5</ele>
      </trkpt>
      <trkpt lat="54.189537" lon="-2.090371">
        <ele>234.75</ele>
      </trkpt>
      <trkpt lat="54.189635" lon="-2.090439">
        <ele>235</ele>
      </trkpt>
      <trkpt lat="54.18977" lon="-2.090436">
        <ele>235.75</ele>
      </trkpt>
      <trkpt lat="54.189954" lon="-2.090413">
        <ele>236.75</ele>
      </trkpt>
      <trkpt lat="54.19002" lon="-2.090412">
        <ele>237</ele>
      </trkpt>
      <trkpt lat="54.190234" lon="-2.090417">
        <ele>237.75</ele>
      </trkpt>
      <trkpt lat="54.190421" lon="-2.090442">
        <ele>238.25</ele>
      </trkpt>
      <trkpt lat="54.190711" lon="-2.090603">
        <ele>238.5</ele>
      </trkpt>
      <trkpt lat="54.190714" lon="-2.090649">
        <ele>238.25</ele>
      </trkpt>
      <trkpt lat="54.190718" lon="-2.090695">
        <ele>238</ele>
      </trkpt>
      <trkpt lat="54.190786" lon="-2.090822">
        <ele>237.75</ele>
      </trkpt>
      <trkpt lat="54.190823" lon="-2.090903">
        <ele>237.5</ele>
      </trkpt>
      <trkpt lat="54.191169" lon="-2.091483">
        <ele>234.5</ele>
      </trkpt>
      <trkpt lat="54.191293" lon="-2.09167">
        <ele>233.25</ele>
      </trkpt>
      <trkpt lat="54.191334" lon="-2.091753">
        <ele>232.75</ele>
      </trkpt>
      <trkpt lat="54.191382" lon="-2.091921">
        <ele>232</ele>
      </trkpt>
      <trkpt lat="54.191399" lon="-2.092045">
        <ele>231.5</ele>
      </trkpt>
      <trkpt lat="54.191402" lon="-2.092173">
        <ele>230.75</ele>
      </trkpt>
      <trkpt lat="54.19137" lon="-2.092652">
        <ele>228.5</ele>
      </trkpt>
      <trkpt lat="54.191356" lon="-2.092922">
        <ele>227.25</ele>
      </trkpt>
      <trkpt lat="54.191353" lon="-2.093211">
        <ele>225.75</ele>
      </trkpt>
      <trkpt lat="54.191369" lon="-2.093493">
        <ele>225</ele>
      </trkpt>
      <trkpt lat="54.191572" lon="-2.093917">
        <ele>224</ele>
      </trkpt>
      <trkpt lat="54.191612" lon="-2.094016">
        <ele>224</ele>
      </trkpt>
      <trkpt lat="54.191648" lon="-2.094145">
        <ele>224</ele>
      </trkpt>
      <trkpt lat="54.191693" lon="-2.094369">
        <ele>224</ele>
      </trkpt>
      <trkpt lat="54.191791" lon="-2.094773">
        <ele>224</ele>
      </trkpt>
      <trkpt lat="54.192318" lon="-2.096828">
        <ele>224</ele>
      </trkpt>
      <trkpt lat="54.192387" lon="-2.097046">
        <ele>224.25</ele>
      </trkpt>
      <trkpt lat="54.19245" lon="-2.097187">
        <ele>224.5</ele>
      </trkpt>
      <trkpt lat="54.192546" lon="-2.097375">
        <ele>224.75</ele>
      </trkpt>
      <trkpt lat="54.192611" lon="-2.09757">
        <ele>224.75</ele>
      </trkpt>
      <trkpt lat="54.192762" lon="-2.098276">
        <ele>224.5</ele>
      </trkpt>
      <trkpt lat="54.192853" lon="-2.098552">
        <ele>225.25</ele>
      </trkpt>
      <trkpt lat="54.192964" lon="-2.098866">
        <ele>226.25</ele>
      </trkpt>
      <trkpt lat="54.193032" lon="-2.099068">
        <ele>226.75</ele>
      </trkpt>
      <trkpt lat="54.193255" lon="-2.099939">
        <ele>228</ele>
      </trkpt>
      <trkpt lat="54.193342" lon="-2.100174">
        <ele>229.75</ele>
      </trkpt>
      <trkpt lat="54.193472" lon="-2.100429">
        <ele>231.75</ele>
      </trkpt>
      <trkpt lat="54.193809" lon="-2.100874">
        <ele>232.5</ele>
      </trkpt>
      <trkpt lat="54.193892" lon="-2.101011">
        <ele>232.25</ele>
      </trkpt>
      <trkpt lat="54.193936" lon="-2.101083">
        <ele>232.25</ele>
      </trkpt>
      <trkpt lat="54.194091" lon="-2.101246">
        <ele>230.75</ele>
      </trkpt>
      <trkpt lat="54.196012" lon="-2.10376">
        <ele>230.5</ele>
      </trkpt>
      <trkpt lat="54.196522" lon="-2.104378">
        <ele>230.5</ele>
      </trkpt>
      <trkpt lat="54.196781" lon="-2.104621">
        <ele>230</ele>
      </trkpt>
      <trkpt lat="54.197434" lon="-2.105283">
        <ele>230.25</ele>
      </trkpt>
      <trkpt lat="54.197564" lon="-2.105464">
        <ele>230.5</ele>
      </trkpt>
      <trkpt lat="54.197712" lon="-2.105584">
        <ele>230.75</ele>
      </trkpt>
      <trkpt lat="54.19781" lon="-2.105719">
        <ele>231</ele>
      </trkpt>
      <trkpt lat="54.197896" lon="-2.105894">
        <ele>231.25</ele>
      </trkpt>
      <trkpt lat="54.1983" lon="-2.10693">
        <ele>232.25</ele>
      </trkpt>
      <trkpt lat="54.198463" lon="-2.107306">
        <ele>232.75</ele>
      </trkpt>
      <trkpt lat="54.198484" lon="-2.107395">
        <ele>232.75</ele>
      </trkpt>
      <trkpt lat="54.198504" lon="-2.107573">
        <ele>233</ele>
      </trkpt>
      <trkpt lat="54.198498" lon="-2.108038">
        <ele>233</ele>
      </trkpt>
      <trkpt lat="54.198508" lon="-2.108116">
        <ele>233</ele>
      </trkpt>
      <trkpt lat="54.198524" lon="-2.108207">
        <ele>233</ele>
      </trkpt>
      <trkpt lat="54.198675" lon="-2.108618">
        <ele>233.75</ele>
      </trkpt>
      <trkpt lat="54.199353" lon="-2.110106">
        <ele>236</ele>
      </trkpt>
      <trkpt lat="54.199379" lon="-2.110181">
        <ele>236.25</ele>
      </trkpt>
      <trkpt lat="54.19941" lon="-2.110385">
        <ele>236.25</ele>
      </trkpt>
      <trkpt lat="54.199509" lon="-2.111616">
        <ele>236.25</ele>
      </trkpt>
      <trkpt lat="54.199559" lon="-2.112193">
        <ele>237.25</ele>
      </trkpt>
      <trkpt lat="54.199598" lon="-2.11282">
        <ele>238.25</ele>
      </trkpt>
      <trkpt lat="54.199613" lon="-2.113099">
        <ele>238.5</ele>
      </trkpt>
      <trkpt lat="54.199603" lon="-2.113247">
        <ele>238.75</ele>
      </trkpt>
      <trkpt lat="54.199539" lon="-2.114064">
        <ele>242.25</ele>
      </trkpt>
      <trkpt lat="54.199522" lon="-2.114166">
        <ele>242.75</ele>
      </trkpt>
      <trkpt lat="54.199487" lon="-2.114241">
        <ele>243.25</ele>
      </trkpt>
      <trkpt lat="54.199492" lon="-2.114481">
        <ele>244.25</ele>
      </trkpt>
      <trkpt lat="54.199512" lon="-2.114748">
        <ele>245</ele>
      </trkpt>
      <trkpt lat="54.199504" lon="-2.114766">
        <ele>245.25</ele>
      </trkpt>
      <trkpt lat="54.199495" lon="-2.114841">
        <ele>245.5</ele>
      </trkpt>
      <trkpt lat="54.199478" lon="-2.11514">
        <ele>247.25</ele>
      </trkpt>
      <trkpt lat="54.19949" lon="-2.115353">
        <ele>248.75</ele>
      </trkpt>
      <trkpt lat="54.199524" lon="-2.115584">
        <ele>250</ele>
      </trkpt>
      <trkpt lat="54.199679" lon="-2.11637">
        <ele>252</ele>
      </trkpt>
      <trkpt lat="54.199783" lon="-2.117038">
        <ele>253.5</ele>
      </trkpt>
      <trkpt lat="54.199894" lon="-2.117492">
        <ele>253.5</ele>
      </trkpt>
      <trkpt lat="54.200092" lon="-2.118192">
        <ele>253</ele>
      </trkpt>
      <trkpt lat="54.200439" lon="-2.119372">
        <ele>250.25</ele>
      </trkpt>
      <trkpt lat="54.200467" lon="-2.119496">
        <ele>250</ele>
      </trkpt>
      <trkpt lat="54.200474" lon="-2.119603">
        <ele>250</ele>
      </trkpt>
      <trkpt lat="54.200463" lon="-2.119816">
        <ele>250.5</ele>
      </trkpt>
      <trkpt lat="54.200441" lon="-2.119975">
        <ele>251</ele>
      </trkpt>
      <trkpt lat="54.200406" lon="-2.120175">
        <ele>251.75</ele>
      </trkpt>
      <trkpt lat="54.200327" lon="-2.12049">
        <ele>253.75</ele>
      </trkpt>
      <trkpt lat="54.200307" lon="-2.120613">
        <ele>254.25</ele>
      </trkpt>
      <trkpt lat="54.200301" lon="-2.120755">
        <ele>254.75</ele>
      </trkpt>
      <trkpt lat="54.200307" lon="-2.120835">
        <ele>254.75</ele>
      </trkpt>
      <trkpt lat="54.200323" lon="-2.120915">
        <ele>254.5</ele>
      </trkpt>
      <trkpt lat="54.200354" lon="-2.12099">
        <ele>254.25</ele>
      </trkpt>
      <trkpt lat="54.200463" lon="-2.121166">
        <ele>252.5</ele>
      </trkpt>
      <trkpt lat="54.200494" lon="-2.121249">
        <ele>252</ele>
      </trkpt>
      <trkpt lat="54.200509" lon="-2.12134">
        <ele>251.75</ele>
      </trkpt>
      <trkpt lat="54.200509" lon="-2.121435">
        <ele>252</ele>
      </trkpt>
      <trkpt lat="54.200486" lon="-2.121783">
        <ele>252.75</ele>
      </trkpt>
      <trkpt lat="54.200464" lon="-2.122008">
        <ele>253.25</ele>
      </trkpt>
      <trkpt lat="54.200375" lon="-2.122617">
        <ele>255.75</ele>
      </trkpt>
      <trkpt lat="54.200365" lon="-2.122763">
        <ele>256.25</ele>
      </trkpt>
      <trkpt lat="54.200358" lon="-2.123139">
        <ele>256.5</ele>
      </trkpt>
      <trkpt lat="54.200345" lon="-2.123284">
        <ele>257</ele>
      </trkpt>
      <trkpt lat="54.200289" lon="-2.123573">
        <ele>257.75</ele>
      </trkpt>
      <trkpt lat="54.200117" lon="-2.124744">
        <ele>258.75</ele>
      </trkpt>
      <trkpt lat="54.199987" lon="-2.125484">
        <ele>258.5</ele>
      </trkpt>
      <trkpt lat="54.199942" lon="-2.125862">
        <ele>258.5</ele>
      </trkpt>
      <trkpt lat="54.199931" lon="-2.126045">
        <ele>258</ele>
      </trkpt>
      <trkpt lat="54.199939" lon="-2.126301">
        <ele>256.75</ele>
      </trkpt>
      <trkpt lat="54.199968" lon="-2.126629">
        <ele>254.75</ele>
      </trkpt>
      <trkpt lat="54.200009" lon="-2.12695">
        <ele>253.25</ele>
      </trkpt>
      <trkpt lat="54.200071" lon="-2.127227">
        <ele>252.25</ele>
      </trkpt>
      <trkpt lat="54.200334" lon="-2.128097">
        <ele>250.25</ele>
      </trkpt>
      <trkpt lat="54.200616" lon="-2.128926">
        <ele>250.25</ele>
      </trkpt>
      <trkpt lat="54.200804" lon="-2.129782">
        <ele>250.75</ele>
      </trkpt>
      <trkpt lat="54.200908" lon="-2.130469">
        <ele>252.5</ele>
      </trkpt>
      <trkpt lat="54.200908" lon="-2.130875">
        <ele>253.25</ele>
      </trkpt>
      <trkpt lat="54.200886" lon="-2.131116">
        <ele>253.5</ele>
      </trkpt>
      <trkpt lat="54.200855" lon="-2.131302">
        <ele>253.5</ele>
      </trkpt>
      <trkpt lat="54.200831" lon="-2.131554">
        <ele>253.75</ele>
      </trkpt>
      <trkpt lat="54.20083" lon="-2.131944">
        <ele>255.25</ele>
      </trkpt>
      <trkpt lat="54.200846" lon="-2.132184">
        <ele>256.25</ele>
      </trkpt>
      <trkpt lat="54.200882" lon="-2.132445">
        <ele>257.5</ele>
      </trkpt>
      <trkpt lat="54.200956" lon="-2.133239">
        <ele>260.25</ele>
      </trkpt>
      <trkpt lat="54.201105" lon="-2.134068">
        <ele>263</ele>
      </trkpt>
      <trkpt lat="54.201143" lon="-2.134325">
        <ele>264</ele>
      </trkpt>
      <trkpt lat="54.20121" lon="-2.135605">
        <ele>268.75</ele>
      </trkpt>
      <trkpt lat="54.201287" lon="-2.136222">
        <ele>269.75</ele>
      </trkpt>
      <trkpt lat="54.201411" lon="-2.136758">
        <ele>269.25</ele>
      </trkpt>
      <trkpt lat="54.201584" lon="-2.137992">
        <ele>272.25</ele>
      </trkpt>
      <trkpt lat="54.201608" lon="-2.138477">
        <ele>274.5</ele>
      </trkpt>
      <trkpt lat="54.201639" lon="-2.138767">
        <ele>275.75</ele>
      </trkpt>
      <trkpt lat="54.201754" lon="-2.139274">
        <ele>277</ele>
      </trkpt>
      <trkpt lat="54.202021" lon="-2.140266">
        <ele>277.75</ele>
      </trkpt>
      <trkpt lat="54.202132" lon="-2.140609">
        <ele>277.5</ele>
      </trkpt>
      <trkpt lat="54.202283" lon="-2.140947">
        <ele>276.25</ele>
      </trkpt>
      <trkpt lat="54.202529" lon="-2.14169">
        <ele>274.5</ele>
      </trkpt>
      <trkpt lat="54.202639" lon="-2.142092">
        <ele>274</ele>
      </trkpt>
      <trkpt lat="54.202755" lon="-2.14261">
        <ele>274</ele>
      </trkpt>
      <trkpt lat="54.202971" lon="-2.143971">
        <ele>276.25</ele>
      </trkpt>
      <trkpt lat="54.203023" lon="-2.144187">
        <ele>276.5</ele>
      </trkpt>
      <trkpt lat="54.203444" lon="-2.14557">
        <ele>279.25</ele>
      </trkpt>
      <trkpt lat="54.203491" lon="-2.145695">
        <ele>280</ele>
      </trkpt>
      <trkpt lat="54.203529" lon="-2.145775">
        <ele>280.25</ele>
      </trkpt>
      <trkpt lat="54.203598" lon="-2.145885">
        <ele>280.75</ele>
      </trkpt>
      <trkpt lat="54.20366" lon="-2.145956">
        <ele>280.75</ele>
      </trkpt>
      <trkpt lat="54.203732" lon="-2.146038">
        <ele>280.75</ele>
      </trkpt>
      <trkpt lat="54.203857" lon="-2.146141">
        <ele>280.5</ele>
      </trkpt>
      <trkpt lat="54.204438" lon="-2.146406">
        <ele>277.25</ele>
      </trkpt>
      <trkpt lat="54.205225" lon="-2.146796">
        <ele>272.5</ele>
      </trkpt>
      <trkpt lat="54.206072" lon="-2.147216">
        <ele>269.5</ele>
      </trkpt>
      <trkpt lat="54.206181" lon="-2.147294">
        <ele>269.75</ele>
      </trkpt>
      <trkpt lat="54.206264" lon="-2.147376">
        <ele>269.75</ele>
      </trkpt>
      <trkpt lat="54.20645" lon="-2.147618">
        <ele>270</ele>
      </trkpt>
      <trkpt lat="54.206543" lon="-2.147707">
        <ele>270</ele>
      </trkpt>
      <trkpt lat="54.206827" lon="-2.147939">
        <ele>270</ele>
      </trkpt>
      <trkpt lat="54.206913" lon="-2.148036">
        <ele>270.25</ele>
      </trkpt>
      <trkpt lat="54.207129" lon="-2.148479">
        <ele>270.25</ele>
      </trkpt>
      <trkpt lat="54.207453" lon="-2.149187">
        <ele>270.25</ele>
      </trkpt>
      <trkpt lat="54.207666" lon="-2.14953">
        <ele>270.5</ele>
      </trkpt>
      <trkpt lat="54.207799" lon="-2.149884">
        <ele>270</ele>
      </trkpt>
      <trkpt lat="54.208073" lon="-2.150751">
        <ele>271.5</ele>
      </trkpt>
      <trkpt lat="54.208204" lon="-2.151199">
        <ele>270.75</ele>
      </trkpt>
      <trkpt lat="54.20836" lon="-2.151695">
        <ele>269.25</ele>
      </trkpt>
      <trkpt lat="54.208541" lon="-2.152207">
        <ele>272.25</ele>
      </trkpt>
      <trkpt lat="54.208647" lon="-2.152443">
        <ele>272.75</ele>
      </trkpt>
      <trkpt lat="54.208743" lon="-2.152727">
        <ele>272.5</ele>
      </trkpt>
      <trkpt lat="54.209075" lon="-2.154003">
        <ele>271</ele>
      </trkpt>
      <trkpt lat="54.209385" lon="-2.155073">
        <ele>272.5</ele>
      </trkpt>
      <trkpt lat="54.209627" lon="-2.155787">
        <ele>274.5</ele>
      </trkpt>
      <trkpt lat="54.209743" lon="-2.15615">
        <ele>274.5</ele>
      </trkpt>
      <trkpt lat="54.21002" lon="-2.15718">
        <ele>276.25</ele>
      </trkpt>
      <trkpt lat="54.210075" lon="-2.157341">
        <ele>277.5</ele>
      </trkpt>
      <trkpt lat="54.210196" lon="-2.157669">
        <ele>279.25</ele>
      </trkpt>
      <trkpt lat="54.210294" lon="-2.157887">
        <ele>279.75</ele>
      </trkpt>
      <trkpt lat="54.210639" lon="-2.158505">
        <ele>278.25</ele>
      </trkpt>
      <trkpt lat="54.210753" lon="-2.158733">
        <ele>278.25</ele>
      </trkpt>
      <trkpt lat="54.210813" lon="-2.158875">
        <ele>278.5</ele>
      </trkpt>
      <trkpt lat="54.210921" lon="-2.159154">
        <ele>280</ele>
      </trkpt>
      <trkpt lat="54.211057" lon="-2.159579">
        <ele>281.25</ele>
      </trkpt>
      <trkpt lat="54.211236" lon="-2.160169">
        <ele>281.5</ele>
      </trkpt>
      <trkpt lat="54.211326" lon="-2.160514">
        <ele>281.5</ele>
      </trkpt>
      <trkpt lat="54.211376" lon="-2.160761">
        <ele>281.25</ele>
      </trkpt>
      <trkpt lat="54.211402" lon="-2.160966">
        <ele>281.25</ele>
      </trkpt>
      <trkpt lat="54.211432" lon="-2.161359">
        <ele>281.5</ele>
      </trkpt>
      <trkpt lat="54.211461" lon="-2.162129">
        <ele>282.75</ele>
      </trkpt>
      <trkpt lat="54.211529" lon="-2.1632">
        <ele>284.25</ele>
      </trkpt>
      <trkpt lat="54.211553" lon="-2.163432">
        <ele>284.5</ele>
      </trkpt>
      <trkpt lat="54.211601" lon="-2.16362">
        <ele>284.25</ele>
      </trkpt>
      <trkpt lat="54.211716" lon="-2.164001">
        <ele>284.75</ele>
      </trkpt>
      <trkpt lat="54.211886" lon="-2.164606">
        <ele>286.5</ele>
      </trkpt>
      <trkpt lat="54.212051" lon="-2.165241">
        <ele>287</ele>
      </trkpt>
      <trkpt lat="54.212109" lon="-2.165426">
        <ele>287.25</ele>
      </trkpt>
      <trkpt lat="54.212179" lon="-2.165593">
        <ele>287.25</ele>
      </trkpt>
      <trkpt lat="54.212238" lon="-2.165708">
        <ele>287</ele>
      </trkpt>
      <trkpt lat="54.21231" lon="-2.165822">
        <ele>286.5</ele>
      </trkpt>
      <trkpt lat="54.212461" lon="-2.166011">
        <ele>285</ele>
      </trkpt>
      <trkpt lat="54.212681" lon="-2.166258">
        <ele>285.5</ele>
      </trkpt>
      <trkpt lat="54.212877" lon="-2.166545">
        <ele>285.5</ele>
      </trkpt>
      <trkpt lat="54.212925" lon="-2.166573">
        <ele>285.5</ele>
      </trkpt>
      <trkpt lat="54.21297" lon="-2.166561">
        <ele>285.5</ele>
      </trkpt>
      <trkpt lat="54.213003" lon="-2.166531">
        <ele>285.5</ele>
      </trkpt>
      <trkpt lat="54.213094" lon="-2.16638">
        <ele>285.5</ele>
      </trkpt>
      <trkpt lat="54.213136" lon="-2.166372">
        <ele>285.5</ele>
      </trkpt>
      <trkpt lat="54.213205" lon="-2.166404">
        <ele>285.25</ele>
      </trkpt>
      <trkpt lat="54.213269" lon="-2.166452">
        <ele>285</ele>
      </trkpt>
      <trkpt lat="54.213361" lon="-2.166584">
        <ele>284.75</ele>
      </trkpt>
      <trkpt lat="54.213479" lon="-2.166777">
        <ele>286.5</ele>
      </trkpt>
      <trkpt lat="54.214108" lon="-2.168059">
        <ele>288.5</ele>
      </trkpt>
      <trkpt lat="54.214215" lon="-2.168396">
        <ele>288.5</ele>
      </trkpt>
      <trkpt lat="54.2144" lon="-2.169129">
        <ele>293</ele>
      </trkpt>
      <trkpt lat="54.214528" lon="-2.169541">
        <ele>294.75</ele>
      </trkpt>
      <trkpt lat="54.215159" lon="-2.17125">
        <ele>297.75</ele>
      </trkpt>
      <trkpt lat="54.215342" lon="-2.171663">
        <ele>298.75</ele>
      </trkpt>
      <trkpt lat="54.215412" lon="-2.171841">
        <ele>299.75</ele>
      </trkpt>
      <trkpt lat="54.21548" lon="-2.172049">
        <ele>300</ele>
      </trkpt>
      <trkpt lat="54.215575" lon="-2.172391">
        <ele>299.75</ele>
      </trkpt>
      <trkpt lat="54.215766" lon="-2.173267">
        <ele>295.25</ele>
      </trkpt>
      <trkpt lat="54.216183" lon="-2.175098">
        <ele>300.75</ele>
      </trkpt>
      <trkpt lat="54.216341" lon="-2.17588">
        <ele>301.75</ele>
      </trkpt>
      <trkpt lat="54.21658" lon="-2.176686">
        <ele>299</ele>
      </trkpt>
      <trkpt lat="54.216666" lon="-2.177024">
        <ele>298.5</ele>
      </trkpt>
      <trkpt lat="54.21676" lon="-2.177484">
        <ele>301</ele>
      </trkpt>
      <trkpt lat="54.216823" lon="-2.177913">
        <ele>302.75</ele>
      </trkpt>
      <trkpt lat="54.216892" lon="-2.178297">
        <ele>304.25</ele>
      </trkpt>
      <trkpt lat="54.216989" lon="-2.179481">
        <ele>306.25</ele>
      </trkpt>
      <trkpt lat="54.217069" lon="-2.180041">
        <ele>307.5</ele>
      </trkpt>
      <trkpt lat="54.217089" lon="-2.180279">
        <ele>307.75</ele>
      </trkpt>
      <trkpt lat="54.217093" lon="-2.180427">
        <ele>307.75</ele>
      </trkpt>
      <trkpt lat="54.217076" lon="-2.181312">
        <ele>307</ele>
      </trkpt>
      <trkpt lat="54.217042" lon="-2.181589">
        <ele>306</ele>
      </trkpt>
      <trkpt lat="54.216925" lon="-2.182292">
        <ele>304.25</ele>
      </trkpt>
      <trkpt lat="54.216912" lon="-2.182424">
        <ele>304</ele>
      </trkpt>
      <trkpt lat="54.216909" lon="-2.182755">
        <ele>304</ele>
      </trkpt>
      <trkpt lat="54.216919" lon="-2.1833">
        <ele>304.25</ele>
      </trkpt>
      <trkpt lat="54.217038" lon="-2.185599">
        <ele>306.5</ele>
      </trkpt>
      <trkpt lat="54.217083" lon="-2.185995">
        <ele>307.25</ele>
      </trkpt>
      <trkpt lat="54.217261" lon="-2.186693">
        <ele>310.5</ele>
      </trkpt>
      <trkpt lat="54.217624" lon="-2.18774">
        <ele>314.25</ele>
      </trkpt>
      <trkpt lat="54.217766" lon="-2.188216">
        <ele>316</ele>
      </trkpt>
      <trkpt lat="54.218003" lon="-2.189139">
        <ele>318.25</ele>
      </trkpt>
      <trkpt lat="54.218228" lon="-2.190071">
        <ele>319.75</ele>
      </trkpt>
      <trkpt lat="54.218287" lon="-2.190489">
        <ele>319.5</ele>
      </trkpt>
      <trkpt lat="54.218392" lon="-2.191558">
        <ele>318.25</ele>
      </trkpt>
      <trkpt lat="54.218409" lon="-2.191658">
        <ele>318.5</ele>
      </trkpt>
      <trkpt lat="54.218439" lon="-2.191747">
        <ele>318.75</ele>
      </trkpt>
      <trkpt lat="54.218499" lon="-2.191837">
        <ele>319.75</ele>
      </trkpt>
      <trkpt lat="54.218809" lon="-2.192194">
        <ele>324.5</ele>
      </trkpt>
      <trkpt lat="54.219077" lon="-2.192472">
        <ele>328.5</ele>
      </trkpt>
      <trkpt lat="54.219126" lon="-2.192512">
        <ele>329</ele>
      </trkpt>
      <trkpt lat="54.219204" lon="-2.19256">
        <ele>330.25</ele>
      </trkpt>
      <trkpt lat="54.219304" lon="-2.192591">
        <ele>332</ele>
      </trkpt>
      <trkpt lat="54.219696" lon="-2.1927">
        <ele>338.25</ele>
      </trkpt>
      <trkpt lat="54.220369" lon="-2.192841">
        <ele>346.25</ele>
      </trkpt>
      <trkpt lat="54.220754" lon="-2.192989">
        <ele>348.5</ele>
      </trkpt>
      <trkpt lat="54.220988" lon="-2.193055">
        <ele>349</ele>
      </trkpt>
      <trkpt lat="54.221244" lon="-2.193089">
        <ele>349.75</ele>
      </trkpt>
      <trkpt lat="54.221722" lon="-2.193122">
        <ele>350.75</ele>
      </trkpt>
      <trkpt lat="54.222612" lon="-2.193267">
        <ele>349.25</ele>
      </trkpt>
      <trkpt lat="54.222715" lon="-2.193264">
        <ele>349.75</ele>
      </trkpt>
      <trkpt lat="54.22295" lon="-2.193213">
        <ele>351.25</ele>
      </trkpt>
      <trkpt lat="54.223071" lon="-2.193202">
        <ele>352</ele>
      </trkpt>
      <trkpt lat="54.223486" lon="-2.193259">
        <ele>353.5</ele>
      </trkpt>
      <trkpt lat="54.223753" lon="-2.193259">
        <ele>355.5</ele>
      </trkpt>
      <trkpt lat="54.223826" lon="-2.193296">
        <ele>355.5</ele>
      </trkpt>
      <trkpt lat="54.223864" lon="-2.193362">
        <ele>355</ele>
      </trkpt>
      <trkpt lat="54.223943" lon="-2.193615">
        <ele>353</ele>
      </trkpt>
      <trkpt lat="54.224027" lon="-2.193763">
        <ele>352.25</ele>
      </trkpt>
      <trkpt lat="54.224086" lon="-2.193816">
        <ele>352</ele>
      </trkpt>
      <trkpt lat="54.224182" lon="-2.193873">
        <ele>352.25</ele>
      </trkpt>
      <trkpt lat="54.224248" lon="-2.19393">
        <ele>352.5</ele>
      </trkpt>
      <trkpt lat="54.224299" lon="-2.194058">
        <ele>351.75</ele>
      </trkpt>
      <trkpt lat="54.224383" lon="-2.19423">
        <ele>350.75</ele>
      </trkpt>
      <trkpt lat="54.224511" lon="-2.194417">
        <ele>350.25</ele>
      </trkpt>
      <trkpt lat="54.224644" lon="-2.194579">
        <ele>350</ele>
      </trkpt>
      <trkpt lat="54.225153" lon="-2.195011">
        <ele>350.75</ele>
      </trkpt>
      <trkpt lat="54.2254" lon="-2.195271">
        <ele>353</ele>
      </trkpt>
      <trkpt lat="54.226" lon="-2.196013">
        <ele>352.5</ele>
      </trkpt>
      <trkpt lat="54.226434" lon="-2.196433">
        <ele>350.75</ele>
      </trkpt>
      <trkpt lat="54.226972" lon="-2.196928">
        <ele>350.5</ele>
      </trkpt>
      <trkpt lat="54.227155" lon="-2.197176">
        <ele>350.5</ele>
      </trkpt>
      <trkpt lat="54.227264" lon="-2.197404">
        <ele>349.75</ele>
      </trkpt>
      <trkpt lat="54.227339" lon="-2.197534">
        <ele>349</ele>
      </trkpt>
      <trkpt lat="54.227424" lon="-2.197642">
        <ele>348.75</ele>
      </trkpt>
      <trkpt lat="54.227557" lon="-2.197767">
        <ele>348.5</ele>
      </trkpt>
      <trkpt lat="54.227693" lon="-2.197911">
        <ele>348.75</ele>
      </trkpt>
      <trkpt lat="54.228101" lon="-2.198428">
        <ele>349</ele>
      </trkpt>
      <trkpt lat="54.228302" lon="-2.198799">
        <ele>349.5</ele>
      </trkpt>
      <trkpt lat="54.228633" lon="-2.199286">
        <ele>351.25</ele>
      </trkpt>
      <trkpt lat="54.228653" lon="-2.199316">
        <ele>351.25</ele>
      </trkpt>
      <trkpt lat="54.22875" lon="-2.199724">
        <ele>350.5</ele>
      </trkpt>
      <trkpt lat="54.228873" lon="-2.20033">
        <ele>350</ele>
      </trkpt>
      <trkpt lat="54.229033" lon="-2.201047">
        <ele>349.5</ele>
      </trkpt>
      <trkpt lat="54.229176" lon="-2.201598">
        <ele>349</ele>
      </trkpt>
      <trkpt lat="54.229282" lon="-2.201913">
        <ele>351</ele>
      </trkpt>
      <trkpt lat="54.229379" lon="-2.202153">
        <ele>352.5</ele>
      </trkpt>
      <trkpt lat="54.229452" lon="-2.202281">
        <ele>353.25</ele>
      </trkpt>
      <trkpt lat="54.229503" lon="-2.202345">
        <ele>353.5</ele>
      </trkpt>
      <trkpt lat="54.229636" lon="-2.202454">
        <ele>354.25</ele>
      </trkpt>
      <trkpt lat="54.229775" lon="-2.202545">
        <ele>354.75</ele>
      </trkpt>
      <trkpt lat="54.229909" lon="-2.202597">
        <ele>355</ele>
      </trkpt>
      <trkpt lat="54.230148" lon="-2.202587">
        <ele>356.25</ele>
      </trkpt>
      <trkpt lat="54.23022" lon="-2.202564">
        <ele>356.75</ele>
      </trkpt>
      <trkpt lat="54.230366" lon="-2.202497">
        <ele>358</ele>
      </trkpt>
      <trkpt lat="54.230492" lon="-2.202413">
        <ele>359.25</ele>
      </trkpt>
      <trkpt lat="54.23057" lon="-2.202384">
        <ele>360</ele>
      </trkpt>
      <trkpt lat="54.230642" lon="-2.202378">
        <ele>360.5</ele>
      </trkpt>
      <trkpt lat="54.230795" lon="-2.202444">
        <ele>361</ele>
      </trkpt>
      <trkpt lat="54.231071" lon="-2.202603">
        <ele>362.75</ele>
      </trkpt>
      <trkpt lat="54.23146" lon="-2.202813">
        <ele>365.5</ele>
      </trkpt>
      <trkpt lat="54.232037" lon="-2.203165">
        <ele>371.75</ele>
      </trkpt>
      <trkpt lat="54.232164" lon="-2.203284">
        <ele>373.25</ele>
      </trkpt>
      <trkpt lat="54.23221" lon="-2.203375">
        <ele>373.25</ele>
      </trkpt>
      <trkpt lat="54.23236" lon="-2.203633">
        <ele>374</ele>
      </trkpt>
      <trkpt lat="54.232511" lon="-2.20382">
        <ele>375</ele>
      </trkpt>
      <trkpt lat="54.233698" lon="-2.204907">
        <ele>385.25</ele>
      </trkpt>
      <trkpt lat="54.234124" lon="-2.205332">
        <ele>388.75</ele>
      </trkpt>
      <trkpt lat="54.234577" lon="-2.20583">
        <ele>394.25</ele>
      </trkpt>
      <trkpt lat="54.234829" lon="-2.206159">
        <ele>397</ele>
      </trkpt>
      <trkpt lat="54.235073" lon="-2.206517">
        <ele>400</ele>
      </trkpt>
      <trkpt lat="54.235571" lon="-2.207441">
        <ele>407.75</ele>
      </trkpt>
      <trkpt lat="54.236224" lon="-2.20869">
        <ele>417.25</ele>
      </trkpt>
      <trkpt lat="54.236469" lon="-2.209081">
        <ele>421.25</ele>
      </trkpt>
      <trkpt lat="54.236584" lon="-2.20921">
        <ele>423.5</ele>
      </trkpt>
      <trkpt lat="54.236707" lon="-2.209303">
        <ele>425.5</ele>
      </trkpt>
      <trkpt lat="54.237276" lon="-2.209643">
        <ele>430.75</ele>
      </trkpt>
      <trkpt lat="54.237625" lon="-2.209819">
        <ele>433.5</ele>
      </trkpt>
      <trkpt lat="54.237694" lon="-2.209824">
        <ele>434.25</ele>
      </trkpt>
      <trkpt lat="54.237771" lon="-2.209792">
        <ele>435.25</ele>
      </trkpt>
      <trkpt lat="54.237918" lon="-2.209674">
        <ele>437.75</ele>
      </trkpt>
      <trkpt lat="54.237958" lon="-2.209657">
        <ele>438.25</ele>
      </trkpt>
      <trkpt lat="54.237998" lon="-2.209644">
        <ele>438.75</ele>
      </trkpt>
      <trkpt lat="54.238071" lon="-2.209666">
        <ele>439.5</ele>
      </trkpt>
      <trkpt lat="54.23811" lon="-2.209724">
        <ele>439.5</ele>
      </trkpt>
      <trkpt lat="54.238119" lon="-2.209761">
        <ele>439.25</ele>
      </trkpt>
      <trkpt lat="54.238132" lon="-2.209981">
        <ele>437.75</ele>
      </trkpt>
      <trkpt lat="54.238155" lon="-2.210055">
        <ele>437.75</ele>
      </trkpt>
      <trkpt lat="54.238199" lon="-2.210192">
        <ele>437.5</ele>
      </trkpt>
      <trkpt lat="54.238272" lon="-2.210345">
        <ele>437.5</ele>
      </trkpt>
      <trkpt lat="54.238358" lon="-2.210477">
        <ele>438</ele>
      </trkpt>
      <trkpt lat="54.238664" lon="-2.210909">
        <ele>440.25</ele>
      </trkpt>
      <trkpt lat="54.238788" lon="-2.211043">
        <ele>441.75</ele>
      </trkpt>
      <trkpt lat="54.238956" lon="-2.211169">
        <ele>443.5</ele>
      </trkpt>
      <trkpt lat="54.239617" lon="-2.21161">
        <ele>452</ele>
      </trkpt>
      <trkpt lat="54.239714" lon="-2.211645">
        <ele>453.5</ele>
      </trkpt>
      <trkpt lat="54.239762" lon="-2.21168">
        <ele>454.25</ele>
      </trkpt>
      <trkpt lat="54.239804" lon="-2.211759">
        <ele>455</ele>
      </trkpt>
      <trkpt lat="54.239814" lon="-2.211844">
        <ele>455.25</ele>
      </trkpt>
      <trkpt lat="54.239807" lon="-2.211949">
        <ele>455.25</ele>
      </trkpt>
      <trkpt lat="54.239774" lon="-2.212182">
        <ele>455</ele>
      </trkpt>
      <trkpt lat="54.239768" lon="-2.212328">
        <ele>455.25</ele>
      </trkpt>
      <trkpt lat="54.239776" lon="-2.212469">
        <ele>455.5</ele>
      </trkpt>
      <trkpt lat="54.239799" lon="-2.212624">
        <ele>456</ele>
      </trkpt>
      <trkpt lat="54.239876" lon="-2.212937">
        <ele>457.75</ele>
      </trkpt>
      <trkpt lat="54.240267" lon="-2.213848">
        <ele>466.75</ele>
      </trkpt>
      <trkpt lat="54.240325" lon="-2.214009">
        <ele>468.25</ele>
      </trkpt>
      <trkpt lat="54.240361" lon="-2.214174">
        <ele>469</ele>
      </trkpt>
      <trkpt lat="54.240453" lon="-2.214869">
        <ele>471.75</ele>
      </trkpt>
      <trkpt lat="54.240511" lon="-2.215146">
        <ele>473.25</ele>
      </trkpt>
      <trkpt lat="54.240563" lon="-2.215343">
        <ele>474.5</ele>
      </trkpt>
      <trkpt lat="54.240856" lon="-2.216249">
        <ele>481.5</ele>
      </trkpt>
      <trkpt lat="54.240926" lon="-2.216495">
        <ele>483</ele>
      </trkpt>
      <trkpt lat="54.240991" lon="-2.21667">
        <ele>484.75</ele>
      </trkpt>
      <trkpt lat="54.241145" lon="-2.216929">
        <ele>487.75</ele>
      </trkpt>
      <trkpt lat="54.241599" lon="-2.217779">
        <ele>497.75</ele>
      </trkpt>
      <trkpt lat="54.241679" lon="-2.217961">
        <ele>499.5</ele>
      </trkpt>
      <trkpt lat="54.241714" lon="-2.218019">
        <ele>500.25</ele>
      </trkpt>
      <trkpt lat="54.241812" lon="-2.218089">
        <ele>502</ele>
      </trkpt>
      <trkpt lat="54.241917" lon="-2.218118">
        <ele>504</ele>
      </trkpt>
      <trkpt lat="54.243101" lon="-2.218225">
        <ele>522.75</ele>
      </trkpt>
      <trkpt lat="54.244583" lon="-2.218384">
        <ele>537.5</ele>
      </trkpt>
      <trkpt lat="54.244695" lon="-2.218415">
        <ele>538.75</ele>
      </trkpt>
      <trkpt lat="54.24477" lon="-2.21847">
        <ele>539.5</ele>
      </trkpt>
      <trkpt lat="54.244864" lon="-2.218559">
        <ele>540</ele>
      </trkpt>
      <trkpt lat="54.244948" lon="-2.218666">
        <ele>540.5</ele>
      </trkpt>
      <trkpt lat="54.245034" lon="-2.218732">
        <ele>541.25</ele>
      </trkpt>
      <trkpt lat="54.245342" lon="-2.218886">
        <ele>543.75</ele>
      </trkpt>
      <trkpt lat="54.245463" lon="-2.218978">
        <ele>544.75</ele>
      </trkpt>
      <trkpt lat="54.245514" lon="-2.21903">
        <ele>545</ele>
      </trkpt>
      <trkpt lat="54.245598" lon="-2.219153">
        <ele>545.25</ele>
      </trkpt>
      <trkpt lat="54.245715" lon="-2.219321">
        <ele>546</ele>
      </trkpt>
      <trkpt lat="54.2458" lon="-2.219428">
        <ele>546.5</ele>
      </trkpt>
      <trkpt lat="54.246063" lon="-2.219666">
        <ele>548</ele>
      </trkpt>
      <trkpt lat="54.24618" lon="-2.219755">
        <ele>548.5</ele>
      </trkpt>
      <trkpt lat="54.246237" lon="-2.219773">
        <ele>549</ele>
      </trkpt>
      <trkpt lat="54.246293" lon="-2.219773">
        <ele>549.5</ele>
      </trkpt>
      <trkpt lat="54.246653" lon="-2.219692">
        <ele>552.5</ele>
      </trkpt>
      <trkpt lat="54.246751" lon="-2.219656">
        <ele>554.25</ele>
      </trkpt>
      <trkpt lat="54.246815" lon="-2.219607">
        <ele>555.25</ele>
      </trkpt>
      <trkpt lat="54.246869" lon="-2.219551">
        <ele>556.25</ele>
      </trkpt>
      <trkpt lat="54.246928" lon="-2.219471">
        <ele>557.5</ele>
      </trkpt>
      <trkpt lat="54.247259" lon="-2.218919">
        <ele>563.5</ele>
      </trkpt>
      <trkpt lat="54.247379" lon="-2.218678">
        <ele>565.75</ele>
      </trkpt>
      <trkpt lat="54.247442" lon="-2.218485">
        <ele>567</ele>
      </trkpt>
      <trkpt lat="54.247478" lon="-2.2184">
        <ele>567.5</ele>
      </trkpt>
      <trkpt lat="54.247511" lon="-2.218367">
        <ele>568</ele>
      </trkpt>
      <trkpt lat="54.247562" lon="-2.218359">
        <ele>568.5</ele>
      </trkpt>
      <trkpt lat="54.247788" lon="-2.218397">
        <ele>570.5</ele>
      </trkpt>
      <trkpt lat="54.247877" lon="-2.21837">
        <ele>571.5</ele>
      </trkpt>
      <trkpt lat="54.247961" lon="-2.218311">
        <ele>572.25</ele>
      </trkpt>
      <trkpt lat="54.248405" lon="-2.217896">
        <ele>575.75</ele>
      </trkpt>
      <trkpt lat="54.249187" lon="-2.217087">
        <ele>579.5</ele>
      </trkpt>
      <trkpt lat="54.249842" lon="-2.216526">
        <ele>582.25</ele>
      </trkpt>
      <trkpt lat="54.250466" lon="-2.216059">
        <ele>583</ele>
      </trkpt>
      <trkpt lat="54.251626" lon="-2.215239">
        <ele>583.25</ele>
      </trkpt>
      <trkpt lat="54.25254" lon="-2.214503">
        <ele>584.5</ele>
      </trkpt>
      <trkpt lat="54.253016" lon="-2.214109">
        <ele>586.25</ele>
      </trkpt>
      <trkpt lat="54.253486" lon="-2.213751">
        <ele>587.75</ele>
      </trkpt>
      <trkpt lat="54.253715" lon="-2.21348">
        <ele>588</ele>
      </trkpt>
      <trkpt lat="54.254189" lon="-2.213055">
        <ele>587.75</ele>
      </trkpt>
      <trkpt lat="54.254685" lon="-2.212565">
        <ele>586</ele>
      </trkpt>
      <trkpt lat="54.255353" lon="-2.211857">
        <ele>584.5</ele>
      </trkpt>
      <trkpt lat="54.255569" lon="-2.211646">
        <ele>584</ele>
      </trkpt>
      <trkpt lat="54.255646" lon="-2.211602">
        <ele>583.5</ele>
      </trkpt>
      <trkpt lat="54.255721" lon="-2.211597">
        <ele>583.5</ele>
      </trkpt>
      <trkpt lat="54.255808" lon="-2.211625">
        <ele>583.5</ele>
      </trkpt>
      <trkpt lat="54.255904" lon="-2.211687">
        <ele>583.25</ele>
      </trkpt>
      <trkpt lat="54.256004" lon="-2.211781">
        <ele>582.25</ele>
      </trkpt>
      <trkpt lat="54.256163" lon="-2.21201">
        <ele>580.75</ele>
      </trkpt>
      <trkpt lat="54.256214" lon="-2.212114">
        <ele>580</ele>
      </trkpt>
      <trkpt lat="54.256271" lon="-2.212257">
        <ele>579.25</ele>
      </trkpt>
      <trkpt lat="54.256326" lon="-2.212462">
        <ele>578.5</ele>
      </trkpt>
      <trkpt lat="54.256565" lon="-2.213481">
        <ele>574.5</ele>
      </trkpt>
      <trkpt lat="54.256726" lon="-2.214045">
        <ele>571.75</ele>
      </trkpt>
      <trkpt lat="54.256953" lon="-2.214641">
        <ele>570</ele>
      </trkpt>
      <trkpt lat="54.257091" lon="-2.214966">
        <ele>569</ele>
      </trkpt>
      <trkpt lat="54.257191" lon="-2.215166">
        <ele>568</ele>
      </trkpt>
      <trkpt lat="54.257384" lon="-2.215513">
        <ele>566.25</ele>
      </trkpt>
      <trkpt lat="54.257447" lon="-2.21561">
        <ele>565.75</ele>
      </trkpt>
      <trkpt lat="54.257512" lon="-2.215618">
        <ele>565.25</ele>
      </trkpt>
      <trkpt lat="54.257607" lon="-2.215605">
        <ele>564.75</ele>
      </trkpt>
      <trkpt lat="54.258199" lon="-2.215371">
        <ele>562</ele>
      </trkpt>
      <trkpt lat="54.258712" lon="-2.215127">
        <ele>560</ele>
      </trkpt>
      <trkpt lat="54.259099" lon="-2.215006">
        <ele>558.25</ele>
      </trkpt>
      <trkpt lat="54.259378" lon="-2.214971">
        <ele>556</ele>
      </trkpt>
      <trkpt lat="54.260217" lon="-2.21496">
        <ele>547.25</ele>
      </trkpt>
      <trkpt lat="54.260414" lon="-2.214896">
        <ele>545</ele>
      </trkpt>
      <trkpt lat="54.260719" lon="-2.214757">
        <ele>542.25</ele>
      </trkpt>
      <trkpt lat="54.260939" lon="-2.21462">
        <ele>540.25</ele>
      </trkpt>
      <trkpt lat="54.261172" lon="-2.214414">
        <ele>538.5</ele>
      </trkpt>
      <trkpt lat="54.262472" lon="-2.213131">
        <ele>536.75</ele>
      </trkpt>
      <trkpt lat="54.263119" lon="-2.212506">
        <ele>532</ele>
      </trkpt>
      <trkpt lat="54.26324" lon="-2.212421">
        <ele>531.5</ele>
      </trkpt>
      <trkpt lat="54.26344" lon="-2.212306">
        <ele>530.5</ele>
      </trkpt>
      <trkpt lat="54.263747" lon="-2.212163">
        <ele>529.25</ele>
      </trkpt>
      <trkpt lat="54.263851" lon="-2.212144">
        <ele>528.25</ele>
      </trkpt>
      <trkpt lat="54.264075" lon="-2.212152">
        <ele>525.5</ele>
      </trkpt>
      <trkpt lat="54.264582" lon="-2.21212">
        <ele>517.75</ele>
      </trkpt>
      <trkpt lat="54.265103" lon="-2.212046">
        <ele>509.75</ele>
      </trkpt>
      <trkpt lat="54.265447" lon="-2.211957">
        <ele>504</ele>
      </trkpt>
      <trkpt lat="54.266154" lon="-2.211721">
        <ele>492.25</ele>
      </trkpt>
      <trkpt lat="54.267309" lon="-2.211431">
        <ele>475</ele>
      </trkpt>
      <trkpt lat="54.267586" lon="-2.211377">
        <ele>471</ele>
      </trkpt>
      <trkpt lat="54.268211" lon="-2.211308">
        <ele>462.25</ele>
      </trkpt>
      <trkpt lat="54.268523" lon="-2.211259">
        <ele>459</ele>
      </trkpt>
      <trkpt lat="54.26891" lon="-2.211198">
        <ele>455.25</ele>
      </trkpt>
      <trkpt lat="54.269157" lon="-2.211192">
        <ele>452.25</ele>
      </trkpt>
      <trkpt lat="54.271803" lon="-2.211555">
        <ele>420.75</ele>
      </trkpt>
      <trkpt lat="54.273152" lon="-2.211857">
        <ele>405</ele>
      </trkpt>
      <trkpt lat="54.274065" lon="-2.212047">
        <ele>394.25</ele>
      </trkpt>
      <trkpt lat="54.274963" lon="-2.212246">
        <ele>384</ele>
      </trkpt>
      <trkpt lat="54.276814" lon="-2.21261">
        <ele>369.25</ele>
      </trkpt>
      <trkpt lat="54.277537" lon="-2.212725">
        <ele>364.75</ele>
      </trkpt>
      <trkpt lat="54.278922" lon="-2.213104">
        <ele>356.5</ele>
      </trkpt>
      <trkpt lat="54.279531" lon="-2.213229">
        <ele>351.5</ele>
      </trkpt>
      <trkpt lat="54.279708" lon="-2.213229">
        <ele>350.25</ele>
      </trkpt>
      <trkpt lat="54.280456" lon="-2.213072">
        <ele>344.5</ele>
      </trkpt>
      <trkpt lat="54.281527" lon="-2.212911">
        <ele>335.25</ele>
      </trkpt>
      <trkpt lat="54.282826" lon="-2.212683">
        <ele>328.25</ele>
      </trkpt>
      <trkpt lat="54.283004" lon="-2.212633">
        <ele>328</ele>
      </trkpt>
      <trkpt lat="54.283068" lon="-2.212611">
        <ele>328</ele>
      </trkpt>
      <trkpt lat="54.283285" lon="-2.212568">
        <ele>327.25</ele>
      </trkpt>
      <trkpt lat="54.283428" lon="-2.212563">
        <ele>326.5</ele>
      </trkpt>
      <trkpt lat="54.283558" lon="-2.212574">
        <ele>325.75</ele>
      </trkpt>
      <trkpt lat="54.283679" lon="-2.212569">
        <ele>325</ele>
      </trkpt>
      <trkpt lat="54.283962" lon="-2.212509">
        <ele>324</ele>
      </trkpt>
      <trkpt lat="54.284488" lon="-2.212332">
        <ele>322.25</ele>
      </trkpt>
      <trkpt lat="54.284703" lon="-2.212241">
        <ele>321.5</ele>
      </trkpt>
      <trkpt lat="54.284839" lon="-2.212157">
        <ele>321.25</ele>
      </trkpt>
      <trkpt lat="54.285854" lon="-2.211332">
        <ele>321.5</ele>
      </trkpt>
      <trkpt lat="54.286279" lon="-2.211031">
        <ele>320.5</ele>
      </trkpt>
      <trkpt lat="54.286405" lon="-2.210921">
        <ele>320.5</ele>
      </trkpt>
      <trkpt lat="54.286529" lon="-2.210756">
        <ele>320.75</ele>
      </trkpt>
      <trkpt lat="54.287173" lon="-2.209816">
        <ele>322.25</ele>
      </trkpt>
      <trkpt lat="54.287376" lon="-2.209389">
        <ele>323.5</ele>
      </trkpt>
      <trkpt lat="54.287484" lon="-2.20924">
        <ele>323.5</ele>
      </trkpt>
      <trkpt lat="54.287584" lon="-2.209151">
        <ele>323.5</ele>
      </trkpt>
      <trkpt lat="54.287753" lon="-2.209049">
        <ele>323.75</ele>
      </trkpt>
      <trkpt lat="54.287906" lon="-2.208987">
        <ele>323.5</ele>
      </trkpt>
      <trkpt lat="54.288019" lon="-2.208963">
        <ele>323.25</ele>
      </trkpt>
      <trkpt lat="54.288356" lon="-2.208964">
        <ele>321.75</ele>
      </trkpt>
      <trkpt lat="54.288432" lon="-2.208995">
        <ele>321</ele>
      </trkpt>
      <trkpt lat="54.28862" lon="-2.20915">
        <ele>318.75</ele>
      </trkpt>
      <trkpt lat="54.288675" lon="-2.209178">
        <ele>318.25</ele>
      </trkpt>
      <trkpt lat="54.28874" lon="-2.209182">
        <ele>317.75</ele>
      </trkpt>
      <trkpt lat="54.289121" lon="-2.20899">
        <ele>318</ele>
      </trkpt>
      <trkpt lat="54.289367" lon="-2.208826">
        <ele>317.5</ele>
      </trkpt>
      <trkpt lat="54.289699" lon="-2.208569">
        <ele>316.5</ele>
      </trkpt>
      <trkpt lat="54.290012" lon="-2.208274">
        <ele>315.25</ele>
      </trkpt>
      <trkpt lat="54.290284" lon="-2.20799">
        <ele>313.75</ele>
      </trkpt>
      <trkpt lat="54.290439" lon="-2.207888">
        <ele>312.5</ele>
      </trkpt>
      <trkpt lat="54.291001" lon="-2.207354">
        <ele>309.5</ele>
      </trkpt>
      <trkpt lat="54.291077" lon="-2.207305">
        <ele>309.25</ele>
      </trkpt>
      <trkpt lat="54.291592" lon="-2.207027">
        <ele>307</ele>
      </trkpt>
      <trkpt lat="54.291842" lon="-2.206842">
        <ele>306</ele>
      </trkpt>
      <trkpt lat="54.292422" lon="-2.206329">
        <ele>303.25</ele>
      </trkpt>
      <trkpt lat="54.293059" lon="-2.205637">
        <ele>299.5</ele>
      </trkpt>
      <trkpt lat="54.293138" lon="-2.205523">
        <ele>299.25</ele>
      </trkpt>
      <trkpt lat="54.293256" lon="-2.205329">
        <ele>299.25</ele>
      </trkpt>
      <trkpt lat="54.293805" lon="-2.204323">
        <ele>297.25</ele>
      </trkpt>
      <trkpt lat="54.293914" lon="-2.204088">
        <ele>297.5</ele>
      </trkpt>
      <trkpt lat="54.29422" lon="-2.203363">
        <ele>298.5</ele>
      </trkpt>
      <trkpt lat="54.294297" lon="-2.203164">
        <ele>297.75</ele>
      </trkpt>
      <trkpt lat="54.294369" lon="-2.202918">
        <ele>297.25</ele>
      </trkpt>
      <trkpt lat="54.294405" lon="-2.202718">
        <ele>297.25</ele>
      </trkpt>
      <trkpt lat="54.294452" lon="-2.20255">
        <ele>297.25</ele>
      </trkpt>
      <trkpt lat="54.294683" lon="-2.201858">
        <ele>297.25</ele>
      </trkpt>
      <trkpt lat="54.294761" lon="-2.201663">
        <ele>297.5</ele>
      </trkpt>
      <trkpt lat="54.294832" lon="-2.201512">
        <ele>297.25</ele>
      </trkpt>
      <trkpt lat="54.295147" lon="-2.200976">
        <ele>295</ele>
      </trkpt>
      <trkpt lat="54.295263" lon="-2.200862">
        <ele>294</ele>
      </trkpt>
      <trkpt lat="54.295896" lon="-2.200383">
        <ele>290</ele>
      </trkpt>
      <trkpt lat="54.296512" lon="-2.200114">
        <ele>285</ele>
      </trkpt>
      <trkpt lat="54.297051" lon="-2.199803">
        <ele>278.25</ele>
      </trkpt>
      <trkpt lat="54.297384" lon="-2.199608">
        <ele>274</ele>
      </trkpt>
      <trkpt lat="54.297515" lon="-2.199532">
        <ele>272.5</ele>
      </trkpt>
      <trkpt lat="54.297594" lon="-2.199505">
        <ele>272.25</ele>
      </trkpt>
      <trkpt lat="54.297674" lon="-2.199515">
        <ele>271.75</ele>
      </trkpt>
      <trkpt lat="54.297957" lon="-2.199776">
        <ele>268.75</ele>
      </trkpt>
      <trkpt lat="54.298202" lon="-2.199859">
        <ele>267</ele>
      </trkpt>
      <trkpt lat="54.298266" lon="-2.199852">
        <ele>266.75</ele>
      </trkpt>
      <trkpt lat="54.298323" lon="-2.199809">
        <ele>266.5</ele>
      </trkpt>
      <trkpt lat="54.298392" lon="-2.199723">
        <ele>266.5</ele>
      </trkpt>
      <trkpt lat="54.298679" lon="-2.199258">
        <ele>266</ele>
      </trkpt>
      <trkpt lat="54.298736" lon="-2.199205">
        <ele>265.75</ele>
      </trkpt>
      <trkpt lat="54.298784" lon="-2.199194">
        <ele>265.5</ele>
      </trkpt>
      <trkpt lat="54.298816" lon="-2.199205">
        <ele>265.25</ele>
      </trkpt>
      <trkpt lat="54.298855" lon="-2.199244">
        <ele>265</ele>
      </trkpt>
      <trkpt lat="54.298881" lon="-2.19933">
        <ele>264.5</ele>
      </trkpt>
      <trkpt lat="54.298917" lon="-2.199525">
        <ele>263.75</ele>
      </trkpt>
      <trkpt lat="54.298922" lon="-2.199552">
        <ele>263.5</ele>
      </trkpt>
      <trkpt lat="54.29897" lon="-2.19974">
        <ele>262.75</ele>
      </trkpt>
      <trkpt lat="54.298987" lon="-2.199787">
        <ele>262.5</ele>
      </trkpt>
      <trkpt lat="54.299034" lon="-2.199861">
        <ele>262</ele>
      </trkpt>
      <trkpt lat="54.299091" lon="-2.199899">
        <ele>261.5</ele>
      </trkpt>
      <trkpt lat="54.299291" lon="-2.199971">
        <ele>260.25</ele>
      </trkpt>
      <trkpt lat="54.29943" lon="-2.200034">
        <ele>259.25</ele>
      </trkpt>
      <trkpt lat="54.299941" lon="-2.200316">
        <ele>256.25</ele>
      </trkpt>
      <trkpt lat="54.300222" lon="-2.200514">
        <ele>255.25</ele>
      </trkpt>
      <trkpt lat="54.300396" lon="-2.200648">
        <ele>254.75</ele>
      </trkpt>
      <trkpt lat="54.300709" lon="-2.200862">
        <ele>254.25</ele>
      </trkpt>
      <trkpt lat="54.300797" lon="-2.200927">
        <ele>254</ele>
      </trkpt>
      <trkpt lat="54.301348" lon="-2.201328">
        <ele>256</ele>
      </trkpt>
      <trkpt lat="54.301415" lon="-2.201362">
        <ele>256.25</ele>
      </trkpt>
      <trkpt lat="54.301467" lon="-2.201369">
        <ele>256.25</ele>
      </trkpt>
      <trkpt lat="54.301576" lon="-2.201363">
        <ele>256.5</ele>
      </trkpt>
      <trkpt lat="54.301843" lon="-2.201325">
        <ele>256</ele>
      </trkpt>
      <trkpt lat="54.301845" lon="-2.201303">
        <ele>256</ele>
      </trkpt>
      <trkpt lat="54.301846" lon="-2.201287">
        <ele>256</ele>
      </trkpt>
      <trkpt lat="54.301846" lon="-2.201277">
        <ele>256</ele>
      </trkpt>
      <trkpt lat="54.301846" lon="-2.201287">
        <ele>256</ele>
      </trkpt>
      <trkpt lat="54.301845" lon="-2.201303">
        <ele>256</ele>
      </trkpt>
      <trkpt lat="54.301843" lon="-2.201325">
        <ele>256</ele>
      </trkpt>
      <trkpt lat="54.302151" lon="-2.201287">
        <ele>254.75</ele>
      </trkpt>
      <trkpt lat="54.302322" lon="-2.201283">
        <ele>254</ele>
      </trkpt>
      <trkpt lat="54.302947" lon="-2.201271">
        <ele>251.5</ele>
      </trkpt>
      <trkpt lat="54.303329" lon="-2.201266">
        <ele>250</ele>
      </trkpt>
      <trkpt lat="54.303457" lon="-2.201265">
        <ele>249.25</ele>
      </trkpt>
      <trkpt lat="54.303466" lon="-2.201265">
        <ele>249.25</ele>
      </trkpt>
      <trkpt lat="54.303644" lon="-2.201269">
        <ele>248.25</ele>
      </trkpt>
      <trkpt lat="54.303813" lon="-2.20127">
        <ele>247.25</ele>
      </trkpt>
      <trkpt lat="54.304016" lon="-2.201269">
        <ele>246.25</ele>
      </trkpt>
      <trkpt lat="54.304178" lon="-2.20127">
        <ele>245.25</ele>
      </trkpt>
      <trkpt lat="54.304221" lon="-2.201271">
        <ele>245</ele>
      </trkpt>
      <trkpt lat="54.304224" lon="-2.201094">
        <ele>244.75</ele>
      </trkpt>
      <trkpt lat="54.304221" lon="-2.200684">
        <ele>244.5</ele>
      </trkpt>
      <trkpt lat="54.304217" lon="-2.200418">
        <ele>244</ele>
      </trkpt>
      <trkpt lat="54.304198" lon="-2.200049">
        <ele>243.75</ele>
      </trkpt>
      <trkpt lat="54.304176" lon="-2.199686">
        <ele>243.5</ele>
      </trkpt>
      <trkpt lat="54.304159" lon="-2.19952">
        <ele>243.25</ele>
      </trkpt>
      <trkpt lat="54.304155" lon="-2.199484">
        <ele>243.25</ele>
      </trkpt>
      <trkpt lat="54.304123" lon="-2.199236">
        <ele>243.25</ele>
      </trkpt>
      <trkpt lat="54.304093" lon="-2.199008">
        <ele>243.25</ele>
      </trkpt>
      <trkpt lat="54.304084" lon="-2.198941">
        <ele>243.25</ele>
      </trkpt>
      <trkpt lat="54.30396" lon="-2.198106">
        <ele>243</ele>
      </trkpt>
      <trkpt lat="54.303913" lon="-2.197709">
        <ele>242.5</ele>
      </trkpt>
      <trkpt lat="54.303914" lon="-2.197641">
        <ele>242.25</ele>
      </trkpt>
      <trkpt lat="54.303924" lon="-2.197587">
        <ele>242.25</ele>
      </trkpt>
      <trkpt lat="54.303947" lon="-2.197523">
        <ele>241.75</ele>
      </trkpt>
      <trkpt lat="54.303985" lon="-2.197471">
        <ele>241.25</ele>
      </trkpt>
      <trkpt lat="54.304035" lon="-2.19742">
        <ele>240.75</ele>
      </trkpt>
      <trkpt lat="54.30409" lon="-2.197315">
        <ele>239.75</ele>
      </trkpt>
      <trkpt lat="54.304125" lon="-2.197194">
        <ele>239.25</ele>
      </trkpt>
      <trkpt lat="54.304139" lon="-2.197069">
        <ele>238.5</ele>
      </trkpt>
      <trkpt lat="54.30416" lon="-2.196628">
        <ele>237</ele>
      </trkpt>
      <trkpt lat="54.304185" lon="-2.196296">
        <ele>236.25</ele>
      </trkpt>
      <trkpt lat="54.304194" lon="-2.196215">
        <ele>236.25</ele>
      </trkpt>
      <trkpt lat="54.304189" lon="-2.19585">
        <ele>235.75</ele>
      </trkpt>
      <trkpt lat="54.304163" lon="-2.195455">
        <ele>235</ele>
      </trkpt>
      <trkpt lat="54.304135" lon="-2.195187">
        <ele>234.5</ele>
      </trkpt>
      <trkpt lat="54.304098" lon="-2.194963">
        <ele>234.5</ele>
      </trkpt>
      <trkpt lat="54.304042" lon="-2.194714">
        <ele>235</ele>
      </trkpt>
      <trkpt lat="54.303963" lon="-2.194303">
        <ele>235.5</ele>
      </trkpt>
      <trkpt lat="54.303928" lon="-2.194151">
        <ele>236</ele>
      </trkpt>
      <trkpt lat="54.30395" lon="-2.19413">
        <ele>235.75</ele>
      </trkpt>
      <trkpt lat="54.303975" lon="-2.194105">
        <ele>235.5</ele>
      </trkpt>
      <trkpt lat="54.304236" lon="-2.193872">
        <ele>234</ele>
      </trkpt>
      <trkpt lat="54.304636" lon="-2.193532">
        <ele>233.5</ele>
      </trkpt>
      <trkpt lat="54.304708" lon="-2.193462">
        <ele>233.5</ele>
      </trkpt>
      <trkpt lat="54.304759" lon="-2.193412">
        <ele>233.25</ele>
      </trkpt>
      <trkpt lat="54.304924" lon="-2.19325">
        <ele>233</ele>
      </trkpt>
      <trkpt lat="54.305087" lon="-2.193076">
        <ele>232.5</ele>
      </trkpt>
      <trkpt lat="54.30519" lon="-2.192945">
        <ele>232</ele>
      </trkpt>
      <trkpt lat="54.305574" lon="-2.192267">
        <ele>231</ele>
      </trkpt>
      <trkpt lat="54.306044" lon="-2.191421">
        <ele>229.75</ele>
      </trkpt>
      <trkpt lat="54.306238" lon="-2.191022">
        <ele>229.5</ele>
      </trkpt>
      <trkpt lat="54.306298" lon="-2.190945">
        <ele>229.5</ele>
      </trkpt>
      <trkpt lat="54.306339" lon="-2.190912">
        <ele>229.5</ele>
      </trkpt>
      <trkpt lat="54.306382" lon="-2.19089">
        <ele>229.5</ele>
      </trkpt>
      <trkpt lat="54.306427" lon="-2.19088">
        <ele>229.5</ele>
      </trkpt>
      <trkpt lat="54.306526" lon="-2.190862">
        <ele>229.75</ele>
      </trkpt>
      <trkpt lat="54.30663" lon="-2.190871">
        <ele>229.75</ele>
      </trkpt>
      <trkpt lat="54.306704" lon="-2.190886">
        <ele>229.75</ele>
      </trkpt>
      <trkpt lat="54.306756" lon="-2.190913">
        <ele>229.75</ele>
      </trkpt>
      <trkpt lat="54.306806" lon="-2.190953">
        <ele>229.75</ele>
      </trkpt>
      <trkpt lat="54.307367" lon="-2.191645">
        <ele>227.5</ele>
      </trkpt>
      <trkpt lat="54.307655" lon="-2.191977">
        <ele>227</ele>
      </trkpt>
      <trkpt lat="54.30776" lon="-2.192135">
        <ele>226.75</ele>
      </trkpt>
      <trkpt lat="54.307857" lon="-2.192238">
        <ele>226.75</ele>
      </trkpt>
      <trkpt lat="54.30797" lon="-2.192295">
        <ele>226.5</ele>
      </trkpt>
      <trkpt lat="54.308034" lon="-2.192314">
        <ele>226.25</ele>
      </trkpt>
      <trkpt lat="54.308263" lon="-2.192353">
        <ele>225.75</ele>
      </trkpt>
      <trkpt lat="54.308397" lon="-2.192356">
        <ele>225.75</ele>
      </trkpt>
      <trkpt lat="54.308535" lon="-2.192325">
        <ele>225.75</ele>
      </trkpt>
      <trkpt lat="54.308646" lon="-2.192268">
        <ele>225.75</ele>
      </trkpt>
      <trkpt lat="54.308808" lon="-2.192135">
        <ele>225.75</ele>
      </trkpt>
      <trkpt lat="54.308877" lon="-2.192058">
        <ele>225.75</ele>
      </trkpt>
      <trkpt lat="54.308936" lon="-2.191977">
        <ele>225.75</ele>
      </trkpt>
      <trkpt lat="54.30899" lon="-2.191887">
        <ele>225.75</ele>
      </trkpt>
      <trkpt lat="54.309005" lon="-2.191838">
        <ele>225.5</ele>
      </trkpt>
      <trkpt lat="54.309022" lon="-2.191753">
        <ele>225.5</ele>
      </trkpt>
      <trkpt lat="54.309042" lon="-2.191211">
        <ele>225</ele>
      </trkpt>
      <trkpt lat="54.309054" lon="-2.191128">
        <ele>225</ele>
      </trkpt>
      <trkpt lat="54.30908" lon="-2.191062">
        <ele>225</ele>
      </trkpt>
      <trkpt lat="54.309555" lon="-2.190211">
        <ele>224.75</ele>
      </trkpt>
      <trkpt lat="54.309647" lon="-2.190088">
        <ele>225</ele>
      </trkpt>
      <trkpt lat="54.309761" lon="-2.190007">
        <ele>225.25</ele>
      </trkpt>
      <trkpt lat="54.309869" lon="-2.189963">
        <ele>225.5</ele>
      </trkpt>
      <trkpt lat="54.30998" lon="-2.189941">
        <ele>225.75</ele>
      </trkpt>
      <trkpt lat="54.310073" lon="-2.189952">
        <ele>226</ele>
      </trkpt>
      <trkpt lat="54.310169" lon="-2.189995">
        <ele>226.5</ele>
      </trkpt>
      <trkpt lat="54.310265" lon="-2.190073">
        <ele>226.75</ele>
      </trkpt>
      <trkpt lat="54.310408" lon="-2.19024">
        <ele>227</ele>
      </trkpt>
      <trkpt lat="54.31055" lon="-2.190325">
        <ele>227.25</ele>
      </trkpt>
      <trkpt lat="54.310733" lon="-2.190377">
        <ele>227.75</ele>
      </trkpt>
      <trkpt lat="54.311277" lon="-2.190633">
        <ele>230.5</ele>
      </trkpt>
      <trkpt lat="54.311386" lon="-2.190671">
        <ele>231</ele>
      </trkpt>
      <trkpt lat="54.311766" lon="-2.190856">
        <ele>233.5</ele>
      </trkpt>
      <trkpt lat="54.311974" lon="-2.190938">
        <ele>235</ele>
      </trkpt>
      <trkpt lat="54.31215" lon="-2.190971">
        <ele>236.25</ele>
      </trkpt>
      <trkpt lat="54.312989" lon="-2.191">
        <ele>243.5</ele>
      </trkpt>
      <trkpt lat="54.313312" lon="-2.191011">
        <ele>246.75</ele>
      </trkpt>
      <trkpt lat="54.313473" lon="-2.191046">
        <ele>249.25</ele>
      </trkpt>
      <trkpt lat="54.313605" lon="-2.191122">
        <ele>251.25</ele>
      </trkpt>
      <trkpt lat="54.313778" lon="-2.191291">
        <ele>254</ele>
      </trkpt>
      <trkpt lat="54.313844" lon="-2.191395">
        <ele>255</ele>
      </trkpt>
      <trkpt lat="54.313938" lon="-2.191612">
        <ele>256.25</ele>
      </trkpt>
      <trkpt lat="54.313961" lon="-2.191976">
        <ele>256.25</ele>
      </trkpt>
      <trkpt lat="54.314109" lon="-2.193716">
        <ele>255.75</ele>
      </trkpt>
      <trkpt lat="54.314157" lon="-2.194469">
        <ele>255.75</ele>
      </trkpt>
      <trkpt lat="54.31426" lon="-2.194408">
        <ele>256.5</ele>
      </trkpt>
      <trkpt lat="54.31435" lon="-2.194323">
        <ele>257.25</ele>
      </trkpt>
      <trkpt lat="54.314499" lon="-2.194149">
        <ele>258.75</ele>
      </trkpt>
      <trkpt lat="54.314662" lon="-2.194068">
        <ele>260.25</ele>
      </trkpt>
      <trkpt lat="54.314781" lon="-2.194072">
        <ele>261.25</ele>
      </trkpt>
      <trkpt lat="54.314966" lon="-2.194107">
        <ele>262.75</ele>
      </trkpt>
      <trkpt lat="54.315174" lon="-2.194193">
        <ele>265</ele>
      </trkpt>
      <trkpt lat="54.315662" lon="-2.194531">
        <ele>269.5</ele>
      </trkpt>
      <trkpt lat="54.31578" lon="-2.194638">
        <ele>270.5</ele>
      </trkpt>
      <trkpt lat="54.316089" lon="-2.194834">
        <ele>274.25</ele>
      </trkpt>
      <trkpt lat="54.316335" lon="-2.194939">
        <ele>277.75</ele>
      </trkpt>
      <trkpt lat="54.316483" lon="-2.195015">
        <ele>280</ele>
      </trkpt>
      <trkpt lat="54.31653" lon="-2.195083">
        <ele>280.5</ele>
      </trkpt>
      <trkpt lat="54.316552" lon="-2.195116">
        <ele>280.75</ele>
      </trkpt>
      <trkpt lat="54.316571" lon="-2.195144">
        <ele>280.75</ele>
      </trkpt>
      <trkpt lat="54.3167" lon="-2.195438">
        <ele>281.5</ele>
      </trkpt>
      <trkpt lat="54.316763" lon="-2.195738">
        <ele>280.75</ele>
      </trkpt>
      <trkpt lat="54.316831" lon="-2.196217">
        <ele>280</ele>
      </trkpt>
      <trkpt lat="54.316908" lon="-2.196539">
        <ele>279.75</ele>
      </trkpt>
      <trkpt lat="54.317079" lon="-2.196982">
        <ele>279.5</ele>
      </trkpt>
      <trkpt lat="54.317177" lon="-2.197213">
        <ele>279.5</ele>
      </trkpt>
      <trkpt lat="54.31731" lon="-2.19745">
        <ele>280</ele>
      </trkpt>
      <trkpt lat="54.317436" lon="-2.197597">
        <ele>281</ele>
      </trkpt>
      <trkpt lat="54.317603" lon="-2.197655">
        <ele>282</ele>
      </trkpt>
      <trkpt lat="54.318581" lon="-2.19748">
        <ele>287.75</ele>
      </trkpt>
      <trkpt lat="54.318725" lon="-2.197462">
        <ele>288.75</ele>
      </trkpt>
      <trkpt lat="54.318852" lon="-2.197467">
        <ele>289.5</ele>
      </trkpt>
      <trkpt lat="54.318885" lon="-2.197468">
        <ele>289.75</ele>
      </trkpt>
      <trkpt lat="54.318923" lon="-2.19747">
        <ele>290.25</ele>
      </trkpt>
      <trkpt lat="54.319018" lon="-2.197533">
        <ele>290.75</ele>
      </trkpt>
      <trkpt lat="54.319115" lon="-2.197674">
        <ele>291.5</ele>
      </trkpt>
      <trkpt lat="54.319214" lon="-2.197888">
        <ele>292.25</ele>
      </trkpt>
      <trkpt lat="54.319499" lon="-2.198621">
        <ele>293.75</ele>
      </trkpt>
      <trkpt lat="54.319545" lon="-2.198742">
        <ele>294</ele>
      </trkpt>
      <trkpt lat="54.319757" lon="-2.199292">
        <ele>294.75</ele>
      </trkpt>
      <trkpt lat="54.319955" lon="-2.199857">
        <ele>295.75</ele>
      </trkpt>
      <trkpt lat="54.319962" lon="-2.199879">
        <ele>295.75</ele>
      </trkpt>
      <trkpt lat="54.319999" lon="-2.199991">
        <ele>295.75</ele>
      </trkpt>
      <trkpt lat="54.320192" lon="-2.20054">
        <ele>295.75</ele>
      </trkpt>
      <trkpt lat="54.320327" lon="-2.200892">
        <ele>295.75</ele>
      </trkpt>
      <trkpt lat="54.320439" lon="-2.201052">
        <ele>296</ele>
      </trkpt>
      <trkpt lat="54.320517" lon="-2.201109">
        <ele>296.25</ele>
      </trkpt>
      <trkpt lat="54.320952" lon="-2.201257">
        <ele>298.75</ele>
      </trkpt>
      <trkpt lat="54.321683" lon="-2.201413">
        <ele>303.25</ele>
      </trkpt>
      <trkpt lat="54.321948" lon="-2.201512">
        <ele>304.5</ele>
      </trkpt>
      <trkpt lat="54.322108" lon="-2.201629">
        <ele>305.25</ele>
      </trkpt>
      <trkpt lat="54.322196" lon="-2.201681">
        <ele>305.75</ele>
      </trkpt>
      <trkpt lat="54.322287" lon="-2.201791">
        <ele>306.25</ele>
      </trkpt>
      <trkpt lat="54.322491" lon="-2.202141">
        <ele>307.25</ele>
      </trkpt>
      <trkpt lat="54.32255" lon="-2.202274">
        <ele>307.75</ele>
      </trkpt>
      <trkpt lat="54.322609" lon="-2.202381">
        <ele>308</ele>
      </trkpt>
      <trkpt lat="54.322685" lon="-2.202439">
        <ele>308.75</ele>
      </trkpt>
      <trkpt lat="54.322743" lon="-2.20246">
        <ele>309.25</ele>
      </trkpt>
      <trkpt lat="54.322882" lon="-2.202454">
        <ele>310.75</ele>
      </trkpt>
      <trkpt lat="54.323071" lon="-2.202427">
        <ele>312.5</ele>
      </trkpt>
      <trkpt lat="54.323313" lon="-2.202356">
        <ele>315.25</ele>
      </trkpt>
      <trkpt lat="54.323479" lon="-2.202347">
        <ele>317.25</ele>
      </trkpt>
      <trkpt lat="54.32373" lon="-2.20249">
        <ele>319.75</ele>
      </trkpt>
      <trkpt lat="54.323934" lon="-2.202683">
        <ele>321</ele>
      </trkpt>
      <trkpt lat="54.324138" lon="-2.20282">
        <ele>322.25</ele>
      </trkpt>
      <trkpt lat="54.324295" lon="-2.202894">
        <ele>324.25</ele>
      </trkpt>
      <trkpt lat="54.324535" lon="-2.20297">
        <ele>327.5</ele>
      </trkpt>
      <trkpt lat="54.324594" lon="-2.202999">
        <ele>328.25</ele>
      </trkpt>
      <trkpt lat="54.324667" lon="-2.203048">
        <ele>329.25</ele>
      </trkpt>
      <trkpt lat="54.324736" lon="-2.203108">
        <ele>329.75</ele>
      </trkpt>
      <trkpt lat="54.324959" lon="-2.203351">
        <ele>331</ele>
      </trkpt>
      <trkpt lat="54.325215" lon="-2.20371">
        <ele>332.75</ele>
      </trkpt>
      <trkpt lat="54.32544" lon="-2.204066">
        <ele>334.25</ele>
      </trkpt>
      <trkpt lat="54.325594" lon="-2.204339">
        <ele>335</ele>
      </trkpt>
      <trkpt lat="54.325833" lon="-2.204808">
        <ele>335.5</ele>
      </trkpt>
      <trkpt lat="54.325926" lon="-2.204925">
        <ele>336.25</ele>
      </trkpt>
      <trkpt lat="54.325981" lon="-2.204968">
        <ele>336.75</ele>
      </trkpt>
      <trkpt lat="54.326037" lon="-2.20499">
        <ele>337.5</ele>
      </trkpt>
      <trkpt lat="54.326144" lon="-2.204987">
        <ele>339.5</ele>
      </trkpt>
      <trkpt lat="54.326274" lon="-2.204966">
        <ele>342</ele>
      </trkpt>
      <trkpt lat="54.32679" lon="-2.204847">
        <ele>352.75</ele>
      </trkpt>
      <trkpt lat="54.326846" lon="-2.204846">
        <ele>354</ele>
      </trkpt>
      <trkpt lat="54.326955" lon="-2.204867">
        <ele>356</ele>
      </trkpt>
      <trkpt lat="54.327064" lon="-2.204921">
        <ele>357.75</ele>
      </trkpt>
      <trkpt lat="54.327145" lon="-2.204986">
        <ele>358.75</ele>
      </trkpt>
      <trkpt lat="54.327599" lon="-2.205404">
        <ele>364.25</ele>
      </trkpt>
      <trkpt lat="54.327951" lon="-2.205738">
        <ele>369</ele>
      </trkpt>
      <trkpt lat="54.328357" lon="-2.206148">
        <ele>374</ele>
      </trkpt>
      <trkpt lat="54.328522" lon="-2.206326">
        <ele>376.5</ele>
      </trkpt>
      <trkpt lat="54.328604" lon="-2.206422">
        <ele>377.5</ele>
      </trkpt>
      <trkpt lat="54.328704" lon="-2.206581">
        <ele>378.25</ele>
      </trkpt>
      <trkpt lat="54.328844" lon="-2.206759">
        <ele>379.5</ele>
      </trkpt>
      <trkpt lat="54.329024" lon="-2.206924">
        <ele>382</ele>
      </trkpt>
      <trkpt lat="54.329152" lon="-2.207012">
        <ele>384</ele>
      </trkpt>
      <trkpt lat="54.329504" lon="-2.207239">
        <ele>389.75</ele>
      </trkpt>
      <trkpt lat="54.329647" lon="-2.207285">
        <ele>392.75</ele>
      </trkpt>
      <trkpt lat="54.329983" lon="-2.207305">
        <ele>400.75</ele>
      </trkpt>
      <trkpt lat="54.330354" lon="-2.207469">
        <ele>406</ele>
      </trkpt>
      <trkpt lat="54.330521" lon="-2.20753">
        <ele>408.5</ele>
      </trkpt>
      <trkpt lat="54.330836" lon="-2.207583">
        <ele>414</ele>
      </trkpt>
      <trkpt lat="54.331239" lon="-2.207653">
        <ele>419.25</ele>
      </trkpt>
      <trkpt lat="54.331465" lon="-2.207711">
        <ele>422</ele>
      </trkpt>
      <trkpt lat="54.331643" lon="-2.207783">
        <ele>423.75</ele>
      </trkpt>
      <trkpt lat="54.33199" lon="-2.207958">
        <ele>427</ele>
      </trkpt>
      <trkpt lat="54.33224" lon="-2.208132">
        <ele>428.5</ele>
      </trkpt>
      <trkpt lat="54.332929" lon="-2.208582">
        <ele>432</ele>
      </trkpt>
      <trkpt lat="54.333119" lon="-2.20868">
        <ele>433</ele>
      </trkpt>
      <trkpt lat="54.333498" lon="-2.208843">
        <ele>434.5</ele>
      </trkpt>
      <trkpt lat="54.333712" lon="-2.208921">
        <ele>435.5</ele>
      </trkpt>
      <trkpt lat="54.333922" lon="-2.208982">
        <ele>436.25</ele>
      </trkpt>
      <trkpt lat="54.334112" lon="-2.209002">
        <ele>437.5</ele>
      </trkpt>
      <trkpt lat="54.334662" lon="-2.209028">
        <ele>441.5</ele>
      </trkpt>
      <trkpt lat="54.334844" lon="-2.209017">
        <ele>443</ele>
      </trkpt>
      <trkpt lat="54.334991" lon="-2.208985">
        <ele>444.75</ele>
      </trkpt>
      <trkpt lat="54.335136" lon="-2.208922">
        <ele>446.5</ele>
      </trkpt>
      <trkpt lat="54.335354" lon="-2.20881">
        <ele>449.25</ele>
      </trkpt>
      <trkpt lat="54.335821" lon="-2.208536">
        <ele>455.5</ele>
      </trkpt>
      <trkpt lat="54.335954" lon="-2.208473">
        <ele>456.75</ele>
      </trkpt>
      <trkpt lat="54.33611" lon="-2.208438">
        <ele>457.5</ele>
      </trkpt>
      <trkpt lat="54.336341" lon="-2.208407">
        <ele>458.25</ele>
      </trkpt>
      <trkpt lat="54.337017" lon="-2.208364">
        <ele>460.75</ele>
      </trkpt>
      <trkpt lat="54.337244" lon="-2.208322">
        <ele>462</ele>
      </trkpt>
      <trkpt lat="54.337369" lon="-2.208285">
        <ele>463</ele>
      </trkpt>
      <trkpt lat="54.33771" lon="-2.208141">
        <ele>465</ele>
      </trkpt>
      <trkpt lat="54.337809" lon="-2.2081">
        <ele>465.5</ele>
      </trkpt>
      <trkpt lat="54.338002" lon="-2.208031">
        <ele>466.25</ele>
      </trkpt>
      <trkpt lat="54.33833" lon="-2.207885">
        <ele>467.75</ele>
      </trkpt>
      <trkpt lat="54.338669" lon="-2.207738">
        <ele>469.75</ele>
      </trkpt>
      <trkpt lat="54.338781" lon="-2.207692">
        <ele>470.5</ele>
      </trkpt>
      <trkpt lat="54.33886" lon="-2.207674">
        <ele>470.75</ele>
      </trkpt>
      <trkpt lat="54.33894" lon="-2.207672">
        <ele>471</ele>
      </trkpt>
      <trkpt lat="54.339019" lon="-2.207683">
        <ele>471</ele>
      </trkpt>
      <trkpt lat="54.339096" lon="-2.207709">
        <ele>470.75</ele>
      </trkpt>
      <trkpt lat="54.339488" lon="-2.207893">
        <ele>469</ele>
      </trkpt>
      <trkpt lat="54.339565" lon="-2.207917">
        <ele>468.75</ele>
      </trkpt>
      <trkpt lat="54.339725" lon="-2.207929">
        <ele>468.5</ele>
      </trkpt>
      <trkpt lat="54.339807" lon="-2.207918">
        <ele>468.5</ele>
      </trkpt>
      <trkpt lat="54.339888" lon="-2.207894">
        <ele>468.75</ele>
      </trkpt>
      <trkpt lat="54.340194" lon="-2.207757">
        <ele>470</ele>
      </trkpt>
      <trkpt lat="54.341492" lon="-2.207094">
        <ele>476.75</ele>
      </trkpt>
      <trkpt lat="54.341817" lon="-2.206911">
        <ele>478.5</ele>
      </trkpt>
      <trkpt lat="54.341938" lon="-2.206829">
        <ele>479.75</ele>
      </trkpt>
      <trkpt lat="54.342162" lon="-2.206646">
        <ele>482.25</ele>
      </trkpt>
      <trkpt lat="54.342869" lon="-2.206006">
        <ele>489</ele>
      </trkpt>
      <trkpt lat="54.343047" lon="-2.205836">
        <ele>490.5</ele>
      </trkpt>
      <trkpt lat="54.343417" lon="-2.20549">
        <ele>494</ele>
      </trkpt>
      <trkpt lat="54.344071" lon="-2.204777">
        <ele>502</ele>
      </trkpt>
      <trkpt lat="54.344527" lon="-2.204309">
        <ele>506.75</ele>
      </trkpt>
      <trkpt lat="54.344715" lon="-2.204155">
        <ele>508</ele>
      </trkpt>
      <trkpt lat="54.344911" lon="-2.204049">
        <ele>508.75</ele>
      </trkpt>
      <trkpt lat="54.345087" lon="-2.203967">
        <ele>509.25</ele>
      </trkpt>
      <trkpt lat="54.345622" lon="-2.203828">
        <ele>509.25</ele>
      </trkpt>
      <trkpt lat="54.346143" lon="-2.203731">
        <ele>510</ele>
      </trkpt>
      <trkpt lat="54.346318" lon="-2.203715">
        <ele>510.25</ele>
      </trkpt>
      <trkpt lat="54.346443" lon="-2.203725">
        <ele>510.25</ele>
      </trkpt>
      <trkpt lat="54.346537" lon="-2.203745">
        <ele>510.25</ele>
      </trkpt>
      <trkpt lat="54.347351" lon="-2.204032">
        <ele>509.25</ele>
      </trkpt>
      <trkpt lat="54.347871" lon="-2.204198">
        <ele>509.25</ele>
      </trkpt>
      <trkpt lat="54.348253" lon="-2.204309">
        <ele>510</ele>
      </trkpt>
      <trkpt lat="54.349135" lon="-2.204506">
        <ele>511</ele>
      </trkpt>
      <trkpt lat="54.349501" lon="-2.204619">
        <ele>510.75</ele>
      </trkpt>
      <trkpt lat="54.349804" lon="-2.204751">
        <ele>510.5</ele>
      </trkpt>
      <trkpt lat="54.349971" lon="-2.204796">
        <ele>510.5</ele>
      </trkpt>
      <trkpt lat="54.350378" lon="-2.204863">
        <ele>511.25</ele>
      </trkpt>
      <trkpt lat="54.350489" lon="-2.204906">
        <ele>511.25</ele>
      </trkpt>
      <trkpt lat="54.350857" lon="-2.205142">
        <ele>509.5</ele>
      </trkpt>
      <trkpt lat="54.351024" lon="-2.20524">
        <ele>508</ele>
      </trkpt>
      <trkpt lat="54.351221" lon="-2.205336">
        <ele>506.75</ele>
      </trkpt>
      <trkpt lat="54.351604" lon="-2.205471">
        <ele>505</ele>
      </trkpt>
      <trkpt lat="54.351917" lon="-2.205519">
        <ele>505.25</ele>
      </trkpt>
      <trkpt lat="54.35225" lon="-2.205559">
        <ele>506.25</ele>
      </trkpt>
      <trkpt lat="54.352434" lon="-2.205568">
        <ele>507</ele>
      </trkpt>
      <trkpt lat="54.352671" lon="-2.205556">
        <ele>508.5</ele>
      </trkpt>
      <trkpt lat="54.353343" lon="-2.205486">
        <ele>512.75</ele>
      </trkpt>
      <trkpt lat="54.353888" lon="-2.205398">
        <ele>517.25</ele>
      </trkpt>
      <trkpt lat="54.353972" lon="-2.205372">
        <ele>518</ele>
      </trkpt>
      <trkpt lat="54.354094" lon="-2.205324">
        <ele>519</ele>
      </trkpt>
      <trkpt lat="54.354423" lon="-2.205119">
        <ele>522</ele>
      </trkpt>
      <trkpt lat="54.354613" lon="-2.205002">
        <ele>523.5</ele>
      </trkpt>
      <trkpt lat="54.354823" lon="-2.204917">
        <ele>524.25</ele>
      </trkpt>
      <trkpt lat="54.355126" lon="-2.204856">
        <ele>525</ele>
      </trkpt>
      <trkpt lat="54.355467" lon="-2.204608">
        <ele>525.5</ele>
      </trkpt>
      <trkpt lat="54.355569" lon="-2.204528">
        <ele>525.5</ele>
      </trkpt>
      <trkpt lat="54.355674" lon="-2.204447">
        <ele>525.75</ele>
      </trkpt>
      <trkpt lat="54.355812" lon="-2.204307">
        <ele>525.75</ele>
      </trkpt>
      <trkpt lat="54.356003" lon="-2.204074">
        <ele>526.25</ele>
      </trkpt>
      <trkpt lat="54.356305" lon="-2.203674">
        <ele>526</ele>
      </trkpt>
      <trkpt lat="54.356578" lon="-2.203341">
        <ele>525.75</ele>
      </trkpt>
      <trkpt lat="54.356729" lon="-2.203108">
        <ele>526.25</ele>
      </trkpt>
      <trkpt lat="54.357269" lon="-2.202013">
        <ele>526.5</ele>
      </trkpt>
      <trkpt lat="54.357395" lon="-2.201667">
        <ele>525.75</ele>
      </trkpt>
      <trkpt lat="54.357457" lon="-2.201466">
        <ele>524.75</ele>
      </trkpt>
      <trkpt lat="54.357572" lon="-2.201015">
        <ele>522.75</ele>
      </trkpt>
      <trkpt lat="54.35771" lon="-2.200489">
        <ele>520.5</ele>
      </trkpt>
      <trkpt lat="54.357802" lon="-2.20026">
        <ele>520</ele>
      </trkpt>
      <trkpt lat="54.357871" lon="-2.200122">
        <ele>519.75</ele>
      </trkpt>
      <trkpt lat="54.35803" lon="-2.19987">
        <ele>519.25</ele>
      </trkpt>
      <trkpt lat="54.358252" lon="-2.199553">
        <ele>517</ele>
      </trkpt>
      <trkpt lat="54.358405" lon="-2.199236">
        <ele>513.75</ele>
      </trkpt>
      <trkpt lat="54.358608" lon="-2.198847">
        <ele>509.75</ele>
      </trkpt>
      <trkpt lat="54.358691" lon="-2.198672">
        <ele>508</ele>
      </trkpt>
      <trkpt lat="54.358775" lon="-2.198549">
        <ele>507</ele>
      </trkpt>
      <trkpt lat="54.358892" lon="-2.19846">
        <ele>507</ele>
      </trkpt>
      <trkpt lat="54.359019" lon="-2.198318">
        <ele>506</ele>
      </trkpt>
      <trkpt lat="54.359113" lon="-2.198117">
        <ele>504.25</ele>
      </trkpt>
      <trkpt lat="54.359328" lon="-2.197525">
        <ele>499.25</ele>
      </trkpt>
      <trkpt lat="54.35978" lon="-2.196235">
        <ele>488</ele>
      </trkpt>
      <trkpt lat="54.359817" lon="-2.19608">
        <ele>486.25</ele>
      </trkpt>
      <trkpt lat="54.359852" lon="-2.19588">
        <ele>483.75</ele>
      </trkpt>
      <trkpt lat="54.359853" lon="-2.195701">
        <ele>481.25</ele>
      </trkpt>
      <trkpt lat="54.359858" lon="-2.195526">
        <ele>479</ele>
      </trkpt>
      <trkpt lat="54.359876" lon="-2.195405">
        <ele>477.25</ele>
      </trkpt>
      <trkpt lat="54.359921" lon="-2.195306">
        <ele>475.75</ele>
      </trkpt>
      <trkpt lat="54.360093" lon="-2.195042">
        <ele>473.5</ele>
      </trkpt>
      <trkpt lat="54.360246" lon="-2.194863">
        <ele>474.25</ele>
      </trkpt>
      <trkpt lat="54.360346" lon="-2.194762">
        <ele>474.5</ele>
      </trkpt>
      <trkpt lat="54.360514" lon="-2.194657">
        <ele>475.75</ele>
      </trkpt>
      <trkpt lat="54.360623" lon="-2.194553">
        <ele>475.5</ele>
      </trkpt>
      <trkpt lat="54.36088" lon="-2.194158">
        <ele>471.25</ele>
      </trkpt>
      <trkpt lat="54.361276" lon="-2.19364">
        <ele>472</ele>
      </trkpt>
      <trkpt lat="54.361441" lon="-2.19345">
        <ele>473</ele>
      </trkpt>
      <trkpt lat="54.361837" lon="-2.193034">
        <ele>475.5</ele>
      </trkpt>
      <trkpt lat="54.362218" lon="-2.192615">
        <ele>477</ele>
      </trkpt>
      <trkpt lat="54.362374" lon="-2.192469">
        <ele>478.25</ele>
      </trkpt>
      <trkpt lat="54.362673" lon="-2.19232">
        <ele>483.5</ele>
      </trkpt>
      <trkpt lat="54.362804" lon="-2.19221">
        <ele>484.5</ele>
      </trkpt>
      <trkpt lat="54.362875" lon="-2.192126">
        <ele>484.5</ele>
      </trkpt>
      <trkpt lat="54.363081" lon="-2.19178">
        <ele>482.25</ele>
      </trkpt>
      <trkpt lat="54.363155" lon="-2.191672">
        <ele>481.75</ele>
      </trkpt>
      <trkpt lat="54.363242" lon="-2.191564">
        <ele>481.5</ele>
      </trkpt>
      <trkpt lat="54.363399" lon="-2.191422">
        <ele>481.75</ele>
      </trkpt>
      <trkpt lat="54.363576" lon="-2.191227">
        <ele>481.25</ele>
      </trkpt>
      <trkpt lat="54.363957" lon="-2.190884">
        <ele>482.5</ele>
      </trkpt>
      <trkpt lat="54.364197" lon="-2.190693">
        <ele>484</ele>
      </trkpt>
      <trkpt lat="54.36451" lon="-2.190477">
        <ele>486.5</ele>
      </trkpt>
      <trkpt lat="54.365068" lon="-2.190055">
        <ele>491.5</ele>
      </trkpt>
      <trkpt lat="54.365138" lon="-2.189972">
        <ele>490.75</ele>
      </trkpt>
      <trkpt lat="54.365369" lon="-2.189737">
        <ele>488</ele>
      </trkpt>
      <trkpt lat="54.365662" lon="-2.18958">
        <ele>490.25</ele>
      </trkpt>
      <trkpt lat="54.365847" lon="-2.189446">
        <ele>490.75</ele>
      </trkpt>
      <trkpt lat="54.366063" lon="-2.189305">
        <ele>490.25</ele>
      </trkpt>
      <trkpt lat="54.366526" lon="-2.189078">
        <ele>492.5</ele>
      </trkpt>
      <trkpt lat="54.367021" lon="-2.188645">
        <ele>489.25</ele>
      </trkpt>
      <trkpt lat="54.367231" lon="-2.188512">
        <ele>489.25</ele>
      </trkpt>
      <trkpt lat="54.367323" lon="-2.188486">
        <ele>490</ele>
      </trkpt>
      <trkpt lat="54.367471" lon="-2.188479">
        <ele>491.75</ele>
      </trkpt>
      <trkpt lat="54.367658" lon="-2.188496">
        <ele>492.75</ele>
      </trkpt>
      <trkpt lat="54.367741" lon="-2.188492">
        <ele>493</ele>
      </trkpt>
      <trkpt lat="54.367805" lon="-2.188478">
        <ele>493</ele>
      </trkpt>
      <trkpt lat="54.367896" lon="-2.188422">
        <ele>492.5</ele>
      </trkpt>
      <trkpt lat="54.367962" lon="-2.188378">
        <ele>492.25</ele>
      </trkpt>
      <trkpt lat="54.368202" lon="-2.188156">
        <ele>489.25</ele>
      </trkpt>
      <trkpt lat="54.368729" lon="-2.18765">
        <ele>483.25</ele>
      </trkpt>
      <trkpt lat="54.368844" lon="-2.187526">
        <ele>482</ele>
      </trkpt>
      <trkpt lat="54.368892" lon="-2.187455">
        <ele>481.25</ele>
      </trkpt>
      <trkpt lat="54.369115" lon="-2.187141">
        <ele>479</ele>
      </trkpt>
      <trkpt lat="54.369151" lon="-2.187095">
        <ele>479</ele>
      </trkpt>
      <trkpt lat="54.369199" lon="-2.187053">
        <ele>478</ele>
      </trkpt>
      <trkpt lat="54.36927" lon="-2.18702">
        <ele>476.75</ele>
      </trkpt>
      <trkpt lat="54.369332" lon="-2.187006">
        <ele>475.5</ele>
      </trkpt>
      <trkpt lat="54.369547" lon="-2.187044">
        <ele>472.5</ele>
      </trkpt>
      <trkpt lat="54.36963" lon="-2.187074">
        <ele>471.5</ele>
      </trkpt>
      <trkpt lat="54.369727" lon="-2.18714">
        <ele>470.5</ele>
      </trkpt>
      <trkpt lat="54.369948" lon="-2.187351">
        <ele>468.75</ele>
      </trkpt>
      <trkpt lat="54.370053" lon="-2.187416">
        <ele>467.25</ele>
      </trkpt>
      <trkpt lat="54.37026" lon="-2.187513">
        <ele>464.25</ele>
      </trkpt>
      <trkpt lat="54.37038" lon="-2.187593">
        <ele>462.5</ele>
      </trkpt>
      <trkpt lat="54.370607" lon="-2.187806">
        <ele>459</ele>
      </trkpt>
      <trkpt lat="54.370644" lon="-2.187827">
        <ele>458.25</ele>
      </trkpt>
      <trkpt lat="54.370677" lon="-2.187829">
        <ele>457.75</ele>
      </trkpt>
      <trkpt lat="54.370715" lon="-2.187806">
        <ele>457</ele>
      </trkpt>
      <trkpt lat="54.37075" lon="-2.187746">
        <ele>456</ele>
      </trkpt>
      <trkpt lat="54.370771" lon="-2.187646">
        <ele>455.5</ele>
      </trkpt>
      <trkpt lat="54.370785" lon="-2.187445">
        <ele>454.5</ele>
      </trkpt>
      <trkpt lat="54.370795" lon="-2.186761">
        <ele>451.75</ele>
      </trkpt>
      <trkpt lat="54.370771" lon="-2.18626">
        <ele>448.25</ele>
      </trkpt>
      <trkpt lat="54.37077" lon="-2.186079">
        <ele>446.75</ele>
      </trkpt>
      <trkpt lat="54.370778" lon="-2.185988">
        <ele>445.75</ele>
      </trkpt>
      <trkpt lat="54.370802" lon="-2.185914">
        <ele>445</ele>
      </trkpt>
      <trkpt lat="54.371141" lon="-2.185478">
        <ele>436</ele>
      </trkpt>
      <trkpt lat="54.371627" lon="-2.184797">
        <ele>425.25</ele>
      </trkpt>
      <trkpt lat="54.371846" lon="-2.184424">
        <ele>422</ele>
      </trkpt>
      <trkpt lat="54.372103" lon="-2.183955">
        <ele>419</ele>
      </trkpt>
      <trkpt lat="54.372349" lon="-2.183473">
        <ele>416.75</ele>
      </trkpt>
      <trkpt lat="54.372677" lon="-2.182803">
        <ele>413.5</ele>
      </trkpt>
      <trkpt lat="54.373036" lon="-2.181998">
        <ele>410.25</ele>
      </trkpt>
      <trkpt lat="54.373333" lon="-2.181251">
        <ele>408.5</ele>
      </trkpt>
      <trkpt lat="54.373526" lon="-2.180664">
        <ele>405.75</ele>
      </trkpt>
      <trkpt lat="54.37371" lon="-2.180131">
        <ele>403.75</ele>
      </trkpt>
      <trkpt lat="54.373873" lon="-2.179626">
        <ele>401</ele>
      </trkpt>
      <trkpt lat="54.374089" lon="-2.178857">
        <ele>396.75</ele>
      </trkpt>
      <trkpt lat="54.374322" lon="-2.17799">
        <ele>391.75</ele>
      </trkpt>
      <trkpt lat="54.374393" lon="-2.177654">
        <ele>390</ele>
      </trkpt>
      <trkpt lat="54.37444" lon="-2.177409">
        <ele>388.75</ele>
      </trkpt>
      <trkpt lat="54.37455" lon="-2.176682">
        <ele>385</ele>
      </trkpt>
      <trkpt lat="54.374863" lon="-2.174514">
        <ele>374.25</ele>
      </trkpt>
      <trkpt lat="54.37496" lon="-2.17395">
        <ele>371</ele>
      </trkpt>
      <trkpt lat="54.3752" lon="-2.172729">
        <ele>361.5</ele>
      </trkpt>
      <trkpt lat="54.375359" lon="-2.171871">
        <ele>354.5</ele>
      </trkpt>
      <trkpt lat="54.375527" lon="-2.1711">
        <ele>347.75</ele>
      </trkpt>
      <trkpt lat="54.375795" lon="-2.170004">
        <ele>338.75</ele>
      </trkpt>
      <trkpt lat="54.375829" lon="-2.169814">
        <ele>337.25</ele>
      </trkpt>
      <trkpt lat="54.375843" lon="-2.169615">
        <ele>335.5</ele>
      </trkpt>
      <trkpt lat="54.375846" lon="-2.169338">
        <ele>333.25</ele>
      </trkpt>
      <trkpt lat="54.375839" lon="-2.168962">
        <ele>330</ele>
      </trkpt>
      <trkpt lat="54.37585" lon="-2.168757">
        <ele>328.25</ele>
      </trkpt>
      <trkpt lat="54.375873" lon="-2.168543">
        <ele>326.25</ele>
      </trkpt>
      <trkpt lat="54.375915" lon="-2.168396">
        <ele>324.5</ele>
      </trkpt>
      <trkpt lat="54.376113" lon="-2.167959">
        <ele>319.5</ele>
      </trkpt>
      <trkpt lat="54.376156" lon="-2.167837">
        <ele>318.5</ele>
      </trkpt>
      <trkpt lat="54.37619" lon="-2.167716">
        <ele>317.5</ele>
      </trkpt>
      <trkpt lat="54.37624" lon="-2.167474">
        <ele>315.75</ele>
      </trkpt>
      <trkpt lat="54.376287" lon="-2.167139">
        <ele>313.5</ele>
      </trkpt>
      <trkpt lat="54.376327" lon="-2.166905">
        <ele>311.75</ele>
      </trkpt>
      <trkpt lat="54.376354" lon="-2.166804">
        <ele>311</ele>
      </trkpt>
      <trkpt lat="54.376404" lon="-2.166697">
        <ele>310</ele>
      </trkpt>
      <trkpt lat="54.376468" lon="-2.166644">
        <ele>309.25</ele>
      </trkpt>
      <trkpt lat="54.37654" lon="-2.166614">
        <ele>308.5</ele>
      </trkpt>
      <trkpt lat="54.377026" lon="-2.166501">
        <ele>302.5</ele>
      </trkpt>
      <trkpt lat="54.377134" lon="-2.166462">
        <ele>301</ele>
      </trkpt>
      <trkpt lat="54.377265" lon="-2.166397">
        <ele>298.75</ele>
      </trkpt>
      <trkpt lat="54.377369" lon="-2.166301">
        <ele>297</ele>
      </trkpt>
      <trkpt lat="54.377695" lon="-2.166738">
        <ele>295.75</ele>
      </trkpt>
      <trkpt lat="54.377829" lon="-2.1669">
        <ele>295</ele>
      </trkpt>
      <trkpt lat="54.378134" lon="-2.167224">
        <ele>292.75</ele>
      </trkpt>
      <trkpt lat="54.378258" lon="-2.16737">
        <ele>292</ele>
      </trkpt>
      <trkpt lat="54.378367" lon="-2.167514">
        <ele>291.75</ele>
      </trkpt>
      <trkpt lat="54.378669" lon="-2.167959">
        <ele>291.25</ele>
      </trkpt>
      <trkpt lat="54.378697" lon="-2.167985">
        <ele>290.5</ele>
      </trkpt>
      <trkpt lat="54.378766" lon="-2.167996">
        <ele>289.25</ele>
      </trkpt>
      <trkpt lat="54.378834" lon="-2.16797">
        <ele>288</ele>
      </trkpt>
      <trkpt lat="54.379029" lon="-2.167899">
        <ele>288</ele>
      </trkpt>
      <trkpt lat="54.379122" lon="-2.167906">
        <ele>287.25</ele>
      </trkpt>
      <trkpt lat="54.379178" lon="-2.167944">
        <ele>287</ele>
      </trkpt>
      <trkpt lat="54.37922" lon="-2.168001">
        <ele>287.25</ele>
      </trkpt>
      <trkpt lat="54.379267" lon="-2.168131">
        <ele>287.5</ele>
      </trkpt>
      <trkpt lat="54.379311" lon="-2.168311">
        <ele>288.25</ele>
      </trkpt>
      <trkpt lat="54.379355" lon="-2.168564">
        <ele>289</ele>
      </trkpt>
      <trkpt lat="54.3794" lon="-2.168871">
        <ele>290</ele>
      </trkpt>
      <trkpt lat="54.379451" lon="-2.169081">
        <ele>291</ele>
      </trkpt>
      <trkpt lat="54.379506" lon="-2.16925">
        <ele>291.75</ele>
      </trkpt>
      <trkpt lat="54.379588" lon="-2.169436">
        <ele>292.75</ele>
      </trkpt>
      <trkpt lat="54.379765" lon="-2.169804">
        <ele>295.25</ele>
      </trkpt>
      <trkpt lat="54.380015" lon="-2.170425">
        <ele>300.5</ele>
      </trkpt>
      <trkpt lat="54.380061" lon="-2.170551">
        <ele>301.75</ele>
      </trkpt>
      <trkpt lat="54.380149" lon="-2.170948">
        <ele>304.75</ele>
      </trkpt>
      <trkpt lat="54.380186" lon="-2.171077">
        <ele>305.75</ele>
      </trkpt>
      <trkpt lat="54.380229" lon="-2.171176">
        <ele>306.5</ele>
      </trkpt>
      <trkpt lat="54.380285" lon="-2.17125">
        <ele>307.5</ele>
      </trkpt>
      <trkpt lat="54.38036" lon="-2.171316">
        <ele>308.5</ele>
      </trkpt>
      <trkpt lat="54.380656" lon="-2.171533">
        <ele>312.5</ele>
      </trkpt>
      <trkpt lat="54.380923" lon="-2.171718">
        <ele>315.5</ele>
      </trkpt>
      <trkpt lat="54.38105" lon="-2.171796">
        <ele>316.5</ele>
      </trkpt>
      <trkpt lat="54.38126" lon="-2.171897">
        <ele>318.25</ele>
      </trkpt>
      <trkpt lat="54.381453" lon="-2.17195">
        <ele>319.75</ele>
      </trkpt>
      <trkpt lat="54.382118" lon="-2.172035">
        <ele>323</ele>
      </trkpt>
      <trkpt lat="54.382421" lon="-2.172104">
        <ele>325</ele>
      </trkpt>
      <trkpt lat="54.382591" lon="-2.172181">
        <ele>326</ele>
      </trkpt>
      <trkpt lat="54.382721" lon="-2.172269">
        <ele>327</ele>
      </trkpt>
      <trkpt lat="54.382858" lon="-2.172411">
        <ele>328.75</ele>
      </trkpt>
      <trkpt lat="54.383005" lon="-2.172512">
        <ele>329.75</ele>
      </trkpt>
      <trkpt lat="54.383557" lon="-2.17277">
        <ele>331.75</ele>
      </trkpt>
      <trkpt lat="54.384095" lon="-2.173064">
        <ele>334.25</ele>
      </trkpt>
      <trkpt lat="54.384163" lon="-2.173086">
        <ele>334.25</ele>
      </trkpt>
      <trkpt lat="54.384291" lon="-2.173112">
        <ele>334.5</ele>
      </trkpt>
      <trkpt lat="54.384639" lon="-2.173111">
        <ele>333.75</ele>
      </trkpt>
      <trkpt lat="54.384739" lon="-2.173123">
        <ele>333.75</ele>
      </trkpt>
      <trkpt lat="54.385288" lon="-2.173277">
        <ele>334</ele>
      </trkpt>
      <trkpt lat="54.385637" lon="-2.173343">
        <ele>332.5</ele>
      </trkpt>
      <trkpt lat="54.385981" lon="-2.173387">
        <ele>331</ele>
      </trkpt>
      <trkpt lat="54.386159" lon="-2.173374">
        <ele>330.25</ele>
      </trkpt>
      <trkpt lat="54.386377" lon="-2.173313">
        <ele>328.75</ele>
      </trkpt>
      <trkpt lat="54.386548" lon="-2.173283">
        <ele>327.75</ele>
      </trkpt>
      <trkpt lat="54.38663" lon="-2.173293">
        <ele>327.5</ele>
      </trkpt>
      <trkpt lat="54.386899" lon="-2.173353">
        <ele>328.25</ele>
      </trkpt>
      <trkpt lat="54.386961" lon="-2.173345">
        <ele>328.25</ele>
      </trkpt>
      <trkpt lat="54.387143" lon="-2.173296">
        <ele>328</ele>
      </trkpt>
      <trkpt lat="54.387218" lon="-2.173291">
        <ele>328</ele>
      </trkpt>
      <trkpt lat="54.387284" lon="-2.173301">
        <ele>328.25</ele>
      </trkpt>
      <trkpt lat="54.387332" lon="-2.173324">
        <ele>328.5</ele>
      </trkpt>
      <trkpt lat="54.387526" lon="-2.173517">
        <ele>330.75</ele>
      </trkpt>
      <trkpt lat="54.387596" lon="-2.17358">
        <ele>331.5</ele>
      </trkpt>
      <trkpt lat="54.387661" lon="-2.173624">
        <ele>332</ele>
      </trkpt>
      <trkpt lat="54.388222" lon="-2.173858">
        <ele>335.75</ele>
      </trkpt>
      <trkpt lat="54.388339" lon="-2.173898">
        <ele>336.25</ele>
      </trkpt>
      <trkpt lat="54.388491" lon="-2.173898">
        <ele>337</ele>
      </trkpt>
      <trkpt lat="54.388565" lon="-2.173882">
        <ele>337.25</ele>
      </trkpt>
      <trkpt lat="54.388631" lon="-2.173848">
        <ele>337.5</ele>
      </trkpt>
      <trkpt lat="54.388704" lon="-2.173795">
        <ele>337.25</ele>
      </trkpt>
      <trkpt lat="54.388924" lon="-2.173582">
        <ele>336.5</ele>
      </trkpt>
      <trkpt lat="54.388972" lon="-2.173548">
        <ele>336.5</ele>
      </trkpt>
      <trkpt lat="54.389151" lon="-2.173489">
        <ele>337</ele>
      </trkpt>
      <trkpt lat="54.389224" lon="-2.173445">
        <ele>337.25</ele>
      </trkpt>
      <trkpt lat="54.389351" lon="-2.17333">
        <ele>337</ele>
      </trkpt>
      <trkpt lat="54.389402" lon="-2.173269">
        <ele>336.5</ele>
      </trkpt>
      <trkpt lat="54.389653" lon="-2.172893">
        <ele>334.25</ele>
      </trkpt>
      <trkpt lat="54.389754" lon="-2.172806">
        <ele>334.25</ele>
      </trkpt>
      <trkpt lat="54.389811" lon="-2.172786">
        <ele>334.25</ele>
      </trkpt>
      <trkpt lat="54.39008" lon="-2.172747">
        <ele>335.75</ele>
      </trkpt>
      <trkpt lat="54.390379" lon="-2.172658">
        <ele>336.25</ele>
      </trkpt>
      <trkpt lat="54.390609" lon="-2.17264">
        <ele>337.25</ele>
      </trkpt>
      <trkpt lat="54.390789" lon="-2.172644">
        <ele>338.25</ele>
      </trkpt>
      <trkpt lat="54.391357" lon="-2.17267">
        <ele>338.75</ele>
      </trkpt>
      <trkpt lat="54.391406" lon="-2.172685">
        <ele>339</ele>
      </trkpt>
      <trkpt lat="54.391512" lon="-2.172769">
        <ele>340</ele>
      </trkpt>
      <trkpt lat="54.391784" lon="-2.17304">
        <ele>343.75</ele>
      </trkpt>
      <trkpt lat="54.391859" lon="-2.173138">
        <ele>345.25</ele>
      </trkpt>
      <trkpt lat="54.392056" lon="-2.173382">
        <ele>348.75</ele>
      </trkpt>
      <trkpt lat="54.392212" lon="-2.173535">
        <ele>351.25</ele>
      </trkpt>
      <trkpt lat="54.392707" lon="-2.17395">
        <ele>357.25</ele>
      </trkpt>
      <trkpt lat="54.392781" lon="-2.173999">
        <ele>357.75</ele>
      </trkpt>
      <trkpt lat="54.39287" lon="-2.174149">
        <ele>359.75</ele>
      </trkpt>
      <trkpt lat="54.392924" lon="-2.174207">
        <ele>360.25</ele>
      </trkpt>
      <trkpt lat="54.39302" lon="-2.174268">
        <ele>361</ele>
      </trkpt>
      <trkpt lat="54.393148" lon="-2.174325">
        <ele>361.75</ele>
      </trkpt>
      <trkpt lat="54.393277" lon="-2.174347">
        <ele>362</ele>
      </trkpt>
      <trkpt lat="54.393405" lon="-2.17442">
        <ele>363</ele>
      </trkpt>
      <trkpt lat="54.393547" lon="-2.17446">
        <ele>363.75</ele>
      </trkpt>
      <trkpt lat="54.39363" lon="-2.17446">
        <ele>364</ele>
      </trkpt>
      <trkpt lat="54.393681" lon="-2.174439">
        <ele>363.75</ele>
      </trkpt>
      <trkpt lat="54.393715" lon="-2.174409">
        <ele>363.5</ele>
      </trkpt>
      <trkpt lat="54.393747" lon="-2.174364">
        <ele>362.75</ele>
      </trkpt>
      <trkpt lat="54.393812" lon="-2.174196">
        <ele>360.75</ele>
      </trkpt>
      <trkpt lat="54.393838" lon="-2.174154">
        <ele>360.25</ele>
      </trkpt>
      <trkpt lat="54.393871" lon="-2.174122">
        <ele>360</ele>
      </trkpt>
      <trkpt lat="54.393965" lon="-2.174056">
        <ele>359</ele>
      </trkpt>
      <trkpt lat="54.394063" lon="-2.174026">
        <ele>358.75</ele>
      </trkpt>
      <trkpt lat="54.39423" lon="-2.174007">
        <ele>358.75</ele>
      </trkpt>
      <trkpt lat="54.394398" lon="-2.173966">
        <ele>358.25</ele>
      </trkpt>
      <trkpt lat="54.394542" lon="-2.173945">
        <ele>358.25</ele>
      </trkpt>
      <trkpt lat="54.394699" lon="-2.173889">
        <ele>357.5</ele>
      </trkpt>
      <trkpt lat="54.394952" lon="-2.173841">
        <ele>357.25</ele>
      </trkpt>
      <trkpt lat="54.395084" lon="-2.173804">
        <ele>357</ele>
      </trkpt>
      <trkpt lat="54.395172" lon="-2.173761">
        <ele>356.75</ele>
      </trkpt>
      <trkpt lat="54.395361" lon="-2.173595">
        <ele>355.25</ele>
      </trkpt>
      <trkpt lat="54.39543" lon="-2.173555">
        <ele>355</ele>
      </trkpt>
      <trkpt lat="54.395748" lon="-2.173489">
        <ele>355.5</ele>
      </trkpt>
      <trkpt lat="54.396009" lon="-2.173428">
        <ele>355</ele>
      </trkpt>
      <trkpt lat="54.396115" lon="-2.173391">
        <ele>354.25</ele>
      </trkpt>
      <trkpt lat="54.396229" lon="-2.173325">
        <ele>353.25</ele>
      </trkpt>
      <trkpt lat="54.396714" lon="-2.172964">
        <ele>349.25</ele>
      </trkpt>
      <trkpt lat="54.396805" lon="-2.17288">
        <ele>348.5</ele>
      </trkpt>
      <trkpt lat="54.397023" lon="-2.172645">
        <ele>346.25</ele>
      </trkpt>
      <trkpt lat="54.397288" lon="-2.17241">
        <ele>344</ele>
      </trkpt>
      <trkpt lat="54.397395" lon="-2.172329">
        <ele>343</ele>
      </trkpt>
      <trkpt lat="54.397473" lon="-2.172284">
        <ele>342.5</ele>
      </trkpt>
      <trkpt lat="54.397547" lon="-2.172267">
        <ele>342.75</ele>
      </trkpt>
      <trkpt lat="54.397708" lon="-2.172273">
        <ele>344</ele>
      </trkpt>
      <trkpt lat="54.397867" lon="-2.172265">
        <ele>345</ele>
      </trkpt>
      <trkpt lat="54.397958" lon="-2.172233">
        <ele>345.5</ele>
      </trkpt>
      <trkpt lat="54.398016" lon="-2.17219">
        <ele>345.5</ele>
      </trkpt>
      <trkpt lat="54.398072" lon="-2.172122">
        <ele>345.25</ele>
      </trkpt>
      <trkpt lat="54.398125" lon="-2.17203">
        <ele>344.75</ele>
      </trkpt>
      <trkpt lat="54.398219" lon="-2.171835">
        <ele>343.5</ele>
      </trkpt>
      <trkpt lat="54.39832" lon="-2.171581">
        <ele>342</ele>
      </trkpt>
      <trkpt lat="54.398628" lon="-2.170961">
        <ele>340.5</ele>
      </trkpt>
      <trkpt lat="54.39884" lon="-2.170618">
        <ele>339.75</ele>
      </trkpt>
      <trkpt lat="54.399231" lon="-2.169921">
        <ele>336.5</ele>
      </trkpt>
      <trkpt lat="54.399929" lon="-2.168785">
        <ele>329.25</ele>
      </trkpt>
      <trkpt lat="54.400199" lon="-2.168439">
        <ele>327</ele>
      </trkpt>
      <trkpt lat="54.400498" lon="-2.168056">
        <ele>326.25</ele>
      </trkpt>
      <trkpt lat="54.400671" lon="-2.167761">
        <ele>325</ele>
      </trkpt>
      <trkpt lat="54.400745" lon="-2.167665">
        <ele>324.75</ele>
      </trkpt>
      <trkpt lat="54.400808" lon="-2.16761">
        <ele>324.75</ele>
      </trkpt>
      <trkpt lat="54.401023" lon="-2.16752">
        <ele>325.5</ele>
      </trkpt>
      <trkpt lat="54.401099" lon="-2.167457">
        <ele>325.5</ele>
      </trkpt>
      <trkpt lat="54.401171" lon="-2.167356">
        <ele>325</ele>
      </trkpt>
      <trkpt lat="54.401252" lon="-2.167224">
        <ele>324.25</ele>
      </trkpt>
      <trkpt lat="54.401327" lon="-2.167126">
        <ele>323.75</ele>
      </trkpt>
      <trkpt lat="54.4014" lon="-2.167052">
        <ele>323.75</ele>
      </trkpt>
      <trkpt lat="54.401562" lon="-2.166915">
        <ele>323.5</ele>
      </trkpt>
      <trkpt lat="54.40171" lon="-2.166849">
        <ele>324</ele>
      </trkpt>
      <trkpt lat="54.401817" lon="-2.166775">
        <ele>324.5</ele>
      </trkpt>
      <trkpt lat="54.401974" lon="-2.166635">
        <ele>325</ele>
      </trkpt>
      <trkpt lat="54.402161" lon="-2.166496">
        <ele>326</ele>
      </trkpt>
      <trkpt lat="54.402322" lon="-2.166416">
        <ele>327</ele>
      </trkpt>
      <trkpt lat="54.40247" lon="-2.166383">
        <ele>328.25</ele>
      </trkpt>
      <trkpt lat="54.40263" lon="-2.166373">
        <ele>328.75</ele>
      </trkpt>
      <trkpt lat="54.402859" lon="-2.166403">
        <ele>329.5</ele>
      </trkpt>
      <trkpt lat="54.403024" lon="-2.166441">
        <ele>330.25</ele>
      </trkpt>
      <trkpt lat="54.40323" lon="-2.166524">
        <ele>331.5</ele>
      </trkpt>
      <trkpt lat="54.403295" lon="-2.166554">
        <ele>331.75</ele>
      </trkpt>
      <trkpt lat="54.403327" lon="-2.166582">
        <ele>332.25</ele>
      </trkpt>
      <trkpt lat="54.403383" lon="-2.16666">
        <ele>332.5</ele>
      </trkpt>
      <trkpt lat="54.403575" lon="-2.167001">
        <ele>333.5</ele>
      </trkpt>
      <trkpt lat="54.403633" lon="-2.167118">
        <ele>333.75</ele>
      </trkpt>
      <trkpt lat="54.404186" lon="-2.168164">
        <ele>336</ele>
      </trkpt>
      <trkpt lat="54.404609" lon="-2.168782">
        <ele>338.25</ele>
      </trkpt>
      <trkpt lat="54.405756" lon="-2.170527">
        <ele>345.75</ele>
      </trkpt>
      <trkpt lat="54.405939" lon="-2.170767">
        <ele>346</ele>
      </trkpt>
      <trkpt lat="54.40611" lon="-2.170925">
        <ele>344.75</ele>
      </trkpt>
      <trkpt lat="54.406502" lon="-2.171201">
        <ele>340.25</ele>
      </trkpt>
      <trkpt lat="54.406559" lon="-2.171259">
        <ele>339.5</ele>
      </trkpt>
      <trkpt lat="54.406595" lon="-2.171314">
        <ele>339.25</ele>
      </trkpt>
      <trkpt lat="54.406634" lon="-2.171404">
        <ele>338.75</ele>
      </trkpt>
      <trkpt lat="54.406788" lon="-2.172005">
        <ele>338</ele>
      </trkpt>
      <trkpt lat="54.4069" lon="-2.172388">
        <ele>337.25</ele>
      </trkpt>
      <trkpt lat="54.407124" lon="-2.173103">
        <ele>334.25</ele>
      </trkpt>
      <trkpt lat="54.407197" lon="-2.173397">
        <ele>333.5</ele>
      </trkpt>
      <trkpt lat="54.407269" lon="-2.173771">
        <ele>333.75</ele>
      </trkpt>
      <trkpt lat="54.407299" lon="-2.173896">
        <ele>333.75</ele>
      </trkpt>
      <trkpt lat="54.407367" lon="-2.174112">
        <ele>333.25</ele>
      </trkpt>
      <trkpt lat="54.407413" lon="-2.174205">
        <ele>332.5</ele>
      </trkpt>
      <trkpt lat="54.40747" lon="-2.174291">
        <ele>331.5</ele>
      </trkpt>
      <trkpt lat="54.407585" lon="-2.174412">
        <ele>330.5</ele>
      </trkpt>
      <trkpt lat="54.407658" lon="-2.174503">
        <ele>330</ele>
      </trkpt>
      <trkpt lat="54.407922" lon="-2.17486">
        <ele>327.5</ele>
      </trkpt>
      <trkpt lat="54.407988" lon="-2.174965">
        <ele>327</ele>
      </trkpt>
      <trkpt lat="54.408038" lon="-2.175081">
        <ele>326.5</ele>
      </trkpt>
      <trkpt lat="54.408086" lon="-2.175216">
        <ele>326</ele>
      </trkpt>
      <trkpt lat="54.408171" lon="-2.17554">
        <ele>325.5</ele>
      </trkpt>
      <trkpt lat="54.408205" lon="-2.175707">
        <ele>325.25</ele>
      </trkpt>
      <trkpt lat="54.408241" lon="-2.17593">
        <ele>325</ele>
      </trkpt>
      <trkpt lat="54.408268" lon="-2.176123">
        <ele>324.75</ele>
      </trkpt>
      <trkpt lat="54.408285" lon="-2.176303">
        <ele>324.75</ele>
      </trkpt>
      <trkpt lat="54.408297" lon="-2.176464">
        <ele>324.5</ele>
      </trkpt>
      <trkpt lat="54.408302" lon="-2.176659">
        <ele>324.75</ele>
      </trkpt>
      <trkpt lat="54.408309" lon="-2.176876">
        <ele>325.25</ele>
      </trkpt>
      <trkpt lat="54.408329" lon="-2.177044">
        <ele>325.25</ele>
      </trkpt>
      <trkpt lat="54.408364" lon="-2.177246">
        <ele>326</ele>
      </trkpt>
      <trkpt lat="54.408405" lon="-2.177238">
        <ele>326</ele>
      </trkpt>
      <trkpt lat="54.408455" lon="-2.177245">
        <ele>326</ele>
      </trkpt>
      <trkpt lat="54.408605" lon="-2.177302">
        <ele>326.25</ele>
      </trkpt>
      <trkpt lat="54.408779" lon="-2.177285">
        <ele>326.5</ele>
      </trkpt>
      <trkpt lat="54.409157" lon="-2.177226">
        <ele>326.5</ele>
      </trkpt>
      <trkpt lat="54.409187" lon="-2.177228">
        <ele>327</ele>
      </trkpt>
      <trkpt lat="54.409214" lon="-2.17725">
        <ele>327.75</ele>
      </trkpt>
      <trkpt lat="54.409234" lon="-2.177288">
        <ele>328.25</ele>
      </trkpt>
      <trkpt lat="54.409283" lon="-2.177614">
        <ele>329.75</ele>
      </trkpt>
      <trkpt lat="54.409309" lon="-2.17765">
        <ele>330.5</ele>
      </trkpt>
      <trkpt lat="54.409343" lon="-2.177648">
        <ele>331.5</ele>
      </trkpt>
      <trkpt lat="54.409369" lon="-2.177606">
        <ele>332</ele>
      </trkpt>
      <trkpt lat="54.409373" lon="-2.177573">
        <ele>332.25</ele>
      </trkpt>
      <trkpt lat="54.409372" lon="-2.177352">
        <ele>331.75</ele>
      </trkpt>
      <trkpt lat="54.409387" lon="-2.17723">
        <ele>332</ele>
      </trkpt>
      <trkpt lat="54.409492" lon="-2.176745">
        <ele>333.5</ele>
      </trkpt>
      <trkpt lat="54.409516" lon="-2.176681">
        <ele>333.75</ele>
      </trkpt>
      <trkpt lat="54.409549" lon="-2.176661">
        <ele>334.5</ele>
      </trkpt>
      <trkpt lat="54.409585" lon="-2.176688">
        <ele>335.5</ele>
      </trkpt>
      <trkpt lat="54.409624" lon="-2.17682">
        <ele>336.75</ele>
      </trkpt>
      <trkpt lat="54.409666" lon="-2.176923">
        <ele>338</ele>
      </trkpt>
      <trkpt lat="54.409691" lon="-2.176967">
        <ele>338.75</ele>
      </trkpt>
      <trkpt lat="54.409751" lon="-2.177039">
        <ele>340.25</ele>
      </trkpt>
      <trkpt lat="54.409819" lon="-2.177083">
        <ele>342</ele>
      </trkpt>
      <trkpt lat="54.409891" lon="-2.177099">
        <ele>343.75</ele>
      </trkpt>
      <trkpt lat="54.409963" lon="-2.177084">
        <ele>345.5</ele>
      </trkpt>
      <trkpt lat="54.409998" lon="-2.177066">
        <ele>346.25</ele>
      </trkpt>
      <trkpt lat="54.410368" lon="-2.176777">
        <ele>349.5</ele>
      </trkpt>
      <trkpt lat="54.410529" lon="-2.176685">
        <ele>350.75</ele>
      </trkpt>
      <trkpt lat="54.410696" lon="-2.176623">
        <ele>352</ele>
      </trkpt>
      <trkpt lat="54.411067" lon="-2.176533">
        <ele>355</ele>
      </trkpt>
      <trkpt lat="54.4114" lon="-2.176397">
        <ele>357.25</ele>
      </trkpt>
      <trkpt lat="54.411579" lon="-2.176307">
        <ele>358</ele>
      </trkpt>
      <trkpt lat="54.41194" lon="-2.176077">
        <ele>358.25</ele>
      </trkpt>
      <trkpt lat="54.412084" lon="-2.176004">
        <ele>358.5</ele>
      </trkpt>
      <trkpt lat="54.412136" lon="-2.17597">
        <ele>358.5</ele>
      </trkpt>
      <trkpt lat="54.413539" lon="-2.174827">
        <ele>357</ele>
      </trkpt>
      <trkpt lat="54.413667" lon="-2.17473">
        <ele>357</ele>
      </trkpt>
      <trkpt lat="54.413804" lon="-2.174683">
        <ele>357.25</ele>
      </trkpt>
      <trkpt lat="54.413915" lon="-2.174677">
        <ele>357.5</ele>
      </trkpt>
      <trkpt lat="54.41419" lon="-2.174773">
        <ele>358.75</ele>
      </trkpt>
      <trkpt lat="54.414249" lon="-2.174795">
        <ele>359.25</ele>
      </trkpt>
      <trkpt lat="54.414307" lon="-2.174812">
        <ele>359.5</ele>
      </trkpt>
      <trkpt lat="54.414511" lon="-2.174796">
        <ele>360</ele>
      </trkpt>
      <trkpt lat="54.414556" lon="-2.174826">
        <ele>360.25</ele>
      </trkpt>
      <trkpt lat="54.414728" lon="-2.175072">
        <ele>362.75</ele>
      </trkpt>
      <trkpt lat="54.41484" lon="-2.175095">
        <ele>363.25</ele>
      </trkpt>
      <trkpt lat="54.415151" lon="-2.175106">
        <ele>365</ele>
      </trkpt>
      <trkpt lat="54.415592" lon="-2.175239">
        <ele>369.5</ele>
      </trkpt>
      <trkpt lat="54.415764" lon="-2.175271">
        <ele>371.25</ele>
      </trkpt>
      <trkpt lat="54.415932" lon="-2.175278">
        <ele>372.75</ele>
      </trkpt>
      <trkpt lat="54.415999" lon="-2.175267">
        <ele>373</ele>
      </trkpt>
      <trkpt lat="54.416288" lon="-2.175246">
        <ele>374.75</ele>
      </trkpt>
      <trkpt lat="54.41652" lon="-2.175207">
        <ele>376</ele>
      </trkpt>
      <trkpt lat="54.41713" lon="-2.175041">
        <ele>377.75</ele>
      </trkpt>
      <trkpt lat="54.417406" lon="-2.175013">
        <ele>379.5</ele>
      </trkpt>
      <trkpt lat="54.417715" lon="-2.174955">
        <ele>379.25</ele>
      </trkpt>
      <trkpt lat="54.418022" lon="-2.174932">
        <ele>379</ele>
      </trkpt>
      <trkpt lat="54.418918" lon="-2.17495">
        <ele>380</ele>
      </trkpt>
      <trkpt lat="54.419067" lon="-2.174975">
        <ele>380.5</ele>
      </trkpt>
      <trkpt lat="54.419117" lon="-2.175004">
        <ele>381</ele>
      </trkpt>
      <trkpt lat="54.419179" lon="-2.175039">
        <ele>381.5</ele>
      </trkpt>
      <trkpt lat="54.419285" lon="-2.175138">
        <ele>383.25</ele>
      </trkpt>
      <trkpt lat="54.419458" lon="-2.175262">
        <ele>385.5</ele>
      </trkpt>
      <trkpt lat="54.4197" lon="-2.175365">
        <ele>387.5</ele>
      </trkpt>
      <trkpt lat="54.419957" lon="-2.175422">
        <ele>389</ele>
      </trkpt>
      <trkpt lat="54.420351" lon="-2.175455">
        <ele>390.5</ele>
      </trkpt>
      <trkpt lat="54.420444" lon="-2.175443">
        <ele>390.5</ele>
      </trkpt>
      <trkpt lat="54.420619" lon="-2.175397">
        <ele>390</ele>
      </trkpt>
      <trkpt lat="54.420724" lon="-2.175394">
        <ele>390.25</ele>
      </trkpt>
      <trkpt lat="54.420842" lon="-2.175439">
        <ele>391.25</ele>
      </trkpt>
      <trkpt lat="54.420928" lon="-2.175473">
        <ele>392.25</ele>
      </trkpt>
      <trkpt lat="54.421033" lon="-2.175477">
        <ele>392.75</ele>
      </trkpt>
      <trkpt lat="54.42115" lon="-2.175508">
        <ele>394</ele>
      </trkpt>
      <trkpt lat="54.421529" lon="-2.175737">
        <ele>399.75</ele>
      </trkpt>
      <trkpt lat="54.421862" lon="-2.175985">
        <ele>404</ele>
      </trkpt>
      <trkpt lat="54.422157" lon="-2.176274">
        <ele>407.75</ele>
      </trkpt>
      <trkpt lat="54.42236" lon="-2.176565">
        <ele>411.75</ele>
      </trkpt>
      <trkpt lat="54.422512" lon="-2.176894">
        <ele>414.75</ele>
      </trkpt>
      <trkpt lat="54.422665" lon="-2.177334">
        <ele>418.25</ele>
      </trkpt>
      <trkpt lat="54.422715" lon="-2.177443">
        <ele>418</ele>
      </trkpt>
      <trkpt lat="54.422785" lon="-2.17751">
        <ele>418</ele>
      </trkpt>
      <trkpt lat="54.422874" lon="-2.1775">
        <ele>417.75</ele>
      </trkpt>
      <trkpt lat="54.42311" lon="-2.177383">
        <ele>418</ele>
      </trkpt>
      <trkpt lat="54.423446" lon="-2.177282">
        <ele>416</ele>
      </trkpt>
      <trkpt lat="54.42441" lon="-2.177166">
        <ele>408.5</ele>
      </trkpt>
      <trkpt lat="54.424553" lon="-2.177218">
        <ele>408</ele>
      </trkpt>
      <trkpt lat="54.425326" lon="-2.178068">
        <ele>412.25</ele>
      </trkpt>
      <trkpt lat="54.426184" lon="-2.178702">
        <ele>413.5</ele>
      </trkpt>
      <trkpt lat="54.426842" lon="-2.179085">
        <ele>414.75</ele>
      </trkpt>
      <trkpt lat="54.426983" lon="-2.179236">
        <ele>415.75</ele>
      </trkpt>
      <trkpt lat="54.427115" lon="-2.179327">
        <ele>416.25</ele>
      </trkpt>
      <trkpt lat="54.427498" lon="-2.179517">
        <ele>417.75</ele>
      </trkpt>
      <trkpt lat="54.427762" lon="-2.179589">
        <ele>418.5</ele>
      </trkpt>
      <trkpt lat="54.428354" lon="-2.179878">
        <ele>420.75</ele>
      </trkpt>
      <trkpt lat="54.430116" lon="-2.180606">
        <ele>423.75</ele>
      </trkpt>
      <trkpt lat="54.4312" lon="-2.181017">
        <ele>422.25</ele>
      </trkpt>
      <trkpt lat="54.431441" lon="-2.181068">
        <ele>421.25</ele>
      </trkpt>
      <trkpt lat="54.431676" lon="-2.181039">
        <ele>419.75</ele>
      </trkpt>
      <trkpt lat="54.43194" lon="-2.180959">
        <ele>417.75</ele>
      </trkpt>
      <trkpt lat="54.432429" lon="-2.18071">
        <ele>413.75</ele>
      </trkpt>
      <trkpt lat="54.432836" lon="-2.180516">
        <ele>411.25</ele>
      </trkpt>
      <trkpt lat="54.432919" lon="-2.18046">
        <ele>410.5</ele>
      </trkpt>
      <trkpt lat="54.43298" lon="-2.180405">
        <ele>410</ele>
      </trkpt>
      <trkpt lat="54.433062" lon="-2.180314">
        <ele>409.25</ele>
      </trkpt>
      <trkpt lat="54.43313" lon="-2.180218">
        <ele>408.75</ele>
      </trkpt>
      <trkpt lat="54.433409" lon="-2.179756">
        <ele>407.25</ele>
      </trkpt>
      <trkpt lat="54.433509" lon="-2.179665">
        <ele>407.25</ele>
      </trkpt>
      <trkpt lat="54.433605" lon="-2.179587">
        <ele>407.5</ele>
      </trkpt>
      <trkpt lat="54.433638" lon="-2.179563">
        <ele>407.5</ele>
      </trkpt>
      <trkpt lat="54.433731" lon="-2.179521">
        <ele>407.75</ele>
      </trkpt>
      <trkpt lat="54.433814" lon="-2.179488">
        <ele>407.75</ele>
      </trkpt>
      <trkpt lat="54.433868" lon="-2.179479">
        <ele>408</ele>
      </trkpt>
      <trkpt lat="54.433891" lon="-2.179475">
        <ele>408</ele>
      </trkpt>
      <trkpt lat="54.433971" lon="-2.179471">
        <ele>408</ele>
      </trkpt>
      <trkpt lat="54.434041" lon="-2.179482">
        <ele>408</ele>
      </trkpt>
      <trkpt lat="54.4346" lon="-2.179728">
        <ele>408.5</ele>
      </trkpt>
      <trkpt lat="54.434739" lon="-2.179774">
        <ele>408.75</ele>
      </trkpt>
      <trkpt lat="54.434815" lon="-2.179788">
        <ele>409</ele>
      </trkpt>
      <trkpt lat="54.434897" lon="-2.179786">
        <ele>409.25</ele>
      </trkpt>
      <trkpt lat="54.435025" lon="-2.179721">
        <ele>409.5</ele>
      </trkpt>
      <trkpt lat="54.435169" lon="-2.179622">
        <ele>410</ele>
      </trkpt>
      <trkpt lat="54.43549" lon="-2.1793">
        <ele>411.25</ele>
      </trkpt>
      <trkpt lat="54.435646" lon="-2.179158">
        <ele>411.75</ele>
      </trkpt>
      <trkpt lat="54.435704" lon="-2.179122">
        <ele>411.75</ele>
      </trkpt>
      <trkpt lat="54.435762" lon="-2.179093">
        <ele>412</ele>
      </trkpt>
      <trkpt lat="54.435907" lon="-2.179015">
        <ele>412.25</ele>
      </trkpt>
      <trkpt lat="54.436068" lon="-2.178902">
        <ele>412.5</ele>
      </trkpt>
      <trkpt lat="54.43627" lon="-2.178674">
        <ele>413</ele>
      </trkpt>
      <trkpt lat="54.436663" lon="-2.178208">
        <ele>414.5</ele>
      </trkpt>
      <trkpt lat="54.436922" lon="-2.177992">
        <ele>415.75</ele>
      </trkpt>
      <trkpt lat="54.437225" lon="-2.177795">
        <ele>417.25</ele>
      </trkpt>
      <trkpt lat="54.43752" lon="-2.17775">
        <ele>417.75</ele>
      </trkpt>
      <trkpt lat="54.437797" lon="-2.177613">
        <ele>418.75</ele>
      </trkpt>
      <trkpt lat="54.43838" lon="-2.177548">
        <ele>419.75</ele>
      </trkpt>
      <trkpt lat="54.438707" lon="-2.177404">
        <ele>421</ele>
      </trkpt>
      <trkpt lat="54.439135" lon="-2.177397">
        <ele>421.5</ele>
      </trkpt>
      <trkpt lat="54.439643" lon="-2.177173">
        <ele>422.75</ele>
      </trkpt>
      <trkpt lat="54.439953" lon="-2.176957">
        <ele>424.25</ele>
      </trkpt>
      <trkpt lat="54.440313" lon="-2.176907">
        <ele>424.25</ele>
      </trkpt>
      <trkpt lat="54.440544" lon="-2.176733">
        <ele>424.75</ele>
      </trkpt>
      <trkpt lat="54.440758" lon="-2.176668">
        <ele>425</ele>
      </trkpt>
      <trkpt lat="54.441476" lon="-2.176336">
        <ele>427.25</ele>
      </trkpt>
      <trkpt lat="54.442667" lon="-2.176142">
        <ele>429.75</ele>
      </trkpt>
      <trkpt lat="54.443172" lon="-2.176002">
        <ele>431.5</ele>
      </trkpt>
      <trkpt lat="54.443441" lon="-2.175858">
        <ele>432.75</ele>
      </trkpt>
      <trkpt lat="54.443707" lon="-2.175702">
        <ele>434.25</ele>
      </trkpt>
      <trkpt lat="54.44378" lon="-2.17563">
        <ele>435</ele>
      </trkpt>
      <trkpt lat="54.443848" lon="-2.175545">
        <ele>435.75</ele>
      </trkpt>
      <trkpt lat="54.44391" lon="-2.175449">
        <ele>436.5</ele>
      </trkpt>
      <trkpt lat="54.443967" lon="-2.175342">
        <ele>437.25</ele>
      </trkpt>
      <trkpt lat="54.444016" lon="-2.175225">
        <ele>438.25</ele>
      </trkpt>
      <trkpt lat="54.444058" lon="-2.175101">
        <ele>439.25</ele>
      </trkpt>
      <trkpt lat="54.444092" lon="-2.174969">
        <ele>440.25</ele>
      </trkpt>
      <trkpt lat="54.444117" lon="-2.174833">
        <ele>441.25</ele>
      </trkpt>
      <trkpt lat="54.444135" lon="-2.174692">
        <ele>442.5</ele>
      </trkpt>
      <trkpt lat="54.444231" lon="-2.173023">
        <ele>458</ele>
      </trkpt>
      <trkpt lat="54.444224" lon="-2.172749">
        <ele>460.5</ele>
      </trkpt>
      <trkpt lat="54.444199" lon="-2.172428">
        <ele>463.75</ele>
      </trkpt>
      <trkpt lat="54.444204" lon="-2.172308">
        <ele>465</ele>
      </trkpt>
      <trkpt lat="54.444215" lon="-2.172251">
        <ele>465.5</ele>
      </trkpt>
      <trkpt lat="54.444232" lon="-2.172198">
        <ele>466.25</ele>
      </trkpt>
      <trkpt lat="54.444259" lon="-2.172142">
        <ele>466.75</ele>
      </trkpt>
      <trkpt lat="54.444291" lon="-2.172096">
        <ele>467.5</ele>
      </trkpt>
      <trkpt lat="54.444587" lon="-2.17181">
        <ele>470.75</ele>
      </trkpt>
      <trkpt lat="54.445086" lon="-2.171429">
        <ele>475.5</ele>
      </trkpt>
      <trkpt lat="54.445631" lon="-2.170977">
        <ele>479</ele>
      </trkpt>
      <trkpt lat="54.446026" lon="-2.170624">
        <ele>481.5</ele>
      </trkpt>
      <trkpt lat="54.446571" lon="-2.169997">
        <ele>486.25</ele>
      </trkpt>
      <trkpt lat="54.447276" lon="-2.169059">
        <ele>491.25</ele>
      </trkpt>
      <trkpt lat="54.447464" lon="-2.168854">
        <ele>492</ele>
      </trkpt>
      <trkpt lat="54.447849" lon="-2.168557">
        <ele>493.25</ele>
      </trkpt>
      <trkpt lat="54.448227" lon="-2.168221">
        <ele>495</ele>
      </trkpt>
      <trkpt lat="54.448271" lon="-2.168165">
        <ele>495.25</ele>
      </trkpt>
      <trkpt lat="54.44831" lon="-2.168099">
        <ele>495.75</ele>
      </trkpt>
      <trkpt lat="54.448343" lon="-2.168023">
        <ele>496</ele>
      </trkpt>
      <trkpt lat="54.448365" lon="-2.167951">
        <ele>496.25</ele>
      </trkpt>
      <trkpt lat="54.448383" lon="-2.167874">
        <ele>496.75</ele>
      </trkpt>
      <trkpt lat="54.448452" lon="-2.167453">
        <ele>499.25</ele>
      </trkpt>
      <trkpt lat="54.448488" lon="-2.167351">
        <ele>500</ele>
      </trkpt>
      <trkpt lat="54.448557" lon="-2.167216">
        <ele>500.5</ele>
      </trkpt>
      <trkpt lat="54.448598" lon="-2.167158">
        <ele>500.75</ele>
      </trkpt>
      <trkpt lat="54.4487" lon="-2.167057">
        <ele>501</ele>
      </trkpt>
      <trkpt lat="54.448831" lon="-2.166945">
        <ele>501</ele>
      </trkpt>
      <trkpt lat="54.45184" lon="-2.164734">
        <ele>515</ele>
      </trkpt>
      <trkpt lat="54.452871" lon="-2.163981">
        <ele>518.75</ele>
      </trkpt>
      <trkpt lat="54.453144" lon="-2.163779">
        <ele>520</ele>
      </trkpt>
      <trkpt lat="54.455538" lon="-2.162034">
        <ele>524</ele>
      </trkpt>
      <trkpt lat="54.45556" lon="-2.162018">
        <ele>524</ele>
      </trkpt>
      <trkpt lat="54.455476" lon="-2.161721">
        <ele>524</ele>
      </trkpt>
      <trkpt lat="54.455422" lon="-2.16148">
        <ele>524</ele>
      </trkpt>
      <trkpt lat="54.455407" lon="-2.161359">
        <ele>523.75</ele>
      </trkpt>
      <trkpt lat="54.455394" lon="-2.161154">
        <ele>523.75</ele>
      </trkpt>
      <trkpt lat="54.455409" lon="-2.160273">
        <ele>524.25</ele>
      </trkpt>
      <trkpt lat="54.455409" lon="-2.160265">
        <ele>524.25</ele>
      </trkpt>
      <trkpt lat="54.455409" lon="-2.160273">
        <ele>524.25</ele>
      </trkpt>
      <trkpt lat="54.455394" lon="-2.161154">
        <ele>523.75</ele>
      </trkpt>
      <trkpt lat="54.455407" lon="-2.161359">
        <ele>523.75</ele>
      </trkpt>
      <trkpt lat="54.455422" lon="-2.16148">
        <ele>524</ele>
      </trkpt>
      <trkpt lat="54.455476" lon="-2.161721">
        <ele>524</ele>
      </trkpt>
      <trkpt lat="54.45556" lon="-2.162018">
        <ele>524</ele>
      </trkpt>
      <trkpt lat="54.455799" lon="-2.162826">
        <ele>523.5</ele>
      </trkpt>
      <trkpt lat="54.455868" lon="-2.16303">
        <ele>523</ele>
      </trkpt>
      <trkpt lat="54.455921" lon="-2.163216">
        <ele>522.5</ele>
      </trkpt>
      <trkpt lat="54.455969" lon="-2.163466">
        <ele>521.5</ele>
      </trkpt>
      <trkpt lat="54.456078" lon="-2.164149">
        <ele>518</ele>
      </trkpt>
      <trkpt lat="54.456119" lon="-2.164528">
        <ele>516</ele>
      </trkpt>
      <trkpt lat="54.456156" lon="-2.165008">
        <ele>513.25</ele>
      </trkpt>
      <trkpt lat="54.456148" lon="-2.165269">
        <ele>512.25</ele>
      </trkpt>
      <trkpt lat="54.456107" lon="-2.165588">
        <ele>511</ele>
      </trkpt>
      <trkpt lat="54.456027" lon="-2.166052">
        <ele>509.75</ele>
      </trkpt>
      <trkpt lat="54.456035" lon="-2.166216">
        <ele>509</ele>
      </trkpt>
      <trkpt lat="54.456072" lon="-2.166329">
        <ele>508</ele>
      </trkpt>
      <trkpt lat="54.456089" lon="-2.166383">
        <ele>507.75</ele>
      </trkpt>
      <trkpt lat="54.456392" lon="-2.166934">
        <ele>502.25</ele>
      </trkpt>
      <trkpt lat="54.456516" lon="-2.16716">
        <ele>500.25</ele>
      </trkpt>
      <trkpt lat="54.457045" lon="-2.168216">
        <ele>494.75</ele>
      </trkpt>
      <trkpt lat="54.457687" lon="-2.169421">
        <ele>491.5</ele>
      </trkpt>
      <trkpt lat="54.458754" lon="-2.171462">
        <ele>494.25</ele>
      </trkpt>
      <trkpt lat="54.458919" lon="-2.171699">
        <ele>494.5</ele>
      </trkpt>
      <trkpt lat="54.459129" lon="-2.171882">
        <ele>494.5</ele>
      </trkpt>
      <trkpt lat="54.459946" lon="-2.172413">
        <ele>493.25</ele>
      </trkpt>
      <trkpt lat="54.460179" lon="-2.172581">
        <ele>493.25</ele>
      </trkpt>
      <trkpt lat="54.460354" lon="-2.172756">
        <ele>493.5</ele>
      </trkpt>
      <trkpt lat="54.460494" lon="-2.172934">
        <ele>493.75</ele>
      </trkpt>
      <trkpt lat="54.461388" lon="-2.174237">
        <ele>496.25</ele>
      </trkpt>
      <trkpt lat="54.461582" lon="-2.174484">
        <ele>496.75</ele>
      </trkpt>
      <trkpt lat="54.461639" lon="-2.174558">
        <ele>496.75</ele>
      </trkpt>
      <trkpt lat="54.46184" lon="-2.174787">
        <ele>496</ele>
      </trkpt>
      <trkpt lat="54.462196" lon="-2.175079">
        <ele>494.5</ele>
      </trkpt>
      <trkpt lat="54.462722" lon="-2.175353">
        <ele>491.5</ele>
      </trkpt>
      <trkpt lat="54.462934" lon="-2.175441">
        <ele>489.75</ele>
      </trkpt>
      <trkpt lat="54.46307" lon="-2.175452">
        <ele>488.5</ele>
      </trkpt>
      <trkpt lat="54.463212" lon="-2.175429">
        <ele>487.5</ele>
      </trkpt>
      <trkpt lat="54.463701" lon="-2.175243">
        <ele>483</ele>
      </trkpt>
      <trkpt lat="54.464199" lon="-2.175108">
        <ele>479</ele>
      </trkpt>
      <trkpt lat="54.464405" lon="-2.175004">
        <ele>477</ele>
      </trkpt>
      <trkpt lat="54.464527" lon="-2.174895">
        <ele>475.5</ele>
      </trkpt>
      <trkpt lat="54.465094" lon="-2.17427">
        <ele>468.75</ele>
      </trkpt>
      <trkpt lat="54.465259" lon="-2.17412">
        <ele>466.5</ele>
      </trkpt>
      <trkpt lat="54.465438" lon="-2.174021">
        <ele>464.25</ele>
      </trkpt>
      <trkpt lat="54.465745" lon="-2.173937">
        <ele>460.5</ele>
      </trkpt>
      <trkpt lat="54.465962" lon="-2.173897">
        <ele>458</ele>
      </trkpt>
      <trkpt lat="54.467003" lon="-2.173862">
        <ele>449.25</ele>
      </trkpt>
      <trkpt lat="54.467051" lon="-2.173875">
        <ele>449</ele>
      </trkpt>
      <trkpt lat="54.467182" lon="-2.173924">
        <ele>449</ele>
      </trkpt>
      <trkpt lat="54.467315" lon="-2.174036">
        <ele>448.75</ele>
      </trkpt>
      <trkpt lat="54.467435" lon="-2.174219">
        <ele>449</ele>
      </trkpt>
      <trkpt lat="54.467521" lon="-2.174463">
        <ele>449.75</ele>
      </trkpt>
      <trkpt lat="54.467571" lon="-2.174729">
        <ele>450.75</ele>
      </trkpt>
      <trkpt lat="54.467597" lon="-2.175031">
        <ele>451.5</ele>
      </trkpt>
      <trkpt lat="54.467609" lon="-2.175282">
        <ele>452.75</ele>
      </trkpt>
      <trkpt lat="54.467721" lon="-2.176269">
        <ele>456</ele>
      </trkpt>
      <trkpt lat="54.467738" lon="-2.176604">
        <ele>456.75</ele>
      </trkpt>
      <trkpt lat="54.46774" lon="-2.176934">
        <ele>457.75</ele>
      </trkpt>
      <trkpt lat="54.46773" lon="-2.177255">
        <ele>458.5</ele>
      </trkpt>
      <trkpt lat="54.467643" lon="-2.178481">
        <ele>461.25</ele>
      </trkpt>
      <trkpt lat="54.467641" lon="-2.178741">
        <ele>461</ele>
      </trkpt>
      <trkpt lat="54.467656" lon="-2.178943">
        <ele>460.75</ele>
      </trkpt>
      <trkpt lat="54.467752" lon="-2.1797">
        <ele>459.75</ele>
      </trkpt>
      <trkpt lat="54.467772" lon="-2.179931">
        <ele>459.5</ele>
      </trkpt>
      <trkpt lat="54.467776" lon="-2.180134">
        <ele>459.5</ele>
      </trkpt>
      <trkpt lat="54.467796" lon="-2.180329">
        <ele>459.25</ele>
      </trkpt>
      <trkpt lat="54.467845" lon="-2.18051">
        <ele>458.75</ele>
      </trkpt>
      <trkpt lat="54.467931" lon="-2.180718">
        <ele>458.25</ele>
      </trkpt>
      <trkpt lat="54.467984" lon="-2.180808">
        <ele>458</ele>
      </trkpt>
      <trkpt lat="54.46804" lon="-2.180892">
        <ele>457.5</ele>
      </trkpt>
      <trkpt lat="54.468197" lon="-2.181124">
        <ele>456.75</ele>
      </trkpt>
      <trkpt lat="54.468241" lon="-2.181218">
        <ele>456.5</ele>
      </trkpt>
      <trkpt lat="54.468284" lon="-2.181351">
        <ele>456.25</ele>
      </trkpt>
      <trkpt lat="54.468416" lon="-2.181966">
        <ele>457.25</ele>
      </trkpt>
      <trkpt lat="54.468484" lon="-2.182492">
        <ele>459.5</ele>
      </trkpt>
      <trkpt lat="54.468505" lon="-2.18285">
        <ele>460.5</ele>
      </trkpt>
      <trkpt lat="54.468493" lon="-2.18318">
        <ele>461.5</ele>
      </trkpt>
      <trkpt lat="54.468402" lon="-2.183914">
        <ele>464</ele>
      </trkpt>
      <trkpt lat="54.468402" lon="-2.184113">
        <ele>464.75</ele>
      </trkpt>
      <trkpt lat="54.468429" lon="-2.184321">
        <ele>465.75</ele>
      </trkpt>
      <trkpt lat="54.468492" lon="-2.184522">
        <ele>466.5</ele>
      </trkpt>
      <trkpt lat="54.468585" lon="-2.184751">
        <ele>467.75</ele>
      </trkpt>
      <trkpt lat="54.468698" lon="-2.184956">
        <ele>469</ele>
      </trkpt>
      <trkpt lat="54.469645" lon="-2.186351">
        <ele>477</ele>
      </trkpt>
      <trkpt lat="54.470032" lon="-2.186954">
        <ele>480.75</ele>
      </trkpt>
      <trkpt lat="54.470447" lon="-2.187668">
        <ele>483</ele>
      </trkpt>
      <trkpt lat="54.470927" lon="-2.188599">
        <ele>485.25</ele>
      </trkpt>
      <trkpt lat="54.47129" lon="-2.189406">
        <ele>485</ele>
      </trkpt>
      <trkpt lat="54.471438" lon="-2.189777">
        <ele>484.75</ele>
      </trkpt>
      <trkpt lat="54.471634" lon="-2.19024">
        <ele>484.25</ele>
      </trkpt>
      <trkpt lat="54.471791" lon="-2.190523">
        <ele>484.5</ele>
      </trkpt>
      <trkpt lat="54.471971" lon="-2.190726">
        <ele>484.5</ele>
      </trkpt>
      <trkpt lat="54.472313" lon="-2.191033">
        <ele>484</ele>
      </trkpt>
      <trkpt lat="54.472689" lon="-2.19134">
        <ele>483.25</ele>
      </trkpt>
      <trkpt lat="54.472824" lon="-2.191472">
        <ele>482.75</ele>
      </trkpt>
      <trkpt lat="54.472912" lon="-2.191604">
        <ele>482.5</ele>
      </trkpt>
      <trkpt lat="54.473093" lon="-2.192107">
        <ele>480.5</ele>
      </trkpt>
      <trkpt lat="54.473274" lon="-2.192564">
        <ele>478</ele>
      </trkpt>
      <trkpt lat="54.473677" lon="-2.193704">
        <ele>477.75</ele>
      </trkpt>
      <trkpt lat="54.473984" lon="-2.194442">
        <ele>474</ele>
      </trkpt>
      <trkpt lat="54.474066" lon="-2.194671">
        <ele>472.25</ele>
      </trkpt>
      <trkpt lat="54.474246" lon="-2.195562">
        <ele>466.75</ele>
      </trkpt>
      <trkpt lat="54.474476" lon="-2.196428">
        <ele>465.25</ele>
      </trkpt>
      <trkpt lat="54.474621" lon="-2.196921">
        <ele>464.75</ele>
      </trkpt>
      <trkpt lat="54.47479" lon="-2.197377">
        <ele>465</ele>
      </trkpt>
      <trkpt lat="54.47491" lon="-2.197656">
        <ele>465.75</ele>
      </trkpt>
      <trkpt lat="54.475009" lon="-2.197859">
        <ele>466.5</ele>
      </trkpt>
      <trkpt lat="54.475357" lon="-2.198411">
        <ele>469.5</ele>
      </trkpt>
      <trkpt lat="54.47545" lon="-2.198623">
        <ele>470</ele>
      </trkpt>
      <trkpt lat="54.475604" lon="-2.199203">
        <ele>469.75</ele>
      </trkpt>
      <trkpt lat="54.475716" lon="-2.199521">
        <ele>471</ele>
      </trkpt>
      <trkpt lat="54.475834" lon="-2.199733">
        <ele>473.25</ele>
      </trkpt>
      <trkpt lat="54.47604" lon="-2.200029">
        <ele>474.5</ele>
      </trkpt>
      <trkpt lat="54.476319" lon="-2.200473">
        <ele>475.5</ele>
      </trkpt>
      <trkpt lat="54.476528" lon="-2.200743">
        <ele>477</ele>
      </trkpt>
      <trkpt lat="54.476736" lon="-2.200928">
        <ele>478.5</ele>
      </trkpt>
      <trkpt lat="54.47682" lon="-2.201044">
        <ele>478.25</ele>
      </trkpt>
      <trkpt lat="54.476885" lon="-2.201197">
        <ele>477.5</ele>
      </trkpt>
      <trkpt lat="54.476934" lon="-2.201429">
        <ele>476.5</ele>
      </trkpt>
      <trkpt lat="54.477024" lon="-2.202371">
        <ele>472</ele>
      </trkpt>
      <trkpt lat="54.477126" lon="-2.203231">
        <ele>468.75</ele>
      </trkpt>
      <trkpt lat="54.477177" lon="-2.203432">
        <ele>468</ele>
      </trkpt>
      <trkpt lat="54.477258" lon="-2.203606">
        <ele>467.25</ele>
      </trkpt>
      <trkpt lat="54.478098" lon="-2.204844">
        <ele>467.75</ele>
      </trkpt>
      <trkpt lat="54.478468" lon="-2.205465">
        <ele>466</ele>
      </trkpt>
      <trkpt lat="54.478711" lon="-2.20579">
        <ele>464.5</ele>
      </trkpt>
      <trkpt lat="54.478861" lon="-2.20591">
        <ele>464.5</ele>
      </trkpt>
      <trkpt lat="54.479104" lon="-2.20601">
        <ele>465.5</ele>
      </trkpt>
      <trkpt lat="54.479198" lon="-2.206079">
        <ele>465.75</ele>
      </trkpt>
      <trkpt lat="54.479243" lon="-2.206118">
        <ele>466</ele>
      </trkpt>
      <trkpt lat="54.479355" lon="-2.206202">
        <ele>466.25</ele>
      </trkpt>
      <trkpt lat="54.479998" lon="-2.206822">
        <ele>469.25</ele>
      </trkpt>
      <trkpt lat="54.480188" lon="-2.207076">
        <ele>470</ele>
      </trkpt>
      <trkpt lat="54.480329" lon="-2.207365">
        <ele>470.75</ele>
      </trkpt>
      <trkpt lat="54.480505" lon="-2.207805">
        <ele>472</ele>
      </trkpt>
      <trkpt lat="54.4808" lon="-2.208647">
        <ele>474.5</ele>
      </trkpt>
      <trkpt lat="54.481135" lon="-2.209255">
        <ele>476.5</ele>
      </trkpt>
      <trkpt lat="54.481304" lon="-2.209498">
        <ele>477.75</ele>
      </trkpt>
      <trkpt lat="54.481513" lon="-2.209721">
        <ele>479.5</ele>
      </trkpt>
      <trkpt lat="54.481878" lon="-2.209988">
        <ele>482.25</ele>
      </trkpt>
      <trkpt lat="54.482161" lon="-2.210207">
        <ele>483</ele>
      </trkpt>
      <trkpt lat="54.482451" lon="-2.210364">
        <ele>483.75</ele>
      </trkpt>
      <trkpt lat="54.482555" lon="-2.210389">
        <ele>484.25</ele>
      </trkpt>
      <trkpt lat="54.48285" lon="-2.210348">
        <ele>485.25</ele>
      </trkpt>
      <trkpt lat="54.482955" lon="-2.210361">
        <ele>485.5</ele>
      </trkpt>
      <trkpt lat="54.483174" lon="-2.21042">
        <ele>485.75</ele>
      </trkpt>
      <trkpt lat="54.483668" lon="-2.210581">
        <ele>486.25</ele>
      </trkpt>
      <trkpt lat="54.483811" lon="-2.210603">
        <ele>486.5</ele>
      </trkpt>
      <trkpt lat="54.484127" lon="-2.210582">
        <ele>487.25</ele>
      </trkpt>
      <trkpt lat="54.484312" lon="-2.210601">
        <ele>487.5</ele>
      </trkpt>
      <trkpt lat="54.484759" lon="-2.210702">
        <ele>487.5</ele>
      </trkpt>
      <trkpt lat="54.484986" lon="-2.210782">
        <ele>487.25</ele>
      </trkpt>
      <trkpt lat="54.485288" lon="-2.210919">
        <ele>486.75</ele>
      </trkpt>
      <trkpt lat="54.485494" lon="-2.210986">
        <ele>486.5</ele>
      </trkpt>
      <trkpt lat="54.485821" lon="-2.211031">
        <ele>486.75</ele>
      </trkpt>
      <trkpt lat="54.485982" lon="-2.211078">
        <ele>486.75</ele>
      </trkpt>
      <trkpt lat="54.486864" lon="-2.211684">
        <ele>485.5</ele>
      </trkpt>
      <trkpt lat="54.487146" lon="-2.211888">
        <ele>485.5</ele>
      </trkpt>
      <trkpt lat="54.487387" lon="-2.212116">
        <ele>485.25</ele>
      </trkpt>
      <trkpt lat="54.48767" lon="-2.212516">
        <ele>484</ele>
      </trkpt>
      <trkpt lat="54.487776" lon="-2.212679">
        <ele>483.5</ele>
      </trkpt>
      <trkpt lat="54.487933" lon="-2.21285">
        <ele>483.25</ele>
      </trkpt>
      <trkpt lat="54.488038" lon="-2.212924">
        <ele>483.25</ele>
      </trkpt>
      <trkpt lat="54.488233" lon="-2.212945">
        <ele>483.5</ele>
      </trkpt>
      <trkpt lat="54.488389" lon="-2.212973">
        <ele>483.5</ele>
      </trkpt>
      <trkpt lat="54.488644" lon="-2.213088">
        <ele>482.75</ele>
      </trkpt>
      <trkpt lat="54.489335" lon="-2.21327">
        <ele>480.5</ele>
      </trkpt>
      <trkpt lat="54.489646" lon="-2.213322">
        <ele>479.75</ele>
      </trkpt>
      <trkpt lat="54.489761" lon="-2.213354">
        <ele>479.25</ele>
      </trkpt>
      <trkpt lat="54.489848" lon="-2.213424">
        <ele>478.75</ele>
      </trkpt>
      <trkpt lat="54.489993" lon="-2.213575">
        <ele>477.75</ele>
      </trkpt>
      <trkpt lat="54.490167" lon="-2.213803">
        <ele>476.75</ele>
      </trkpt>
      <trkpt lat="54.490422" lon="-2.214194">
        <ele>475.25</ele>
      </trkpt>
      <trkpt lat="54.490575" lon="-2.214395">
        <ele>474.75</ele>
      </trkpt>
      <trkpt lat="54.490669" lon="-2.214491">
        <ele>474.5</ele>
      </trkpt>
      <trkpt lat="54.490747" lon="-2.214551">
        <ele>474.25</ele>
      </trkpt>
      <trkpt lat="54.490847" lon="-2.214608">
        <ele>474.25</ele>
      </trkpt>
      <trkpt lat="54.491017" lon="-2.214677">
        <ele>474.5</ele>
      </trkpt>
      <trkpt lat="54.491224" lon="-2.214813">
        <ele>474.5</ele>
      </trkpt>
      <trkpt lat="54.491341" lon="-2.214917">
        <ele>474.25</ele>
      </trkpt>
      <trkpt lat="54.491443" lon="-2.215038">
        <ele>474.25</ele>
      </trkpt>
      <trkpt lat="54.491717" lon="-2.215446">
        <ele>473.5</ele>
      </trkpt>
      <trkpt lat="54.491888" lon="-2.215612">
        <ele>473.75</ele>
      </trkpt>
      <trkpt lat="54.492007" lon="-2.215713">
        <ele>474</ele>
      </trkpt>
      <trkpt lat="54.492927" lon="-2.216489">
        <ele>475.5</ele>
      </trkpt>
      <trkpt lat="54.493079" lon="-2.216678">
        <ele>476</ele>
      </trkpt>
      <trkpt lat="54.493291" lon="-2.216978">
        <ele>477</ele>
      </trkpt>
      <trkpt lat="54.494711" lon="-2.219429">
        <ele>480</ele>
      </trkpt>
      <trkpt lat="54.494848" lon="-2.21968">
        <ele>480</ele>
      </trkpt>
      <trkpt lat="54.494969" lon="-2.219974">
        <ele>480</ele>
      </trkpt>
      <trkpt lat="54.495724" lon="-2.222218">
        <ele>475.25</ele>
      </trkpt>
      <trkpt lat="54.496208" lon="-2.22413">
        <ele>470</ele>
      </trkpt>
      <trkpt lat="54.49629" lon="-2.224359">
        <ele>469.5</ele>
      </trkpt>
      <trkpt lat="54.496396" lon="-2.224575">
        <ele>468.75</ele>
      </trkpt>
      <trkpt lat="54.496525" lon="-2.224765">
        <ele>468</ele>
      </trkpt>
      <trkpt lat="54.497358" lon="-2.2257">
        <ele>461.25</ele>
      </trkpt>
      <trkpt lat="54.497704" lon="-2.226115">
        <ele>457.75</ele>
      </trkpt>
      <trkpt lat="54.497828" lon="-2.22629">
        <ele>456.25</ele>
      </trkpt>
      <trkpt lat="54.49794" lon="-2.226492">
        <ele>454.75</ele>
      </trkpt>
      <trkpt lat="54.498046" lon="-2.226757">
        <ele>453.25</ele>
      </trkpt>
      <trkpt lat="54.498126" lon="-2.227071">
        <ele>451</ele>
      </trkpt>
      <trkpt lat="54.498518" lon="-2.226971">
        <ele>449</ele>
      </trkpt>
      <trkpt lat="54.499346" lon="-2.226717">
        <ele>445.75</ele>
      </trkpt>
      <trkpt lat="54.50065" lon="-2.226256">
        <ele>441</ele>
      </trkpt>
      <trkpt lat="54.500985" lon="-2.226107">
        <ele>440.5</ele>
      </trkpt>
      <trkpt lat="54.50111" lon="-2.22608">
        <ele>440.75</ele>
      </trkpt>
      <trkpt lat="54.501217" lon="-2.226074">
        <ele>440.75</ele>
      </trkpt>
      <trkpt lat="54.501318" lon="-2.226083">
        <ele>440.75</ele>
      </trkpt>
      <trkpt lat="54.501409" lon="-2.226118">
        <ele>440.75</ele>
      </trkpt>
      <trkpt lat="54.501506" lon="-2.226177">
        <ele>440.5</ele>
      </trkpt>
      <trkpt lat="54.501784" lon="-2.22642">
        <ele>440.25</ele>
      </trkpt>
      <trkpt lat="54.502217" lon="-2.226734">
        <ele>441</ele>
      </trkpt>
      <trkpt lat="54.502309" lon="-2.226788">
        <ele>441</ele>
      </trkpt>
      <trkpt lat="54.502401" lon="-2.226826">
        <ele>441.25</ele>
      </trkpt>
      <trkpt lat="54.50251" lon="-2.226828">
        <ele>441.5</ele>
      </trkpt>
      <trkpt lat="54.502636" lon="-2.226786">
        <ele>441.5</ele>
      </trkpt>
      <trkpt lat="54.504439" lon="-2.225905">
        <ele>434.25</ele>
      </trkpt>
      <trkpt lat="54.504681" lon="-2.225754">
        <ele>432</ele>
      </trkpt>
      <trkpt lat="54.506447" lon="-2.224672">
        <ele>413</ele>
      </trkpt>
      <trkpt lat="54.507549" lon="-2.223877">
        <ele>405</ele>
      </trkpt>
      <trkpt lat="54.507618" lon="-2.223864">
        <ele>404.5</ele>
      </trkpt>
      <trkpt lat="54.507681" lon="-2.223337">
        <ele>403</ele>
      </trkpt>
      <trkpt lat="54.507797" lon="-2.222593">
        <ele>402</ele>
      </trkpt>
      <trkpt lat="54.50789" lon="-2.221922">
        <ele>400.75</ele>
      </trkpt>
      <trkpt lat="54.50802" lon="-2.220818">
        <ele>400.5</ele>
      </trkpt>
      <trkpt lat="54.508106" lon="-2.220154">
        <ele>401</ele>
      </trkpt>
      <trkpt lat="54.508133" lon="-2.220012">
        <ele>401</ele>
      </trkpt>
      <trkpt lat="54.508177" lon="-2.219839">
        <ele>401</ele>
      </trkpt>
      <trkpt lat="54.509659" lon="-2.215612">
        <ele>394.75</ele>
      </trkpt>
      <trkpt lat="54.509903" lon="-2.214982">
        <ele>392.5</ele>
      </trkpt>
      <trkpt lat="54.510128" lon="-2.214501">
        <ele>389.25</ele>
      </trkpt>
      <trkpt lat="54.510209" lon="-2.214297">
        <ele>388</ele>
      </trkpt>
      <trkpt lat="54.510259" lon="-2.214115">
        <ele>387.25</ele>
      </trkpt>
      <trkpt lat="54.51029" lon="-2.213799">
        <ele>387</ele>
      </trkpt>
      <trkpt lat="54.510297" lon="-2.213501">
        <ele>387</ele>
      </trkpt>
      <trkpt lat="54.51021" lon="-2.212149">
        <ele>389.25</ele>
      </trkpt>
      <trkpt lat="54.510228" lon="-2.212031">
        <ele>388.75</ele>
      </trkpt>
      <trkpt lat="54.510282" lon="-2.211907">
        <ele>387.75</ele>
      </trkpt>
      <trkpt lat="54.510411" lon="-2.211685">
        <ele>385</ele>
      </trkpt>
      <trkpt lat="54.510471" lon="-2.211522">
        <ele>383.75</ele>
      </trkpt>
      <trkpt lat="54.510491" lon="-2.211438">
        <ele>383.25</ele>
      </trkpt>
      <trkpt lat="54.510506" lon="-2.211312">
        <ele>383</ele>
      </trkpt>
      <trkpt lat="54.51058" lon="-2.210197">
        <ele>380.75</ele>
      </trkpt>
      <trkpt lat="54.510599" lon="-2.210053">
        <ele>380.25</ele>
      </trkpt>
      <trkpt lat="54.510659" lon="-2.209751">
        <ele>378.75</ele>
      </trkpt>
      <trkpt lat="54.510689" lon="-2.209433">
        <ele>378</ele>
      </trkpt>
      <trkpt lat="54.510688" lon="-2.209265">
        <ele>378</ele>
      </trkpt>
      <trkpt lat="54.51066" lon="-2.209071">
        <ele>378.5</ele>
      </trkpt>
      <trkpt lat="54.510658" lon="-2.208856">
        <ele>378.25</ele>
      </trkpt>
      <trkpt lat="54.510596" lon="-2.208269">
        <ele>379</ele>
      </trkpt>
      <trkpt lat="54.5106" lon="-2.208166">
        <ele>379.25</ele>
      </trkpt>
      <trkpt lat="54.510612" lon="-2.208079">
        <ele>379</ele>
      </trkpt>
      <trkpt lat="54.510646" lon="-2.208005">
        <ele>378.5</ele>
      </trkpt>
      <trkpt lat="54.511296" lon="-2.206961">
        <ele>372.75</ele>
      </trkpt>
      <trkpt lat="54.511378" lon="-2.206781">
        <ele>372.75</ele>
      </trkpt>
      <trkpt lat="54.51224" lon="-2.204538">
        <ele>366.5</ele>
      </trkpt>
      <trkpt lat="54.512269" lon="-2.204493">
        <ele>366</ele>
      </trkpt>
      <trkpt lat="54.512303" lon="-2.204458">
        <ele>365.5</ele>
      </trkpt>
      <trkpt lat="54.512341" lon="-2.204438">
        <ele>365</ele>
      </trkpt>
      <trkpt lat="54.512378" lon="-2.204432">
        <ele>365</ele>
      </trkpt>
      <trkpt lat="54.512414" lon="-2.204439">
        <ele>364.75</ele>
      </trkpt>
      <trkpt lat="54.512449" lon="-2.204458">
        <ele>364</ele>
      </trkpt>
      <trkpt lat="54.51248" lon="-2.204492">
        <ele>363.5</ele>
      </trkpt>
      <trkpt lat="54.51383" lon="-2.206307">
        <ele>366.75</ele>
      </trkpt>
      <trkpt lat="54.513922" lon="-2.206333">
        <ele>367.75</ele>
      </trkpt>
      <trkpt lat="54.513999" lon="-2.206462">
        <ele>368</ele>
      </trkpt>
      <trkpt lat="54.514087" lon="-2.206568">
        <ele>368.5</ele>
      </trkpt>
      <trkpt lat="54.514184" lon="-2.206647">
        <ele>369</ele>
      </trkpt>
      <trkpt lat="54.514287" lon="-2.206697">
        <ele>369.25</ele>
      </trkpt>
      <trkpt lat="54.514394" lon="-2.206717">
        <ele>369.5</ele>
      </trkpt>
      <trkpt lat="54.514612" lon="-2.206686">
        <ele>370.75</ele>
      </trkpt>
      <trkpt lat="54.514934" lon="-2.206576">
        <ele>373</ele>
      </trkpt>
      <trkpt lat="54.515275" lon="-2.206403">
        <ele>375.25</ele>
      </trkpt>
      <trkpt lat="54.515471" lon="-2.206278">
        <ele>376.75</ele>
      </trkpt>
      <trkpt lat="54.51626" lon="-2.208383">
        <ele>368.75</ele>
      </trkpt>
      <trkpt lat="54.519186" lon="-2.216399">
        <ele>365</ele>
      </trkpt>
      <trkpt lat="54.519511" lon="-2.217293">
        <ele>367.75</ele>
      </trkpt>
      <trkpt lat="54.519758" lon="-2.217901">
        <ele>369.25</ele>
      </trkpt>
      <trkpt lat="54.520364" lon="-2.21933">
        <ele>370.75</ele>
      </trkpt>
      <trkpt lat="54.521553" lon="-2.221902">
        <ele>368.25</ele>
      </trkpt>
      <trkpt lat="54.522685" lon="-2.224463">
        <ele>370.25</ele>
      </trkpt>
      <trkpt lat="54.523151" lon="-2.225512">
        <ele>370.75</ele>
      </trkpt>
      <trkpt lat="54.523716" lon="-2.226713">
        <ele>371</ele>
      </trkpt>
      <trkpt lat="54.524466" lon="-2.228293">
        <ele>365.75</ele>
      </trkpt>
      <trkpt lat="54.525228" lon="-2.229858">
        <ele>360.5</ele>
      </trkpt>
      <trkpt lat="54.525447" lon="-2.230345">
        <ele>357.5</ele>
      </trkpt>
      <trkpt lat="54.525678" lon="-2.230897">
        <ele>354.5</ele>
      </trkpt>
      <trkpt lat="54.525996" lon="-2.231765">
        <ele>351.25</ele>
      </trkpt>
      <trkpt lat="54.52624" lon="-2.232571">
        <ele>347.5</ele>
      </trkpt>
      <trkpt lat="54.526362" lon="-2.233042">
        <ele>345.75</ele>
      </trkpt>
      <trkpt lat="54.526502" lon="-2.233684">
        <ele>343.25</ele>
      </trkpt>
      <trkpt lat="54.526662" lon="-2.23454">
        <ele>339.5</ele>
      </trkpt>
      <trkpt lat="54.526993" lon="-2.236339">
        <ele>332.5</ele>
      </trkpt>
      <trkpt lat="54.527275" lon="-2.237732">
        <ele>331.5</ele>
      </trkpt>
      <trkpt lat="54.527873" lon="-2.240476">
        <ele>326</ele>
      </trkpt>
      <trkpt lat="54.528801" lon="-2.244513">
        <ele>322</ele>
      </trkpt>
      <trkpt lat="54.529086" lon="-2.245913">
        <ele>317.5</ele>
      </trkpt>
      <trkpt lat="54.529238" lon="-2.246747">
        <ele>315.5</ele>
      </trkpt>
      <trkpt lat="54.529572" lon="-2.248832">
        <ele>314</ele>
      </trkpt>
      <trkpt lat="54.529708" lon="-2.249807">
        <ele>313</ele>
      </trkpt>
      <trkpt lat="54.529817" lon="-2.250786">
        <ele>311.75</ele>
      </trkpt>
      <trkpt lat="54.529951" lon="-2.252133">
        <ele>309</ele>
      </trkpt>
      <trkpt lat="54.530054" lon="-2.253391">
        <ele>305.5</ele>
      </trkpt>
      <trkpt lat="54.530113" lon="-2.254254">
        <ele>301.25</ele>
      </trkpt>
      <trkpt lat="54.530156" lon="-2.255123">
        <ele>298.25</ele>
      </trkpt>
      <trkpt lat="54.530191" lon="-2.256065">
        <ele>296.5</ele>
      </trkpt>
      <trkpt lat="54.530217" lon="-2.257446">
        <ele>295</ele>
      </trkpt>
      <trkpt lat="54.530214" lon="-2.2582">
        <ele>294.75</ele>
      </trkpt>
      <trkpt lat="54.530176" lon="-2.25956">
        <ele>294.5</ele>
      </trkpt>
      <trkpt lat="54.530156" lon="-2.260218">
        <ele>293.75</ele>
      </trkpt>
      <trkpt lat="54.530064" lon="-2.262196">
        <ele>289.5</ele>
      </trkpt>
      <trkpt lat="54.530223" lon="-2.262224">
        <ele>289.75</ele>
      </trkpt>
      <trkpt lat="54.530402" lon="-2.262269">
        <ele>290</ele>
      </trkpt>
      <trkpt lat="54.530525" lon="-2.262334">
        <ele>290.25</ele>
      </trkpt>
      <trkpt lat="54.530592" lon="-2.262423">
        <ele>290.5</ele>
      </trkpt>
      <trkpt lat="54.530754" lon="-2.262817">
        <ele>290.75</ele>
      </trkpt>
      <trkpt lat="54.530821" lon="-2.263014">
        <ele>290.75</ele>
      </trkpt>
      <trkpt lat="54.530868" lon="-2.263196">
        <ele>291</ele>
      </trkpt>
      <trkpt lat="54.530901" lon="-2.263611">
        <ele>291.75</ele>
      </trkpt>
      <trkpt lat="54.530894" lon="-2.26383">
        <ele>292.25</ele>
      </trkpt>
      <trkpt lat="54.530859" lon="-2.2642">
        <ele>293</ele>
      </trkpt>
      <trkpt lat="54.530889" lon="-2.264324">
        <ele>293.5</ele>
      </trkpt>
      <trkpt lat="54.530979" lon="-2.264607">
        <ele>294.75</ele>
      </trkpt>
      <trkpt lat="54.531002" lon="-2.264647">
        <ele>294.75</ele>
      </trkpt>
      <trkpt lat="54.531066" lon="-2.264758">
        <ele>295.5</ele>
      </trkpt>
      <trkpt lat="54.531237" lon="-2.264802">
        <ele>296.5</ele>
      </trkpt>
      <trkpt lat="54.531295" lon="-2.264817">
        <ele>297</ele>
      </trkpt>
      <trkpt lat="54.53145" lon="-2.264876">
        <ele>298</ele>
      </trkpt>
      <trkpt lat="54.531613" lon="-2.265002">
        <ele>299.5</ele>
      </trkpt>
      <trkpt lat="54.531777" lon="-2.26504">
        <ele>301</ele>
      </trkpt>
      <trkpt lat="54.531915" lon="-2.265018">
        <ele>302.25</ele>
      </trkpt>
      <trkpt lat="54.532147" lon="-2.2649">
        <ele>304</ele>
      </trkpt>
      <trkpt lat="54.532948" lon="-2.26442">
        <ele>308.5</ele>
      </trkpt>
      <trkpt lat="54.533116" lon="-2.264311">
        <ele>309.5</ele>
      </trkpt>
      <trkpt lat="54.53356" lon="-2.264126">
        <ele>312.5</ele>
      </trkpt>
      <trkpt lat="54.533925" lon="-2.263986">
        <ele>315</ele>
      </trkpt>
      <trkpt lat="54.534043" lon="-2.263965">
        <ele>315.75</ele>
      </trkpt>
      <trkpt lat="54.534161" lon="-2.263972">
        <ele>317</ele>
      </trkpt>
      <trkpt lat="54.534298" lon="-2.263996">
        <ele>317.5</ele>
      </trkpt>
      <trkpt lat="54.534399" lon="-2.263998">
        <ele>317.75</ele>
      </trkpt>
      <trkpt lat="54.534466" lon="-2.263983">
        <ele>318</ele>
      </trkpt>
      <trkpt lat="54.534524" lon="-2.26394">
        <ele>318</ele>
      </trkpt>
      <trkpt lat="54.534605" lon="-2.263857">
        <ele>318</ele>
      </trkpt>
      <trkpt lat="54.534699" lon="-2.263735">
        <ele>318</ele>
      </trkpt>
      <trkpt lat="54.534854" lon="-2.263509">
        <ele>318.25</ele>
      </trkpt>
      <trkpt lat="54.535027" lon="-2.263188">
        <ele>318.75</ele>
      </trkpt>
      <trkpt lat="54.535171" lon="-2.262847">
        <ele>318</ele>
      </trkpt>
      <trkpt lat="54.535439" lon="-2.262125">
        <ele>317.75</ele>
      </trkpt>
      <trkpt lat="54.535853" lon="-2.261062">
        <ele>319.75</ele>
      </trkpt>
      <trkpt lat="54.535944" lon="-2.260886">
        <ele>320</ele>
      </trkpt>
      <trkpt lat="54.536001" lon="-2.260794">
        <ele>320.25</ele>
      </trkpt>
      <trkpt lat="54.536161" lon="-2.260564">
        <ele>321.25</ele>
      </trkpt>
      <trkpt lat="54.536712" lon="-2.259886">
        <ele>324.25</ele>
      </trkpt>
      <trkpt lat="54.53679" lon="-2.259732">
        <ele>324.5</ele>
      </trkpt>
      <trkpt lat="54.536914" lon="-2.25977">
        <ele>324.5</ele>
      </trkpt>
      <trkpt lat="54.536987" lon="-2.259825">
        <ele>324.25</ele>
      </trkpt>
      <trkpt lat="54.537054" lon="-2.259898">
        <ele>324.25</ele>
      </trkpt>
      <trkpt lat="54.537111" lon="-2.259993">
        <ele>324</ele>
      </trkpt>
      <trkpt lat="54.537146" lon="-2.260083">
        <ele>323.75</ele>
      </trkpt>
      <trkpt lat="54.537167" lon="-2.260175">
        <ele>323.5</ele>
      </trkpt>
      <trkpt lat="54.537179" lon="-2.260272">
        <ele>323.5</ele>
      </trkpt>
      <trkpt lat="54.537171" lon="-2.260461">
        <ele>323</ele>
      </trkpt>
      <trkpt lat="54.537177" lon="-2.260639">
        <ele>322.75</ele>
      </trkpt>
      <trkpt lat="54.537241" lon="-2.260824">
        <ele>322.5</ele>
      </trkpt>
      <trkpt lat="54.537249" lon="-2.260895">
        <ele>322.5</ele>
      </trkpt>
      <trkpt lat="54.537284" lon="-2.261235">
        <ele>322.25</ele>
      </trkpt>
      <trkpt lat="54.537307" lon="-2.261455">
        <ele>322.25</ele>
      </trkpt>
      <trkpt lat="54.53731" lon="-2.261523">
        <ele>322.25</ele>
      </trkpt>
      <trkpt lat="54.537313" lon="-2.261962">
        <ele>322</ele>
      </trkpt>
      <trkpt lat="54.537293" lon="-2.262559">
        <ele>322</ele>
      </trkpt>
      <trkpt lat="54.537404" lon="-2.263844">
        <ele>321.75</ele>
      </trkpt>
      <trkpt lat="54.537493" lon="-2.264187">
        <ele>321.75</ele>
      </trkpt>
      <trkpt lat="54.537545" lon="-2.264482">
        <ele>322.25</ele>
      </trkpt>
      <trkpt lat="54.5376" lon="-2.26518">
        <ele>322.75</ele>
      </trkpt>
      <trkpt lat="54.537793" lon="-2.266101">
        <ele>324.25</ele>
      </trkpt>
      <trkpt lat="54.53796" lon="-2.266794">
        <ele>324.75</ele>
      </trkpt>
      <trkpt lat="54.538236" lon="-2.267547">
        <ele>325</ele>
      </trkpt>
      <trkpt lat="54.538606" lon="-2.268605">
        <ele>327</ele>
      </trkpt>
      <trkpt lat="54.538925" lon="-2.269168">
        <ele>328.25</ele>
      </trkpt>
      <trkpt lat="54.539151" lon="-2.269438">
        <ele>329.75</ele>
      </trkpt>
      <trkpt lat="54.53962" lon="-2.270325">
        <ele>331.25</ele>
      </trkpt>
      <trkpt lat="54.539945" lon="-2.270941">
        <ele>332.25</ele>
      </trkpt>
      <trkpt lat="54.540051" lon="-2.271161">
        <ele>333</ele>
      </trkpt>
      <trkpt lat="54.540409" lon="-2.271779">
        <ele>336.75</ele>
      </trkpt>
      <trkpt lat="54.54052" lon="-2.271987">
        <ele>337.5</ele>
      </trkpt>
      <trkpt lat="54.540617" lon="-2.272214">
        <ele>338</ele>
      </trkpt>
      <trkpt lat="54.540659" lon="-2.272655">
        <ele>336.75</ele>
      </trkpt>
      <trkpt lat="54.540715" lon="-2.272938">
        <ele>336.5</ele>
      </trkpt>
      <trkpt lat="54.540782" lon="-2.273166">
        <ele>336.75</ele>
      </trkpt>
      <trkpt lat="54.540847" lon="-2.27331">
        <ele>337</ele>
      </trkpt>
      <trkpt lat="54.540913" lon="-2.273404">
        <ele>337.5</ele>
      </trkpt>
      <trkpt lat="54.540944" lon="-2.273432">
        <ele>337.5</ele>
      </trkpt>
      <trkpt lat="54.540968" lon="-2.273454">
        <ele>337.75</ele>
      </trkpt>
      <trkpt lat="54.540993" lon="-2.273433">
        <ele>338</ele>
      </trkpt>
      <trkpt lat="54.541021" lon="-2.273372">
        <ele>338.75</ele>
      </trkpt>
      <trkpt lat="54.541045" lon="-2.273269">
        <ele>339.5</ele>
      </trkpt>
      <trkpt lat="54.541057" lon="-2.273083">
        <ele>340.25</ele>
      </trkpt>
      <trkpt lat="54.541079" lon="-2.273005">
        <ele>340.75</ele>
      </trkpt>
      <trkpt lat="54.541111" lon="-2.27293">
        <ele>341.5</ele>
      </trkpt>
      <trkpt lat="54.54139" lon="-2.272376">
        <ele>347.25</ele>
      </trkpt>
      <trkpt lat="54.541662" lon="-2.27174">
        <ele>353.5</ele>
      </trkpt>
      <trkpt lat="54.542389" lon="-2.270676">
        <ele>366</ele>
      </trkpt>
      <trkpt lat="54.542502" lon="-2.27057">
        <ele>367.75</ele>
      </trkpt>
      <trkpt lat="54.542657" lon="-2.270542">
        <ele>370</ele>
      </trkpt>
      <trkpt lat="54.542871" lon="-2.270525">
        <ele>373</ele>
      </trkpt>
      <trkpt lat="54.543041" lon="-2.270554">
        <ele>375.25</ele>
      </trkpt>
      <trkpt lat="54.543154" lon="-2.270611">
        <ele>376.5</ele>
      </trkpt>
      <trkpt lat="54.543257" lon="-2.270735">
        <ele>377.25</ele>
      </trkpt>
      <trkpt lat="54.543489" lon="-2.271141">
        <ele>379.5</ele>
      </trkpt>
      <trkpt lat="54.543956" lon="-2.271877">
        <ele>383.75</ele>
      </trkpt>
      <trkpt lat="54.544287" lon="-2.272461">
        <ele>384</ele>
      </trkpt>
      <trkpt lat="54.544451" lon="-2.272864">
        <ele>383.25</ele>
      </trkpt>
      <trkpt lat="54.544672" lon="-2.273245">
        <ele>383.5</ele>
      </trkpt>
      <trkpt lat="54.545013" lon="-2.273923">
        <ele>384.5</ele>
      </trkpt>
      <trkpt lat="54.545424" lon="-2.275211">
        <ele>384.25</ele>
      </trkpt>
      <trkpt lat="54.545673" lon="-2.276734">
        <ele>382.5</ele>
      </trkpt>
      <trkpt lat="54.545678" lon="-2.276869">
        <ele>382.75</ele>
      </trkpt>
      <trkpt lat="54.545695" lon="-2.277346">
        <ele>383.5</ele>
      </trkpt>
      <trkpt lat="54.545694" lon="-2.277698">
        <ele>384</ele>
      </trkpt>
      <trkpt lat="54.545644" lon="-2.278148">
        <ele>384</ele>
      </trkpt>
      <trkpt lat="54.545635" lon="-2.278331">
        <ele>384</ele>
      </trkpt>
      <trkpt lat="54.545651" lon="-2.278521">
        <ele>384</ele>
      </trkpt>
      <trkpt lat="54.545725" lon="-2.27883">
        <ele>384.25</ele>
      </trkpt>
      <trkpt lat="54.545773" lon="-2.279116">
        <ele>384.5</ele>
      </trkpt>
      <trkpt lat="54.545793" lon="-2.279398">
        <ele>384.25</ele>
      </trkpt>
      <trkpt lat="54.545787" lon="-2.279752">
        <ele>383.75</ele>
      </trkpt>
      <trkpt lat="54.54572" lon="-2.280898">
        <ele>379</ele>
      </trkpt>
      <trkpt lat="54.546834" lon="-2.280064">
        <ele>390.5</ele>
      </trkpt>
      <trkpt lat="54.546969" lon="-2.27999">
        <ele>392.5</ele>
      </trkpt>
      <trkpt lat="54.547131" lon="-2.279986">
        <ele>394.5</ele>
      </trkpt>
      <trkpt lat="54.54725" lon="-2.280034">
        <ele>395.75</ele>
      </trkpt>
      <trkpt lat="54.547352" lon="-2.280129">
        <ele>396.25</ele>
      </trkpt>
      <trkpt lat="54.548148" lon="-2.281076">
        <ele>402</ele>
      </trkpt>
      <trkpt lat="54.548792" lon="-2.281698">
        <ele>407.25</ele>
      </trkpt>
      <trkpt lat="54.549123" lon="-2.281952">
        <ele>411</ele>
      </trkpt>
      <trkpt lat="54.549346" lon="-2.282226">
        <ele>412.5</ele>
      </trkpt>
      <trkpt lat="54.549463" lon="-2.282429">
        <ele>412.75</ele>
      </trkpt>
      <trkpt lat="54.549687" lon="-2.282743">
        <ele>413.75</ele>
      </trkpt>
      <trkpt lat="54.549826" lon="-2.282844">
        <ele>415</ele>
      </trkpt>
      <trkpt lat="54.54997" lon="-2.282886">
        <ele>416.25</ele>
      </trkpt>
      <trkpt lat="54.550141" lon="-2.282878">
        <ele>417.5</ele>
      </trkpt>
      <trkpt lat="54.550355" lon="-2.282821">
        <ele>419</ele>
      </trkpt>
      <trkpt lat="54.550399" lon="-2.282799">
        <ele>419.5</ele>
      </trkpt>
      <trkpt lat="54.550762" lon="-2.282622">
        <ele>422.75</ele>
      </trkpt>
      <trkpt lat="54.550976" lon="-2.282462">
        <ele>423.75</ele>
      </trkpt>
      <trkpt lat="54.551274" lon="-2.282158">
        <ele>425</ele>
      </trkpt>
      <trkpt lat="54.551441" lon="-2.282038">
        <ele>425.5</ele>
      </trkpt>
      <trkpt lat="54.551583" lon="-2.281975">
        <ele>425.75</ele>
      </trkpt>
      <trkpt lat="54.55178" lon="-2.281941">
        <ele>426</ele>
      </trkpt>
      <trkpt lat="54.554196" lon="-2.282133">
        <ele>427.75</ele>
      </trkpt>
      <trkpt lat="54.554408" lon="-2.282118">
        <ele>429</ele>
      </trkpt>
      <trkpt lat="54.554582" lon="-2.282071">
        <ele>430</ele>
      </trkpt>
      <trkpt lat="54.554735" lon="-2.281979">
        <ele>431</ele>
      </trkpt>
      <trkpt lat="54.555966" lon="-2.281115">
        <ele>434.5</ele>
      </trkpt>
      <trkpt lat="54.556807" lon="-2.280627">
        <ele>434.75</ele>
      </trkpt>
      <trkpt lat="54.558566" lon="-2.279419">
        <ele>437</ele>
      </trkpt>
      <trkpt lat="54.558779" lon="-2.279281">
        <ele>437.75</ele>
      </trkpt>
      <trkpt lat="54.559749" lon="-2.278692">
        <ele>439.25</ele>
      </trkpt>
      <trkpt lat="54.561788" lon="-2.276901">
        <ele>439</ele>
      </trkpt>
      <trkpt lat="54.562481" lon="-2.276241">
        <ele>439</ele>
      </trkpt>
      <trkpt lat="54.562675" lon="-2.276031">
        <ele>439.25</ele>
      </trkpt>
      <trkpt lat="54.562952" lon="-2.275683">
        <ele>439.5</ele>
      </trkpt>
      <trkpt lat="54.563074" lon="-2.275505">
        <ele>439.5</ele>
      </trkpt>
      <trkpt lat="54.56315" lon="-2.275418">
        <ele>439.5</ele>
      </trkpt>
      <trkpt lat="54.563255" lon="-2.275331">
        <ele>439</ele>
      </trkpt>
      <trkpt lat="54.563733" lon="-2.274978">
        <ele>439.5</ele>
      </trkpt>
      <trkpt lat="54.564265" lon="-2.274723">
        <ele>441.5</ele>
      </trkpt>
      <trkpt lat="54.564559" lon="-2.274608">
        <ele>443</ele>
      </trkpt>
      <trkpt lat="54.564709" lon="-2.27458">
        <ele>443.25</ele>
      </trkpt>
      <trkpt lat="54.564817" lon="-2.274575">
        <ele>443.5</ele>
      </trkpt>
      <trkpt lat="54.564894" lon="-2.274588">
        <ele>443.75</ele>
      </trkpt>
      <trkpt lat="54.565049" lon="-2.274677">
        <ele>443.75</ele>
      </trkpt>
      <trkpt lat="54.565183" lon="-2.274773">
        <ele>444.5</ele>
      </trkpt>
      <trkpt lat="54.56528" lon="-2.274824">
        <ele>445.25</ele>
      </trkpt>
      <trkpt lat="54.565379" lon="-2.274848">
        <ele>446</ele>
      </trkpt>
      <trkpt lat="54.565729" lon="-2.27489">
        <ele>449</ele>
      </trkpt>
      <trkpt lat="54.566827" lon="-2.274991">
        <ele>460.5</ele>
      </trkpt>
      <trkpt lat="54.567434" lon="-2.274958">
        <ele>466.5</ele>
      </trkpt>
      <trkpt lat="54.568384" lon="-2.274688">
        <ele>477.25</ele>
      </trkpt>
      <trkpt lat="54.568585" lon="-2.274582">
        <ele>478.25</ele>
      </trkpt>
      <trkpt lat="54.568807" lon="-2.274409">
        <ele>479</ele>
      </trkpt>
      <trkpt lat="54.569857" lon="-2.273397">
        <ele>479.25</ele>
      </trkpt>
      <trkpt lat="54.571086" lon="-2.272473">
        <ele>481.5</ele>
      </trkpt>
      <trkpt lat="54.571346" lon="-2.272166">
        <ele>482.25</ele>
      </trkpt>
      <trkpt lat="54.571473" lon="-2.271982">
        <ele>482</ele>
      </trkpt>
      <trkpt lat="54.571658" lon="-2.271649">
        <ele>480.75</ele>
      </trkpt>
      <trkpt lat="54.572016" lon="-2.270783">
        <ele>483.75</ele>
      </trkpt>
      <trkpt lat="54.572282" lon="-2.270049">
        <ele>482.75</ele>
      </trkpt>
      <trkpt lat="54.572515" lon="-2.269476">
        <ele>483.75</ele>
      </trkpt>
      <trkpt lat="54.572607" lon="-2.269217">
        <ele>484.75</ele>
      </trkpt>
      <trkpt lat="54.57266" lon="-2.269007">
        <ele>484.75</ele>
      </trkpt>
      <trkpt lat="54.572788" lon="-2.268367">
        <ele>484</ele>
      </trkpt>
      <trkpt lat="54.572829" lon="-2.268183">
        <ele>484.5</ele>
      </trkpt>
      <trkpt lat="54.572904" lon="-2.26791">
        <ele>485</ele>
      </trkpt>
      <trkpt lat="54.573185" lon="-2.267017">
        <ele>486</ele>
      </trkpt>
      <trkpt lat="54.573259" lon="-2.266728">
        <ele>485.75</ele>
      </trkpt>
      <trkpt lat="54.573306" lon="-2.266454">
        <ele>485</ele>
      </trkpt>
      <trkpt lat="54.57339" lon="-2.26588">
        <ele>483.25</ele>
      </trkpt>
      <trkpt lat="54.573475" lon="-2.265466">
        <ele>481.5</ele>
      </trkpt>
      <trkpt lat="54.573646" lon="-2.26475">
        <ele>478.25</ele>
      </trkpt>
      <trkpt lat="54.573726" lon="-2.264297">
        <ele>477.25</ele>
      </trkpt>
      <trkpt lat="54.573809" lon="-2.263676">
        <ele>475</ele>
      </trkpt>
      <trkpt lat="54.573911" lon="-2.26322">
        <ele>473</ele>
      </trkpt>
      <trkpt lat="54.574012" lon="-2.262983">
        <ele>471.75</ele>
      </trkpt>
      <trkpt lat="54.574229" lon="-2.26258">
        <ele>470.5</ele>
      </trkpt>
      <trkpt lat="54.574287" lon="-2.262438">
        <ele>470.5</ele>
      </trkpt>
      <trkpt lat="54.574339" lon="-2.262262">
        <ele>470.25</ele>
      </trkpt>
      <trkpt lat="54.574363" lon="-2.262142">
        <ele>470</ele>
      </trkpt>
      <trkpt lat="54.574394" lon="-2.261969">
        <ele>469.5</ele>
      </trkpt>
      <trkpt lat="54.574436" lon="-2.261706">
        <ele>469</ele>
      </trkpt>
      <trkpt lat="54.574495" lon="-2.261389">
        <ele>468.5</ele>
      </trkpt>
      <trkpt lat="54.575181" lon="-2.258654">
        <ele>463.75</ele>
      </trkpt>
      <trkpt lat="54.575629" lon="-2.256835">
        <ele>461.75</ele>
      </trkpt>
      <trkpt lat="54.576066" lon="-2.255204">
        <ele>460.75</ele>
      </trkpt>
      <trkpt lat="54.576109" lon="-2.254968">
        <ele>460.25</ele>
      </trkpt>
      <trkpt lat="54.57615" lon="-2.254734">
        <ele>459.75</ele>
      </trkpt>
      <trkpt lat="54.576187" lon="-2.254263">
        <ele>459</ele>
      </trkpt>
      <trkpt lat="54.576234" lon="-2.252546">
        <ele>453.5</ele>
      </trkpt>
      <trkpt lat="54.576222" lon="-2.252347">
        <ele>453</ele>
      </trkpt>
      <trkpt lat="54.576175" lon="-2.252144">
        <ele>452.5</ele>
      </trkpt>
      <trkpt lat="54.576041" lon="-2.251639">
        <ele>451.5</ele>
      </trkpt>
      <trkpt lat="54.575914" lon="-2.25086">
        <ele>452.25</ele>
      </trkpt>
      <trkpt lat="54.575895" lon="-2.250502">
        <ele>452.25</ele>
      </trkpt>
      <trkpt lat="54.575913" lon="-2.250239">
        <ele>452</ele>
      </trkpt>
      <trkpt lat="54.575963" lon="-2.250035">
        <ele>451.25</ele>
      </trkpt>
      <trkpt lat="54.576166" lon="-2.249643">
        <ele>450</ele>
      </trkpt>
      <trkpt lat="54.5767" lon="-2.248547">
        <ele>449.5</ele>
      </trkpt>
      <trkpt lat="54.576842" lon="-2.248156">
        <ele>449</ele>
      </trkpt>
      <trkpt lat="54.576963" lon="-2.247767">
        <ele>448.75</ele>
      </trkpt>
      <trkpt lat="54.577032" lon="-2.247453">
        <ele>448.75</ele>
      </trkpt>
      <trkpt lat="54.577112" lon="-2.247008">
        <ele>449.25</ele>
      </trkpt>
      <trkpt lat="54.577152" lon="-2.246539">
        <ele>450</ele>
      </trkpt>
      <trkpt lat="54.577187" lon="-2.245817">
        <ele>450</ele>
      </trkpt>
      <trkpt lat="54.577262" lon="-2.244664">
        <ele>450.75</ele>
      </trkpt>
      <trkpt lat="54.577265" lon="-2.243945">
        <ele>450.75</ele>
      </trkpt>
      <trkpt lat="54.577282" lon="-2.243638">
        <ele>450.25</ele>
      </trkpt>
      <trkpt lat="54.577325" lon="-2.243303">
        <ele>449.75</ele>
      </trkpt>
      <trkpt lat="54.577569" lon="-2.242362">
        <ele>446.75</ele>
      </trkpt>
      <trkpt lat="54.577636" lon="-2.242041">
        <ele>445.25</ele>
      </trkpt>
      <trkpt lat="54.577681" lon="-2.241708">
        <ele>444</ele>
      </trkpt>
      <trkpt lat="54.577704" lon="-2.241366">
        <ele>443.75</ele>
      </trkpt>
      <trkpt lat="54.577705" lon="-2.240843">
        <ele>444</ele>
      </trkpt>
      <trkpt lat="54.577669" lon="-2.240031">
        <ele>444</ele>
      </trkpt>
      <trkpt lat="54.577683" lon="-2.239891">
        <ele>444</ele>
      </trkpt>
      <trkpt lat="54.577702" lon="-2.23975">
        <ele>444.25</ele>
      </trkpt>
      <trkpt lat="54.57776" lon="-2.239586">
        <ele>444</ele>
      </trkpt>
      <trkpt lat="54.578026" lon="-2.238999">
        <ele>443</ele>
      </trkpt>
      <trkpt lat="54.578182" lon="-2.23857">
        <ele>443.25</ele>
      </trkpt>
      <trkpt lat="54.57825" lon="-2.238277">
        <ele>443.5</ele>
      </trkpt>
      <trkpt lat="54.578474" lon="-2.237073">
        <ele>443.75</ele>
      </trkpt>
      <trkpt lat="54.57891" lon="-2.23519">
        <ele>439.25</ele>
      </trkpt>
      <trkpt lat="54.578955" lon="-2.234977">
        <ele>439</ele>
      </trkpt>
      <trkpt lat="54.578993" lon="-2.2347">
        <ele>438.5</ele>
      </trkpt>
      <trkpt lat="54.578993" lon="-2.234375">
        <ele>438.5</ele>
      </trkpt>
      <trkpt lat="54.578975" lon="-2.234026">
        <ele>438.75</ele>
      </trkpt>
      <trkpt lat="54.578888" lon="-2.233023">
        <ele>440</ele>
      </trkpt>
      <trkpt lat="54.578865" lon="-2.232558">
        <ele>440.25</ele>
      </trkpt>
      <trkpt lat="54.57886" lon="-2.232051">
        <ele>439.75</ele>
      </trkpt>
      <trkpt lat="54.578973" lon="-2.230753">
        <ele>436.5</ele>
      </trkpt>
      <trkpt lat="54.579028" lon="-2.230115">
        <ele>434.25</ele>
      </trkpt>
      <trkpt lat="54.579039" lon="-2.229962">
        <ele>433.75</ele>
      </trkpt>
      <trkpt lat="54.579042" lon="-2.229818">
        <ele>433.5</ele>
      </trkpt>
      <trkpt lat="54.578886" lon="-2.22766">
        <ele>428.75</ele>
      </trkpt>
      <trkpt lat="54.578836" lon="-2.227052">
        <ele>427.25</ele>
      </trkpt>
      <trkpt lat="54.578833" lon="-2.226697">
        <ele>426.25</ele>
      </trkpt>
      <trkpt lat="54.578846" lon="-2.226249">
        <ele>425.5</ele>
      </trkpt>
      <trkpt lat="54.578876" lon="-2.225871">
        <ele>424.75</ele>
      </trkpt>
      <trkpt lat="54.578925" lon="-2.22545">
        <ele>423.5</ele>
      </trkpt>
      <trkpt lat="54.57903" lon="-2.224685">
        <ele>421</ele>
      </trkpt>
      <trkpt lat="54.579212" lon="-2.223624">
        <ele>416.5</ele>
      </trkpt>
      <trkpt lat="54.579335" lon="-2.222954">
        <ele>412.75</ele>
      </trkpt>
      <trkpt lat="54.579387" lon="-2.222578">
        <ele>411.25</ele>
      </trkpt>
      <trkpt lat="54.57942" lon="-2.222046">
        <ele>409.75</ele>
      </trkpt>
      <trkpt lat="54.579475" lon="-2.218823">
        <ele>403.25</ele>
      </trkpt>
      <trkpt lat="54.579522" lon="-2.218306">
        <ele>401</ele>
      </trkpt>
      <trkpt lat="54.579561" lon="-2.218138">
        <ele>400.25</ele>
      </trkpt>
      <trkpt lat="54.579987" lon="-2.21629">
        <ele>395</ele>
      </trkpt>
      <trkpt lat="54.580039" lon="-2.215963">
        <ele>394</ele>
      </trkpt>
      <trkpt lat="54.580071" lon="-2.215608">
        <ele>393.25</ele>
      </trkpt>
      <trkpt lat="54.580094" lon="-2.215172">
        <ele>392</ele>
      </trkpt>
      <trkpt lat="54.580096" lon="-2.214421">
        <ele>389.75</ele>
      </trkpt>
      <trkpt lat="54.580064" lon="-2.213994">
        <ele>388.75</ele>
      </trkpt>
      <trkpt lat="54.580009" lon="-2.213446">
        <ele>387.25</ele>
      </trkpt>
      <trkpt lat="54.580026" lon="-2.213209">
        <ele>386.25</ele>
      </trkpt>
      <trkpt lat="54.580108" lon="-2.212791">
        <ele>383.75</ele>
      </trkpt>
      <trkpt lat="54.580125" lon="-2.212674">
        <ele>383.25</ele>
      </trkpt>
      <trkpt lat="54.580133" lon="-2.212569">
        <ele>383</ele>
      </trkpt>
      <trkpt lat="54.580127" lon="-2.212322">
        <ele>380.75</ele>
      </trkpt>
      <trkpt lat="54.580129" lon="-2.212218">
        <ele>379.75</ele>
      </trkpt>
      <trkpt lat="54.580155" lon="-2.212046">
        <ele>378.25</ele>
      </trkpt>
      <trkpt lat="54.580324" lon="-2.211514">
        <ele>378.25</ele>
      </trkpt>
      <trkpt lat="54.580416" lon="-2.211153">
        <ele>376.5</ele>
      </trkpt>
      <trkpt lat="54.580485" lon="-2.21081">
        <ele>375.25</ele>
      </trkpt>
      <trkpt lat="54.580572" lon="-2.2103">
        <ele>373</ele>
      </trkpt>
      <trkpt lat="54.580755" lon="-2.209136">
        <ele>367.25</ele>
      </trkpt>
      <trkpt lat="54.580915" lon="-2.208361">
        <ele>365.25</ele>
      </trkpt>
      <trkpt lat="54.580941" lon="-2.208294">
        <ele>365</ele>
      </trkpt>
      <trkpt lat="54.581047" lon="-2.208096">
        <ele>364.5</ele>
      </trkpt>
      <trkpt lat="54.581074" lon="-2.208001">
        <ele>364.25</ele>
      </trkpt>
      <trkpt lat="54.581103" lon="-2.207804">
        <ele>364.25</ele>
      </trkpt>
      <trkpt lat="54.581156" lon="-2.207552">
        <ele>363.75</ele>
      </trkpt>
      <trkpt lat="54.581244" lon="-2.207186">
        <ele>362.75</ele>
      </trkpt>
      <trkpt lat="54.581348" lon="-2.206854">
        <ele>361</ele>
      </trkpt>
      <trkpt lat="54.581537" lon="-2.206318">
        <ele>358.25</ele>
      </trkpt>
      <trkpt lat="54.581635" lon="-2.206187">
        <ele>356.75</ele>
      </trkpt>
      <trkpt lat="54.581682" lon="-2.206159">
        <ele>356.25</ele>
      </trkpt>
      <trkpt lat="54.582035" lon="-2.206077">
        <ele>358</ele>
      </trkpt>
      <trkpt lat="54.582139" lon="-2.206055">
        <ele>358.5</ele>
      </trkpt>
      <trkpt lat="54.582207" lon="-2.206009">
        <ele>358.75</ele>
      </trkpt>
      <trkpt lat="54.582255" lon="-2.205937">
        <ele>358.75</ele>
      </trkpt>
      <trkpt lat="54.58229" lon="-2.205837">
        <ele>358.75</ele>
      </trkpt>
      <trkpt lat="54.582344" lon="-2.205584">
        <ele>358.75</ele>
      </trkpt>
      <trkpt lat="54.582392" lon="-2.205418">
        <ele>358.75</ele>
      </trkpt>
      <trkpt lat="54.582454" lon="-2.205265">
        <ele>359</ele>
      </trkpt>
      <trkpt lat="54.582537" lon="-2.205124">
        <ele>359.5</ele>
      </trkpt>
      <trkpt lat="54.582745" lon="-2.204838">
        <ele>361.75</ele>
      </trkpt>
      <trkpt lat="54.582802" lon="-2.204777">
        <ele>362.5</ele>
      </trkpt>
      <trkpt lat="54.582864" lon="-2.204692">
        <ele>363</ele>
      </trkpt>
      <trkpt lat="54.582895" lon="-2.20465">
        <ele>363.5</ele>
      </trkpt>
      <trkpt lat="54.582955" lon="-2.204525">
        <ele>364</ele>
      </trkpt>
      <trkpt lat="54.582994" lon="-2.204413">
        <ele>364.5</ele>
      </trkpt>
      <trkpt lat="54.583031" lon="-2.20427">
        <ele>364.75</ele>
      </trkpt>
      <trkpt lat="54.583095" lon="-2.203957">
        <ele>365</ele>
      </trkpt>
      <trkpt lat="54.583144" lon="-2.203793">
        <ele>365.5</ele>
      </trkpt>
      <trkpt lat="54.583337" lon="-2.203365">
        <ele>368</ele>
      </trkpt>
      <trkpt lat="54.583418" lon="-2.203158">
        <ele>369.25</ele>
      </trkpt>
      <trkpt lat="54.583495" lon="-2.202936">
        <ele>370.5</ele>
      </trkpt>
      <trkpt lat="54.583552" lon="-2.202716">
        <ele>371.25</ele>
      </trkpt>
      <trkpt lat="54.583732" lon="-2.201796">
        <ele>374</ele>
      </trkpt>
      <trkpt lat="54.583794" lon="-2.201424">
        <ele>375.25</ele>
      </trkpt>
      <trkpt lat="54.583871" lon="-2.200777">
        <ele>376.25</ele>
      </trkpt>
      <trkpt lat="54.583903" lon="-2.200566">
        <ele>376.5</ele>
      </trkpt>
      <trkpt lat="54.583937" lon="-2.200406">
        <ele>377</ele>
      </trkpt>
      <trkpt lat="54.583981" lon="-2.200254">
        <ele>377.75</ele>
      </trkpt>
      <trkpt lat="54.584075" lon="-2.200016">
        <ele>379.5</ele>
      </trkpt>
      <trkpt lat="54.584261" lon="-2.199723">
        <ele>381.75</ele>
      </trkpt>
      <trkpt lat="54.584458" lon="-2.19947">
        <ele>383</ele>
      </trkpt>
      <trkpt lat="54.584574" lon="-2.199347">
        <ele>384</ele>
      </trkpt>
      <trkpt lat="54.584691" lon="-2.199261">
        <ele>385.25</ele>
      </trkpt>
      <trkpt lat="54.584778" lon="-2.199242">
        <ele>386.25</ele>
      </trkpt>
      <trkpt lat="54.58487" lon="-2.199253">
        <ele>387.5</ele>
      </trkpt>
      <trkpt lat="54.584962" lon="-2.199302">
        <ele>388.75</ele>
      </trkpt>
      <trkpt lat="54.585039" lon="-2.199365">
        <ele>389.75</ele>
      </trkpt>
      <trkpt lat="54.585119" lon="-2.199448">
        <ele>390.25</ele>
      </trkpt>
      <trkpt lat="54.585187" lon="-2.199553">
        <ele>391</ele>
      </trkpt>
      <trkpt lat="54.585265" lon="-2.199622">
        <ele>391.5</ele>
      </trkpt>
      <trkpt lat="54.585337" lon="-2.19965">
        <ele>391.75</ele>
      </trkpt>
      <trkpt lat="54.585422" lon="-2.199633">
        <ele>392</ele>
      </trkpt>
      <trkpt lat="54.585494" lon="-2.199582">
        <ele>392.25</ele>
      </trkpt>
      <trkpt lat="54.585548" lon="-2.199507">
        <ele>392.25</ele>
      </trkpt>
      <trkpt lat="54.585591" lon="-2.199405">
        <ele>392.25</ele>
      </trkpt>
      <trkpt lat="54.585641" lon="-2.199232">
        <ele>392</ele>
      </trkpt>
      <trkpt lat="54.585727" lon="-2.198851">
        <ele>391.75</ele>
      </trkpt>
      <trkpt lat="54.585802" lon="-2.198441">
        <ele>391.75</ele>
      </trkpt>
      <trkpt lat="54.58599" lon="-2.197285">
        <ele>393.25</ele>
      </trkpt>
      <trkpt lat="54.58604" lon="-2.196829">
        <ele>394</ele>
      </trkpt>
      <trkpt lat="54.586083" lon="-2.196236">
        <ele>393.75</ele>
      </trkpt>
      <trkpt lat="54.586223" lon="-2.193276">
        <ele>390.75</ele>
      </trkpt>
      <trkpt lat="54.586233" lon="-2.19255">
        <ele>389.75</ele>
      </trkpt>
      <trkpt lat="54.586228" lon="-2.189516">
        <ele>385.25</ele>
      </trkpt>
      <trkpt lat="54.586237" lon="-2.189093">
        <ele>384.75</ele>
      </trkpt>
      <trkpt lat="54.586257" lon="-2.188676">
        <ele>384</ele>
      </trkpt>
      <trkpt lat="54.586312" lon="-2.187972">
        <ele>383</ele>
      </trkpt>
      <trkpt lat="54.586377" lon="-2.187392">
        <ele>382.25</ele>
      </trkpt>
      <trkpt lat="54.586433" lon="-2.187031">
        <ele>381.5</ele>
      </trkpt>
      <trkpt lat="54.586501" lon="-2.186702">
        <ele>380.5</ele>
      </trkpt>
      <trkpt lat="54.586627" lon="-2.186205">
        <ele>380.25</ele>
      </trkpt>
      <trkpt lat="54.586743" lon="-2.18582">
        <ele>380</ele>
      </trkpt>
      <trkpt lat="54.586911" lon="-2.185386">
        <ele>379</ele>
      </trkpt>
      <trkpt lat="54.587566" lon="-2.183991">
        <ele>376.75</ele>
      </trkpt>
      <trkpt lat="54.58773" lon="-2.183634">
        <ele>376.75</ele>
      </trkpt>
      <trkpt lat="54.589279" lon="-2.180174">
        <ele>369.75</ele>
      </trkpt>
      <trkpt lat="54.589385" lon="-2.179978">
        <ele>368.75</ele>
      </trkpt>
      <trkpt lat="54.589582" lon="-2.179705">
        <ele>367.5</ele>
      </trkpt>
      <trkpt lat="54.589687" lon="-2.179591">
        <ele>367</ele>
      </trkpt>
      <trkpt lat="54.589803" lon="-2.179426">
        <ele>366.25</ele>
      </trkpt>
      <trkpt lat="54.589961" lon="-2.179125">
        <ele>365</ele>
      </trkpt>
      <trkpt lat="54.590091" lon="-2.178885">
        <ele>365.5</ele>
      </trkpt>
      <trkpt lat="54.590196" lon="-2.178696">
        <ele>366.5</ele>
      </trkpt>
      <trkpt lat="54.590267" lon="-2.178526">
        <ele>367.25</ele>
      </trkpt>
      <trkpt lat="54.590314" lon="-2.178344">
        <ele>367.75</ele>
      </trkpt>
      <trkpt lat="54.590342" lon="-2.178196">
        <ele>368</ele>
      </trkpt>
      <trkpt lat="54.590356" lon="-2.178071">
        <ele>368.25</ele>
      </trkpt>
      <trkpt lat="54.590392" lon="-2.177539">
        <ele>368.5</ele>
      </trkpt>
      <trkpt lat="54.590415" lon="-2.177396">
        <ele>369</ele>
      </trkpt>
      <trkpt lat="54.590455" lon="-2.177227">
        <ele>369.5</ele>
      </trkpt>
      <trkpt lat="54.590509" lon="-2.177129">
        <ele>370.25</ele>
      </trkpt>
      <trkpt lat="54.590572" lon="-2.177062">
        <ele>371</ele>
      </trkpt>
      <trkpt lat="54.591284" lon="-2.176717">
        <ele>378.75</ele>
      </trkpt>
      <trkpt lat="54.591374" lon="-2.176642">
        <ele>379.5</ele>
      </trkpt>
      <trkpt lat="54.591435" lon="-2.176545">
        <ele>379.75</ele>
      </trkpt>
      <trkpt lat="54.591467" lon="-2.176461">
        <ele>380</ele>
      </trkpt>
      <trkpt lat="54.5915" lon="-2.176336">
        <ele>380</ele>
      </trkpt>
      <trkpt lat="54.591509" lon="-2.176249">
        <ele>380</ele>
      </trkpt>
      <trkpt lat="54.591524" lon="-2.175987">
        <ele>379.75</ele>
      </trkpt>
      <trkpt lat="54.591423" lon="-2.169717">
        <ele>371.5</ele>
      </trkpt>
      <trkpt lat="54.59132" lon="-2.163158">
        <ele>361.75</ele>
      </trkpt>
      <trkpt lat="54.591319" lon="-2.161147">
        <ele>360</ele>
      </trkpt>
      <trkpt lat="54.591302" lon="-2.160719">
        <ele>360.75</ele>
      </trkpt>
      <trkpt lat="54.591269" lon="-2.160429">
        <ele>361.25</ele>
      </trkpt>
      <trkpt lat="54.590982" lon="-2.159164">
        <ele>361.25</ele>
      </trkpt>
      <trkpt lat="54.590903" lon="-2.158646">
        <ele>362.25</ele>
      </trkpt>
      <trkpt lat="54.590883" lon="-2.158388">
        <ele>363</ele>
      </trkpt>
      <trkpt lat="54.590821" lon="-2.157238">
        <ele>360</ele>
      </trkpt>
      <trkpt lat="54.590823" lon="-2.157055">
        <ele>359.75</ele>
      </trkpt>
      <trkpt lat="54.590845" lon="-2.156882">
        <ele>359.5</ele>
      </trkpt>
      <trkpt lat="54.590892" lon="-2.156743">
        <ele>359.25</ele>
      </trkpt>
      <trkpt lat="54.590943" lon="-2.156642">
        <ele>359</ele>
      </trkpt>
      <trkpt lat="54.591028" lon="-2.156511">
        <ele>359</ele>
      </trkpt>
      <trkpt lat="54.59115" lon="-2.156332">
        <ele>359</ele>
      </trkpt>
      <trkpt lat="54.591378" lon="-2.155967">
        <ele>359.75</ele>
      </trkpt>
      <trkpt lat="54.591461" lon="-2.155862">
        <ele>360.5</ele>
      </trkpt>
      <trkpt lat="54.591514" lon="-2.155814">
        <ele>360.75</ele>
      </trkpt>
      <trkpt lat="54.591591" lon="-2.155753">
        <ele>361.5</ele>
      </trkpt>
      <trkpt lat="54.59164" lon="-2.155705">
        <ele>362</ele>
      </trkpt>
      <trkpt lat="54.591702" lon="-2.155597">
        <ele>362.75</ele>
      </trkpt>
      <trkpt lat="54.591732" lon="-2.155497">
        <ele>363.25</ele>
      </trkpt>
      <trkpt lat="54.591742" lon="-2.155367">
        <ele>363.75</ele>
      </trkpt>
      <trkpt lat="54.591703" lon="-2.154274">
        <ele>365.25</ele>
      </trkpt>
      <trkpt lat="54.591721" lon="-2.153673">
        <ele>366.75</ele>
      </trkpt>
      <trkpt lat="54.59178" lon="-2.15309">
        <ele>368.5</ele>
      </trkpt>
      <trkpt lat="54.591817" lon="-2.152811">
        <ele>369.25</ele>
      </trkpt>
      <trkpt lat="54.591955" lon="-2.151667">
        <ele>372.25</ele>
      </trkpt>
      <trkpt lat="54.592003" lon="-2.151197">
        <ele>372.75</ele>
      </trkpt>
      <trkpt lat="54.592093" lon="-2.150109">
        <ele>373.5</ele>
      </trkpt>
      <trkpt lat="54.592299" lon="-2.146296">
        <ele>374.5</ele>
      </trkpt>
      <trkpt lat="54.592739" lon="-2.137702">
        <ele>367.5</ele>
      </trkpt>
      <trkpt lat="54.592776" lon="-2.136974">
        <ele>366.5</ele>
      </trkpt>
      <trkpt lat="54.592971" lon="-2.133052">
        <ele>362</ele>
      </trkpt>
      <trkpt lat="54.593004" lon="-2.13263">
        <ele>361.5</ele>
      </trkpt>
      <trkpt lat="54.593038" lon="-2.132307">
        <ele>361.25</ele>
      </trkpt>
      <trkpt lat="54.593446" lon="-2.130278">
        <ele>362</ele>
      </trkpt>
      <trkpt lat="54.593579" lon="-2.129718">
        <ele>362.5</ele>
      </trkpt>
      <trkpt lat="54.594786" lon="-2.125928">
        <ele>359.5</ele>
      </trkpt>
      <trkpt lat="54.594852" lon="-2.125654">
        <ele>358.75</ele>
      </trkpt>
      <trkpt lat="54.594943" lon="-2.125345">
        <ele>357.75</ele>
      </trkpt>
      <trkpt lat="54.595018" lon="-2.125139">
        <ele>357</ele>
      </trkpt>
      <trkpt lat="54.595056" lon="-2.125064">
        <ele>357</ele>
      </trkpt>
      <trkpt lat="54.595165" lon="-2.12485">
        <ele>357.5</ele>
      </trkpt>
      <trkpt lat="54.595317" lon="-2.124594">
        <ele>358</ele>
      </trkpt>
      <trkpt lat="54.595776" lon="-2.123886">
        <ele>358</ele>
      </trkpt>
      <trkpt lat="54.595812" lon="-2.123831">
        <ele>358</ele>
      </trkpt>
      <trkpt lat="54.595889" lon="-2.123632">
        <ele>356.75</ele>
      </trkpt>
      <trkpt lat="54.595947" lon="-2.123438">
        <ele>355.5</ele>
      </trkpt>
      <trkpt lat="54.596052" lon="-2.122823">
        <ele>353.5</ele>
      </trkpt>
      <trkpt lat="54.596094" lon="-2.12197">
        <ele>350.25</ele>
      </trkpt>
      <trkpt lat="54.596118" lon="-2.121662">
        <ele>349.25</ele>
      </trkpt>
      <trkpt lat="54.596153" lon="-2.121471">
        <ele>348.75</ele>
      </trkpt>
      <trkpt lat="54.596216" lon="-2.121281">
        <ele>348.25</ele>
      </trkpt>
      <trkpt lat="54.59633" lon="-2.120992">
        <ele>347.75</ele>
      </trkpt>
      <trkpt lat="54.596596" lon="-2.120369">
        <ele>345.5</ele>
      </trkpt>
      <trkpt lat="54.596957" lon="-2.119642">
        <ele>344</ele>
      </trkpt>
      <trkpt lat="54.597308" lon="-2.11903">
        <ele>343.75</ele>
      </trkpt>
      <trkpt lat="54.597968" lon="-2.118025">
        <ele>343</ele>
      </trkpt>
      <trkpt lat="54.598222" lon="-2.117593">
        <ele>343.5</ele>
      </trkpt>
      <trkpt lat="54.598493" lon="-2.117002">
        <ele>343.25</ele>
      </trkpt>
      <trkpt lat="54.599961" lon="-2.113553">
        <ele>340.5</ele>
      </trkpt>
      <trkpt lat="54.600234" lon="-2.112921">
        <ele>341</ele>
      </trkpt>
      <trkpt lat="54.60027" lon="-2.112838">
        <ele>341</ele>
      </trkpt>
      <trkpt lat="54.600401" lon="-2.112537">
        <ele>341.75</ele>
      </trkpt>
      <trkpt lat="54.600454" lon="-2.11242">
        <ele>342.25</ele>
      </trkpt>
      <trkpt lat="54.600707" lon="-2.111901">
        <ele>344.5</ele>
      </trkpt>
      <trkpt lat="54.600753" lon="-2.111758">
        <ele>344.75</ele>
      </trkpt>
      <trkpt lat="54.600778" lon="-2.11161">
        <ele>345</ele>
      </trkpt>
      <trkpt lat="54.600776" lon="-2.111476">
        <ele>344.75</ele>
      </trkpt>
      <trkpt lat="54.600747" lon="-2.111119">
        <ele>344</ele>
      </trkpt>
      <trkpt lat="54.600745" lon="-2.110993">
        <ele>343.75</ele>
      </trkpt>
      <trkpt lat="54.600754" lon="-2.110814">
        <ele>343.75</ele>
      </trkpt>
      <trkpt lat="54.600784" lon="-2.110589">
        <ele>343.75</ele>
      </trkpt>
      <trkpt lat="54.600832" lon="-2.110392">
        <ele>344.25</ele>
      </trkpt>
      <trkpt lat="54.60103" lon="-2.109749">
        <ele>346.5</ele>
      </trkpt>
      <trkpt lat="54.601123" lon="-2.109482">
        <ele>347</ele>
      </trkpt>
      <trkpt lat="54.601206" lon="-2.109299">
        <ele>347.75</ele>
      </trkpt>
      <trkpt lat="54.601296" lon="-2.109146">
        <ele>348.25</ele>
      </trkpt>
      <trkpt lat="54.601374" lon="-2.109058">
        <ele>348.75</ele>
      </trkpt>
      <trkpt lat="54.601695" lon="-2.108757">
        <ele>350.75</ele>
      </trkpt>
      <trkpt lat="54.601813" lon="-2.108607">
        <ele>351</ele>
      </trkpt>
      <trkpt lat="54.601903" lon="-2.108457">
        <ele>351</ele>
      </trkpt>
      <trkpt lat="54.602053" lon="-2.108112">
        <ele>350.75</ele>
      </trkpt>
      <trkpt lat="54.602138" lon="-2.107964">
        <ele>351</ele>
      </trkpt>
      <trkpt lat="54.602235" lon="-2.107823">
        <ele>351.25</ele>
      </trkpt>
      <trkpt lat="54.602341" lon="-2.107692">
        <ele>352</ele>
      </trkpt>
      <trkpt lat="54.602463" lon="-2.107562">
        <ele>352.75</ele>
      </trkpt>
      <trkpt lat="54.602777" lon="-2.107297">
        <ele>353.5</ele>
      </trkpt>
      <trkpt lat="54.602878" lon="-2.107164">
        <ele>353.5</ele>
      </trkpt>
      <trkpt lat="54.603017" lon="-2.1069">
        <ele>353</ele>
      </trkpt>
      <trkpt lat="54.603156" lon="-2.106492">
        <ele>352.5</ele>
      </trkpt>
      <trkpt lat="54.603373" lon="-2.105776">
        <ele>353</ele>
      </trkpt>
      <trkpt lat="54.603531" lon="-2.105208">
        <ele>352.5</ele>
      </trkpt>
      <trkpt lat="54.603673" lon="-2.104869">
        <ele>352</ele>
      </trkpt>
      <trkpt lat="54.603899" lon="-2.104465">
        <ele>351.5</ele>
      </trkpt>
      <trkpt lat="54.603976" lon="-2.104298">
        <ele>351.25</ele>
      </trkpt>
      <trkpt lat="54.604145" lon="-2.103681">
        <ele>349.75</ele>
      </trkpt>
      <trkpt lat="54.604312" lon="-2.103279">
        <ele>349.25</ele>
      </trkpt>
      <trkpt lat="54.604433" lon="-2.103043">
        <ele>349.5</ele>
      </trkpt>
      <trkpt lat="54.604759" lon="-2.102586">
        <ele>349</ele>
      </trkpt>
      <trkpt lat="54.604944" lon="-2.102366">
        <ele>348.5</ele>
      </trkpt>
      <trkpt lat="54.605344" lon="-2.101889">
        <ele>350</ele>
      </trkpt>
      <trkpt lat="54.605428" lon="-2.101744">
        <ele>350.25</ele>
      </trkpt>
      <trkpt lat="54.605555" lon="-2.101501">
        <ele>350.75</ele>
      </trkpt>
      <trkpt lat="54.605613" lon="-2.101303">
        <ele>350.75</ele>
      </trkpt>
      <trkpt lat="54.605654" lon="-2.101137">
        <ele>350.5</ele>
      </trkpt>
      <trkpt lat="54.605793" lon="-2.100317">
        <ele>350</ele>
      </trkpt>
      <trkpt lat="54.605864" lon="-2.10005">
        <ele>350.5</ele>
      </trkpt>
      <trkpt lat="54.60659" lon="-2.097974">
        <ele>351.25</ele>
      </trkpt>
      <trkpt lat="54.606632" lon="-2.097754">
        <ele>350.75</ele>
      </trkpt>
      <trkpt lat="54.606668" lon="-2.097357">
        <ele>349</ele>
      </trkpt>
      <trkpt lat="54.606677" lon="-2.096928">
        <ele>346.5</ele>
      </trkpt>
      <trkpt lat="54.606645" lon="-2.095963">
        <ele>342</ele>
      </trkpt>
      <trkpt lat="54.606667" lon="-2.09562">
        <ele>340.75</ele>
      </trkpt>
      <trkpt lat="54.606852" lon="-2.094654">
        <ele>336.5</ele>
      </trkpt>
      <trkpt lat="54.606939" lon="-2.093822">
        <ele>332.75</ele>
      </trkpt>
      <trkpt lat="54.607011" lon="-2.093179">
        <ele>329.75</ele>
      </trkpt>
      <trkpt lat="54.607078" lon="-2.092877">
        <ele>328.75</ele>
      </trkpt>
      <trkpt lat="54.607208" lon="-2.092617">
        <ele>328</ele>
      </trkpt>
      <trkpt lat="54.607396" lon="-2.092372">
        <ele>327.5</ele>
      </trkpt>
      <trkpt lat="54.607509" lon="-2.092142">
        <ele>327</ele>
      </trkpt>
      <trkpt lat="54.607616" lon="-2.091752">
        <ele>326</ele>
      </trkpt>
      <trkpt lat="54.607941" lon="-2.090401">
        <ele>320.25</ele>
      </trkpt>
      <trkpt lat="54.608075" lon="-2.08961">
        <ele>315.5</ele>
      </trkpt>
      <trkpt lat="54.60821" lon="-2.088635">
        <ele>310</ele>
      </trkpt>
      <trkpt lat="54.608319" lon="-2.087773">
        <ele>305.25</ele>
      </trkpt>
      <trkpt lat="54.608328" lon="-2.087417">
        <ele>303.5</ele>
      </trkpt>
      <trkpt lat="54.608289" lon="-2.0871">
        <ele>301.5</ele>
      </trkpt>
      <trkpt lat="54.608197" lon="-2.086492">
        <ele>297.5</ele>
      </trkpt>
      <trkpt lat="54.608191" lon="-2.086264">
        <ele>296.5</ele>
      </trkpt>
      <trkpt lat="54.608237" lon="-2.086027">
        <ele>295.5</ele>
      </trkpt>
      <trkpt lat="54.608309" lon="-2.085888">
        <ele>295</ele>
      </trkpt>
      <trkpt lat="54.608518" lon="-2.085541">
        <ele>295.75</ele>
      </trkpt>
      <trkpt lat="54.608644" lon="-2.08536">
        <ele>296.25</ele>
      </trkpt>
      <trkpt lat="54.608706" lon="-2.085254">
        <ele>296.5</ele>
      </trkpt>
      <trkpt lat="54.608726" lon="-2.08522">
        <ele>296.5</ele>
      </trkpt>
      <trkpt lat="54.608845" lon="-2.08495">
        <ele>296.25</ele>
      </trkpt>
      <trkpt lat="54.609109" lon="-2.084328">
        <ele>296.25</ele>
      </trkpt>
      <trkpt lat="54.609358" lon="-2.08372">
        <ele>295.5</ele>
      </trkpt>
      <trkpt lat="54.60946" lon="-2.083481">
        <ele>294.75</ele>
      </trkpt>
      <trkpt lat="54.609589" lon="-2.083206">
        <ele>294</ele>
      </trkpt>
      <trkpt lat="54.609715" lon="-2.08298">
        <ele>293.75</ele>
      </trkpt>
      <trkpt lat="54.609819" lon="-2.082818">
        <ele>293.5</ele>
      </trkpt>
      <trkpt lat="54.609934" lon="-2.082667">
        <ele>293.5</ele>
      </trkpt>
      <trkpt lat="54.609984" lon="-2.082573">
        <ele>293.25</ele>
      </trkpt>
      <trkpt lat="54.610029" lon="-2.08244">
        <ele>293</ele>
      </trkpt>
      <trkpt lat="54.610059" lon="-2.082289">
        <ele>292.5</ele>
      </trkpt>
      <trkpt lat="54.610074" lon="-2.082134">
        <ele>291.75</ele>
      </trkpt>
      <trkpt lat="54.610079" lon="-2.081982">
        <ele>291</ele>
      </trkpt>
      <trkpt lat="54.610072" lon="-2.081735">
        <ele>289.5</ele>
      </trkpt>
      <trkpt lat="54.610076" lon="-2.081551">
        <ele>288.75</ele>
      </trkpt>
      <trkpt lat="54.610091" lon="-2.081387">
        <ele>288.5</ele>
      </trkpt>
      <trkpt lat="54.610124" lon="-2.081184">
        <ele>288.25</ele>
      </trkpt>
      <trkpt lat="54.610179" lon="-2.080976">
        <ele>288</ele>
      </trkpt>
      <trkpt lat="54.610243" lon="-2.080776">
        <ele>288</ele>
      </trkpt>
      <trkpt lat="54.610305" lon="-2.080667">
        <ele>288</ele>
      </trkpt>
      <trkpt lat="54.610439" lon="-2.08049">
        <ele>288</ele>
      </trkpt>
      <trkpt lat="54.610555" lon="-2.080314">
        <ele>287.5</ele>
      </trkpt>
      <trkpt lat="54.610617" lon="-2.080201">
        <ele>287</ele>
      </trkpt>
      <trkpt lat="54.610674" lon="-2.08004">
        <ele>285.75</ele>
      </trkpt>
      <trkpt lat="54.610713" lon="-2.079847">
        <ele>285</ele>
      </trkpt>
      <trkpt lat="54.610816" lon="-2.078813">
        <ele>281.5</ele>
      </trkpt>
      <trkpt lat="54.610975" lon="-2.077751">
        <ele>280</ele>
      </trkpt>
      <trkpt lat="54.611278" lon="-2.076044">
        <ele>276.75</ele>
      </trkpt>
      <trkpt lat="54.611376" lon="-2.075664">
        <ele>275.75</ele>
      </trkpt>
      <trkpt lat="54.611863" lon="-2.074469">
        <ele>273.5</ele>
      </trkpt>
      <trkpt lat="54.612032" lon="-2.074106">
        <ele>272.5</ele>
      </trkpt>
      <trkpt lat="54.612174" lon="-2.073818">
        <ele>271</ele>
      </trkpt>
      <trkpt lat="54.612614" lon="-2.072868">
        <ele>262.25</ele>
      </trkpt>
      <trkpt lat="54.612794" lon="-2.072534">
        <ele>258.75</ele>
      </trkpt>
      <trkpt lat="54.612949" lon="-2.072375">
        <ele>257.25</ele>
      </trkpt>
      <trkpt lat="54.613144" lon="-2.0723">
        <ele>256.5</ele>
      </trkpt>
      <trkpt lat="54.613288" lon="-2.072309">
        <ele>256.5</ele>
      </trkpt>
      <trkpt lat="54.613407" lon="-2.072367">
        <ele>256.25</ele>
      </trkpt>
      <trkpt lat="54.613485" lon="-2.072443">
        <ele>255.75</ele>
      </trkpt>
      <trkpt lat="54.613564" lon="-2.072588">
        <ele>256</ele>
      </trkpt>
      <trkpt lat="54.613888" lon="-2.073341">
        <ele>256.5</ele>
      </trkpt>
      <trkpt lat="54.616292" lon="-2.079096">
        <ele>240.75</ele>
      </trkpt>
      <trkpt lat="54.616338" lon="-2.07915">
        <ele>240.5</ele>
      </trkpt>
      <trkpt lat="54.616384" lon="-2.079197">
        <ele>240</ele>
      </trkpt>
      <trkpt lat="54.616574" lon="-2.079806">
        <ele>238.75</ele>
      </trkpt>
      <trkpt lat="54.616627" lon="-2.080093">
        <ele>238.5</ele>
      </trkpt>
      <trkpt lat="54.616675" lon="-2.080399">
        <ele>239.25</ele>
      </trkpt>
      <trkpt lat="54.616812" lon="-2.081275">
        <ele>241.5</ele>
      </trkpt>
      <trkpt lat="54.61687" lon="-2.081545">
        <ele>242</ele>
      </trkpt>
      <trkpt lat="54.616947" lon="-2.0818">
        <ele>242.5</ele>
      </trkpt>
      <trkpt lat="54.61708" lon="-2.082168">
        <ele>243.5</ele>
      </trkpt>
      <trkpt lat="54.617297" lon="-2.082707">
        <ele>244.5</ele>
      </trkpt>
      <trkpt lat="54.617582" lon="-2.083311">
        <ele>245.25</ele>
      </trkpt>
      <trkpt lat="54.618111" lon="-2.084214">
        <ele>244.5</ele>
      </trkpt>
      <trkpt lat="54.618643" lon="-2.085001">
        <ele>241.25</ele>
      </trkpt>
      <trkpt lat="54.618719" lon="-2.085077">
        <ele>240.5</ele>
      </trkpt>
      <trkpt lat="54.618791" lon="-2.085121">
        <ele>239.75</ele>
      </trkpt>
      <trkpt lat="54.61892" lon="-2.085136">
        <ele>238</ele>
      </trkpt>
      <trkpt lat="54.619597" lon="-2.085085">
        <ele>231</ele>
      </trkpt>
      <trkpt lat="54.619696" lon="-2.085083">
        <ele>230</ele>
      </trkpt>
      <trkpt lat="54.621425" lon="-2.085043">
        <ele>220</ele>
      </trkpt>
      <trkpt lat="54.62181" lon="-2.085012">
        <ele>219.75</ele>
      </trkpt>
      <trkpt lat="54.621881" lon="-2.08499">
        <ele>219.75</ele>
      </trkpt>
      <trkpt lat="54.621938" lon="-2.084958">
        <ele>219.5</ele>
      </trkpt>
      <trkpt lat="54.622011" lon="-2.084898">
        <ele>219.5</ele>
      </trkpt>
      <trkpt lat="54.622095" lon="-2.084808">
        <ele>219.75</ele>
      </trkpt>
      <trkpt lat="54.622164" lon="-2.084716">
        <ele>220</ele>
      </trkpt>
      <trkpt lat="54.62221" lon="-2.084636">
        <ele>220</ele>
      </trkpt>
      <trkpt lat="54.62231" lon="-2.084436">
        <ele>220.75</ele>
      </trkpt>
      <trkpt lat="54.622519" lon="-2.084004">
        <ele>222.5</ele>
      </trkpt>
      <trkpt lat="54.622553" lon="-2.083955">
        <ele>222.75</ele>
      </trkpt>
      <trkpt lat="54.62258" lon="-2.083922">
        <ele>223</ele>
      </trkpt>
      <trkpt lat="54.622631" lon="-2.083868">
        <ele>223.25</ele>
      </trkpt>
      <trkpt lat="54.622672" lon="-2.083834">
        <ele>223.75</ele>
      </trkpt>
      <trkpt lat="54.622878" lon="-2.08371">
        <ele>225</ele>
      </trkpt>
      <trkpt lat="54.622934" lon="-2.083677">
        <ele>225.25</ele>
      </trkpt>
      <trkpt lat="54.623622" lon="-2.083294">
        <ele>229.75</ele>
      </trkpt>
      <trkpt lat="54.623824" lon="-2.08317">
        <ele>230.25</ele>
      </trkpt>
      <trkpt lat="54.62402" lon="-2.083029">
        <ele>230.75</ele>
      </trkpt>
      <trkpt lat="54.624056" lon="-2.083002">
        <ele>230.75</ele>
      </trkpt>
      <trkpt lat="54.624122" lon="-2.083162">
        <ele>230.75</ele>
      </trkpt>
      <trkpt lat="54.624166" lon="-2.083218">
        <ele>230.75</ele>
      </trkpt>
      <trkpt lat="54.624215" lon="-2.083265">
        <ele>231</ele>
      </trkpt>
      <trkpt lat="54.62428" lon="-2.083297">
        <ele>231.25</ele>
      </trkpt>
      <trkpt lat="54.624622" lon="-2.083424">
        <ele>231.75</ele>
      </trkpt>
      <trkpt lat="54.624702" lon="-2.083458">
        <ele>231.75</ele>
      </trkpt>
      <trkpt lat="54.624909" lon="-2.083548">
        <ele>232</ele>
      </trkpt>
      <trkpt lat="54.625154" lon="-2.083615">
        <ele>233</ele>
      </trkpt>
      <trkpt lat="54.625286" lon="-2.083652">
        <ele>233.75</ele>
      </trkpt>
      <trkpt lat="54.625758" lon="-2.083728">
        <ele>236</ele>
      </trkpt>
      <trkpt lat="54.626015" lon="-2.083764">
        <ele>237.25</ele>
      </trkpt>
      <trkpt lat="54.626073" lon="-2.083795">
        <ele>237.5</ele>
      </trkpt>
      <trkpt lat="54.626156" lon="-2.083869">
        <ele>237.5</ele>
      </trkpt>
      <trkpt lat="54.626212" lon="-2.083941">
        <ele>237.75</ele>
      </trkpt>
      <trkpt lat="54.626242" lon="-2.084001">
        <ele>237.75</ele>
      </trkpt>
      <trkpt lat="54.626246" lon="-2.084048">
        <ele>238</ele>
      </trkpt>
      <trkpt lat="54.626221" lon="-2.084139">
        <ele>237.75</ele>
      </trkpt>
      <trkpt lat="54.626163" lon="-2.084239">
        <ele>237.25</ele>
      </trkpt>
      <trkpt lat="54.625724" lon="-2.084765">
        <ele>233</ele>
      </trkpt>
      <trkpt lat="54.625577" lon="-2.085049">
        <ele>232</ele>
      </trkpt>
      <trkpt lat="54.62552" lon="-2.085242">
        <ele>232.5</ele>
      </trkpt>
      <trkpt lat="54.62551" lon="-2.085383">
        <ele>233</ele>
      </trkpt>
      <trkpt lat="54.625517" lon="-2.085471">
        <ele>233.25</ele>
      </trkpt>
      <trkpt lat="54.625614" lon="-2.086385">
        <ele>236.25</ele>
      </trkpt>
      <trkpt lat="54.625704" lon="-2.087115">
        <ele>236.75</ele>
      </trkpt>
      <trkpt lat="54.625887" lon="-2.088092">
        <ele>236.75</ele>
      </trkpt>
      <trkpt lat="54.625927" lon="-2.088354">
        <ele>237</ele>
      </trkpt>
      <trkpt lat="54.625966" lon="-2.088718">
        <ele>237.5</ele>
      </trkpt>
      <trkpt lat="54.626021" lon="-2.089235">
        <ele>238.25</ele>
      </trkpt>
      <trkpt lat="54.626083" lon="-2.089907">
        <ele>238.25</ele>
      </trkpt>
      <trkpt lat="54.626114" lon="-2.090412">
        <ele>239.25</ele>
      </trkpt>
      <trkpt lat="54.626122" lon="-2.09117">
        <ele>240.75</ele>
      </trkpt>
      <trkpt lat="54.626118" lon="-2.091603">
        <ele>241.5</ele>
      </trkpt>
      <trkpt lat="54.626085" lon="-2.092426">
        <ele>242.75</ele>
      </trkpt>
      <trkpt lat="54.626069" lon="-2.092916">
        <ele>243.25</ele>
      </trkpt>
      <trkpt lat="54.626068" lon="-2.093324">
        <ele>243.5</ele>
      </trkpt>
      <trkpt lat="54.626074" lon="-2.093597">
        <ele>243.25</ele>
      </trkpt>
      <trkpt lat="54.626093" lon="-2.093882">
        <ele>243.5</ele>
      </trkpt>
      <trkpt lat="54.626123" lon="-2.094195">
        <ele>243.75</ele>
      </trkpt>
      <trkpt lat="54.626196" lon="-2.094614">
        <ele>244.5</ele>
      </trkpt>
      <trkpt lat="54.626322" lon="-2.095193">
        <ele>246</ele>
      </trkpt>
      <trkpt lat="54.626606" lon="-2.096382">
        <ele>248</ele>
      </trkpt>
      <trkpt lat="54.626806" lon="-2.097015">
        <ele>247.75</ele>
      </trkpt>
      <trkpt lat="54.62789" lon="-2.100077">
        <ele>246</ele>
      </trkpt>
      <trkpt lat="54.628507" lon="-2.101579">
        <ele>246</ele>
      </trkpt>
      <trkpt lat="54.628995" lon="-2.102717">
        <ele>244.25</ele>
      </trkpt>
      <trkpt lat="54.629737" lon="-2.104319">
        <ele>242.75</ele>
      </trkpt>
      <trkpt lat="54.630013" lon="-2.104994">
        <ele>240.25</ele>
      </trkpt>
      <trkpt lat="54.630141" lon="-2.105288">
        <ele>241</ele>
      </trkpt>
      <trkpt lat="54.630242" lon="-2.105484">
        <ele>241.75</ele>
      </trkpt>
      <trkpt lat="54.631352" lon="-2.107254">
        <ele>249</ele>
      </trkpt>
      <trkpt lat="54.631554" lon="-2.107595">
        <ele>250.5</ele>
      </trkpt>
      <trkpt lat="54.631862" lon="-2.108164">
        <ele>251.25</ele>
      </trkpt>
      <trkpt lat="54.632137" lon="-2.108733">
        <ele>251</ele>
      </trkpt>
      <trkpt lat="54.632313" lon="-2.109127">
        <ele>250.75</ele>
      </trkpt>
      <trkpt lat="54.632463" lon="-2.109511">
        <ele>250.25</ele>
      </trkpt>
      <trkpt lat="54.632825" lon="-2.110558">
        <ele>248.5</ele>
      </trkpt>
      <trkpt lat="54.633079" lon="-2.111261">
        <ele>246.25</ele>
      </trkpt>
      <trkpt lat="54.63319" lon="-2.111506">
        <ele>245.5</ele>
      </trkpt>
      <trkpt lat="54.633301" lon="-2.111686">
        <ele>245.5</ele>
      </trkpt>
      <trkpt lat="54.633417" lon="-2.111836">
        <ele>245.75</ele>
      </trkpt>
      <trkpt lat="54.633769" lon="-2.112204">
        <ele>247</ele>
      </trkpt>
      <trkpt lat="54.633909" lon="-2.112397">
        <ele>247</ele>
      </trkpt>
      <trkpt lat="54.634022" lon="-2.11259">
        <ele>246.5</ele>
      </trkpt>
      <trkpt lat="54.63419" lon="-2.112922">
        <ele>245.75</ele>
      </trkpt>
      <trkpt lat="54.634373" lon="-2.113301">
        <ele>245.75</ele>
      </trkpt>
      <trkpt lat="54.634532" lon="-2.113727">
        <ele>246.5</ele>
      </trkpt>
      <trkpt lat="54.634587" lon="-2.113928">
        <ele>246.25</ele>
      </trkpt>
      <trkpt lat="54.634655" lon="-2.114246">
        <ele>245.5</ele>
      </trkpt>
      <trkpt lat="54.634675" lon="-2.114423">
        <ele>244.75</ele>
      </trkpt>
      <trkpt lat="54.634691" lon="-2.114571">
        <ele>244</ele>
      </trkpt>
      <trkpt lat="54.634769" lon="-2.115707">
        <ele>240.75</ele>
      </trkpt>
      <trkpt lat="54.634821" lon="-2.11619">
        <ele>240.25</ele>
      </trkpt>
      <trkpt lat="54.634888" lon="-2.116649">
        <ele>239.75</ele>
      </trkpt>
      <trkpt lat="54.634984" lon="-2.117067">
        <ele>239.25</ele>
      </trkpt>
      <trkpt lat="54.63529" lon="-2.118107">
        <ele>241</ele>
      </trkpt>
      <trkpt lat="54.635366" lon="-2.118343">
        <ele>241.25</ele>
      </trkpt>
      <trkpt lat="54.635473" lon="-2.118586">
        <ele>241.75</ele>
      </trkpt>
      <trkpt lat="54.635919" lon="-2.119489">
        <ele>242.5</ele>
      </trkpt>
      <trkpt lat="54.636124" lon="-2.11995">
        <ele>242.75</ele>
      </trkpt>
      <trkpt lat="54.636251" lon="-2.120317">
        <ele>243.5</ele>
      </trkpt>
      <trkpt lat="54.636354" lon="-2.120725">
        <ele>243.75</ele>
      </trkpt>
      <trkpt lat="54.636447" lon="-2.121208">
        <ele>243.75</ele>
      </trkpt>
      <trkpt lat="54.636521" lon="-2.121566">
        <ele>243.25</ele>
      </trkpt>
      <trkpt lat="54.636623" lon="-2.121945">
        <ele>243</ele>
      </trkpt>
      <trkpt lat="54.637188" lon="-2.123376">
        <ele>244.5</ele>
      </trkpt>
      <trkpt lat="54.637297" lon="-2.123595">
        <ele>245.25</ele>
      </trkpt>
      <trkpt lat="54.637431" lon="-2.123838">
        <ele>245.75</ele>
      </trkpt>
      <trkpt lat="54.637933" lon="-2.12458">
        <ele>247.75</ele>
      </trkpt>
      <trkpt lat="54.638241" lon="-2.125062">
        <ele>248.25</ele>
      </trkpt>
      <trkpt lat="54.638492" lon="-2.125538">
        <ele>248.5</ele>
      </trkpt>
      <trkpt lat="54.638967" lon="-2.126532">
        <ele>249</ele>
      </trkpt>
      <trkpt lat="54.639368" lon="-2.127422">
        <ele>251</ele>
      </trkpt>
      <trkpt lat="54.639686" lon="-2.128302">
        <ele>252.25</ele>
      </trkpt>
      <trkpt lat="54.63996" lon="-2.128847">
        <ele>252.75</ele>
      </trkpt>
      <trkpt lat="54.640125" lon="-2.129193">
        <ele>252.75</ele>
      </trkpt>
      <trkpt lat="54.640383" lon="-2.129676">
        <ele>253</ele>
      </trkpt>
      <trkpt lat="54.640526" lon="-2.12988">
        <ele>253.5</ele>
      </trkpt>
      <trkpt lat="54.641059" lon="-2.130494">
        <ele>255</ele>
      </trkpt>
      <trkpt lat="54.6412" lon="-2.130606">
        <ele>255.25</ele>
      </trkpt>
      <trkpt lat="54.641758" lon="-2.130951">
        <ele>257</ele>
      </trkpt>
      <trkpt lat="54.641973" lon="-2.131121">
        <ele>258</ele>
      </trkpt>
      <trkpt lat="54.642147" lon="-2.131304">
        <ele>258.25</ele>
      </trkpt>
      <trkpt lat="54.642326" lon="-2.131582">
        <ele>258.25</ele>
      </trkpt>
      <trkpt lat="54.642948" lon="-2.133027">
        <ele>260</ele>
      </trkpt>
      <trkpt lat="54.643002" lon="-2.1332">
        <ele>260</ele>
      </trkpt>
      <trkpt lat="54.643048" lon="-2.133379">
        <ele>260</ele>
      </trkpt>
      <trkpt lat="54.6432" lon="-2.134083">
        <ele>260.25</ele>
      </trkpt>
      <trkpt lat="54.643267" lon="-2.134321">
        <ele>260.5</ele>
      </trkpt>
      <trkpt lat="54.643365" lon="-2.134581">
        <ele>261</ele>
      </trkpt>
      <trkpt lat="54.643479" lon="-2.13484">
        <ele>262</ele>
      </trkpt>
      <trkpt lat="54.644814" lon="-2.133977">
        <ele>272.75</ele>
      </trkpt>
      <trkpt lat="54.644883" lon="-2.134023">
        <ele>273.25</ele>
      </trkpt>
      <trkpt lat="54.645003" lon="-2.134165">
        <ele>274</ele>
      </trkpt>
      <trkpt lat="54.6451" lon="-2.134388">
        <ele>274.5</ele>
      </trkpt>
      <trkpt lat="54.645195" lon="-2.134523">
        <ele>275.25</ele>
      </trkpt>
      <trkpt lat="54.645311" lon="-2.13464">
        <ele>276.25</ele>
      </trkpt>
      <trkpt lat="54.645712" lon="-2.134924">
        <ele>280.5</ele>
      </trkpt>
      <trkpt lat="54.646085" lon="-2.135236">
        <ele>283.75</ele>
      </trkpt>
      <trkpt lat="54.646458" lon="-2.135509">
        <ele>287</ele>
      </trkpt>
      <trkpt lat="54.64667" lon="-2.135645">
        <ele>289</ele>
      </trkpt>
      <trkpt lat="54.646889" lon="-2.135721">
        <ele>291</ele>
      </trkpt>
      <trkpt lat="54.647534" lon="-2.135826">
        <ele>297.25</ele>
      </trkpt>
      <trkpt lat="54.647952" lon="-2.135872">
        <ele>301.5</ele>
      </trkpt>
      <trkpt lat="54.648583" lon="-2.135878">
        <ele>308</ele>
      </trkpt>
      <trkpt lat="54.648795" lon="-2.135844">
        <ele>310.25</ele>
      </trkpt>
      <trkpt lat="54.648942" lon="-2.135746">
        <ele>312.25</ele>
      </trkpt>
      <trkpt lat="54.64909" lon="-2.135581">
        <ele>314.25</ele>
      </trkpt>
      <trkpt lat="54.649647" lon="-2.135235">
        <ele>320</ele>
      </trkpt>
      <trkpt lat="54.649756" lon="-2.135263">
        <ele>320.5</ele>
      </trkpt>
      <trkpt lat="54.650127" lon="-2.135619">
        <ele>322.5</ele>
      </trkpt>
      <trkpt lat="54.650392" lon="-2.135799">
        <ele>324.25</ele>
      </trkpt>
      <trkpt lat="54.650634" lon="-2.135868">
        <ele>326.25</ele>
      </trkpt>
      <trkpt lat="54.651774" lon="-2.135895">
        <ele>335.75</ele>
      </trkpt>
      <trkpt lat="54.651984" lon="-2.135919">
        <ele>337.5</ele>
      </trkpt>
      <trkpt lat="54.652525" lon="-2.136046">
        <ele>341.75</ele>
      </trkpt>
      <trkpt lat="54.652936" lon="-2.136131">
        <ele>344.25</ele>
      </trkpt>
      <trkpt lat="54.653051" lon="-2.136139">
        <ele>345</ele>
      </trkpt>
      <trkpt lat="54.656107" lon="-2.136556">
        <ele>366</ele>
      </trkpt>
      <trkpt lat="54.657363" lon="-2.136715">
        <ele>368</ele>
      </trkpt>
      <trkpt lat="54.6581" lon="-2.136809">
        <ele>370.5</ele>
      </trkpt>
      <trkpt lat="54.660411" lon="-2.13709">
        <ele>387</ele>
      </trkpt>
      <trkpt lat="54.662323" lon="-2.137289">
        <ele>394.75</ele>
      </trkpt>
      <trkpt lat="54.66246" lon="-2.137343">
        <ele>395.25</ele>
      </trkpt>
      <trkpt lat="54.662616" lon="-2.137492">
        <ele>395.25</ele>
      </trkpt>
      <trkpt lat="54.664089" lon="-2.138751">
        <ele>392.5</ele>
      </trkpt>
      <trkpt lat="54.664196" lon="-2.138842">
        <ele>392.25</ele>
      </trkpt>
      <trkpt lat="54.666103" lon="-2.140514">
        <ele>394.75</ele>
      </trkpt>
      <trkpt lat="54.666505" lon="-2.140856">
        <ele>395.75</ele>
      </trkpt>
      <trkpt lat="54.666844" lon="-2.14104">
        <ele>396.75</ele>
      </trkpt>
      <trkpt lat="54.666938" lon="-2.141109">
        <ele>396.75</ele>
      </trkpt>
      <trkpt lat="54.667055" lon="-2.141223">
        <ele>396.75</ele>
      </trkpt>
      <trkpt lat="54.667253" lon="-2.141409">
        <ele>397</ele>
      </trkpt>
      <trkpt lat="54.667434" lon="-2.141624">
        <ele>396.75</ele>
      </trkpt>
      <trkpt lat="54.667993" lon="-2.142488">
        <ele>401.5</ele>
      </trkpt>
      <trkpt lat="54.669261" lon="-2.144284">
        <ele>410.75</ele>
      </trkpt>
      <trkpt lat="54.670523" lon="-2.145791">
        <ele>423.25</ele>
      </trkpt>
      <trkpt lat="54.671062" lon="-2.146532">
        <ele>428.5</ele>
      </trkpt>
      <trkpt lat="54.672967" lon="-2.148769">
        <ele>444</ele>
      </trkpt>
      <trkpt lat="54.673925" lon="-2.149796">
        <ele>454.25</ele>
      </trkpt>
      <trkpt lat="54.675921" lon="-2.151649">
        <ele>475.5</ele>
      </trkpt>
      <trkpt lat="54.676308" lon="-2.15194">
        <ele>479</ele>
      </trkpt>
      <trkpt lat="54.677186" lon="-2.152379">
        <ele>483.5</ele>
      </trkpt>
      <trkpt lat="54.677773" lon="-2.152617">
        <ele>486</ele>
      </trkpt>
      <trkpt lat="54.678584" lon="-2.152894">
        <ele>493</ele>
      </trkpt>
      <trkpt lat="54.679068" lon="-2.153007">
        <ele>498</ele>
      </trkpt>
      <trkpt lat="54.679397" lon="-2.153124">
        <ele>501.5</ele>
      </trkpt>
      <trkpt lat="54.679639" lon="-2.153279">
        <ele>504.25</ele>
      </trkpt>
      <trkpt lat="54.680572" lon="-2.153779">
        <ele>510.75</ele>
      </trkpt>
      <trkpt lat="54.68123" lon="-2.15409">
        <ele>516.5</ele>
      </trkpt>
      <trkpt lat="54.6821" lon="-2.154446">
        <ele>524.5</ele>
      </trkpt>
      <trkpt lat="54.683731" lon="-2.154848">
        <ele>537.75</ele>
      </trkpt>
      <trkpt lat="54.684926" lon="-2.155084">
        <ele>547.25</ele>
      </trkpt>
      <trkpt lat="54.685118" lon="-2.155122">
        <ele>548.25</ele>
      </trkpt>
      <trkpt lat="54.686317" lon="-2.155278">
        <ele>555.5</ele>
      </trkpt>
      <trkpt lat="54.686837" lon="-2.155345">
        <ele>559.75</ele>
      </trkpt>
      <trkpt lat="54.687449" lon="-2.155395">
        <ele>566</ele>
      </trkpt>
      <trkpt lat="54.687517" lon="-2.155405">
        <ele>566.5</ele>
      </trkpt>
      <trkpt lat="54.687793" lon="-2.155443">
        <ele>568.75</ele>
      </trkpt>
      <trkpt lat="54.687898" lon="-2.15544">
        <ele>569.75</ele>
      </trkpt>
      <trkpt lat="54.688023" lon="-2.155416">
        <ele>570.75</ele>
      </trkpt>
      <trkpt lat="54.688134" lon="-2.155413">
        <ele>571.75</ele>
      </trkpt>
      <trkpt lat="54.688281" lon="-2.155445">
        <ele>572.75</ele>
      </trkpt>
      <trkpt lat="54.688441" lon="-2.155514">
        <ele>573.5</ele>
      </trkpt>
      <trkpt lat="54.690298" lon="-2.156406">
        <ele>588.5</ele>
      </trkpt>
      <trkpt lat="54.690527" lon="-2.156535">
        <ele>590.75</ele>
      </trkpt>
      <trkpt lat="54.693587" lon="-2.15869">
        <ele>608.5</ele>
      </trkpt>
      <trkpt lat="54.693609" lon="-2.158704">
        <ele>608.5</ele>
      </trkpt>
      <trkpt lat="54.693637" lon="-2.158719">
        <ele>608.5</ele>
      </trkpt>
      <trkpt lat="54.694511" lon="-2.159379">
        <ele>602.75</ele>
      </trkpt>
      <trkpt lat="54.695463" lon="-2.160097">
        <ele>596.5</ele>
      </trkpt>
      <trkpt lat="54.695662" lon="-2.160176">
        <ele>595</ele>
      </trkpt>
      <trkpt lat="54.695963" lon="-2.160165">
        <ele>591.5</ele>
      </trkpt>
      <trkpt lat="54.696127" lon="-2.160176">
        <ele>588.75</ele>
      </trkpt>
      <trkpt lat="54.696636" lon="-2.160314">
        <ele>580</ele>
      </trkpt>
      <trkpt lat="54.696826" lon="-2.160233">
        <ele>577</ele>
      </trkpt>
      <trkpt lat="54.69722" lon="-2.159867">
        <ele>571.75</ele>
      </trkpt>
      <trkpt lat="54.697606" lon="-2.159471">
        <ele>566.25</ele>
      </trkpt>
      <trkpt lat="54.697873" lon="-2.159015">
        <ele>561.75</ele>
      </trkpt>
      <trkpt lat="54.699492" lon="-2.155721">
        <ele>544</ele>
      </trkpt>
      <trkpt lat="54.699737" lon="-2.155297">
        <ele>541.25</ele>
      </trkpt>
      <trkpt lat="54.699854" lon="-2.155168">
        <ele>539.25</ele>
      </trkpt>
      <trkpt lat="54.7" lon="-2.155094">
        <ele>536.5</ele>
      </trkpt>
      <trkpt lat="54.700314" lon="-2.155076">
        <ele>532.25</ele>
      </trkpt>
      <trkpt lat="54.70061" lon="-2.155059">
        <ele>528.5</ele>
      </trkpt>
      <trkpt lat="54.700744" lon="-2.155122">
        <ele>526.25</ele>
      </trkpt>
      <trkpt lat="54.700845" lon="-2.155274">
        <ele>523.75</ele>
      </trkpt>
      <trkpt lat="54.700882" lon="-2.155584">
        <ele>521.25</ele>
      </trkpt>
      <trkpt lat="54.700859" lon="-2.156005">
        <ele>518.5</ele>
      </trkpt>
      <trkpt lat="54.700571" lon="-2.15717">
        <ele>516</ele>
      </trkpt>
      <trkpt lat="54.700517" lon="-2.158215">
        <ele>510.25</ele>
      </trkpt>
      <trkpt lat="54.700438" lon="-2.158991">
        <ele>507.5</ele>
      </trkpt>
      <trkpt lat="54.700481" lon="-2.15941">
        <ele>505</ele>
      </trkpt>
      <trkpt lat="54.700588" lon="-2.159677">
        <ele>502.5</ele>
      </trkpt>
      <trkpt lat="54.700781" lon="-2.159905">
        <ele>499</ele>
      </trkpt>
      <trkpt lat="54.700955" lon="-2.160172">
        <ele>495.25</ele>
      </trkpt>
      <trkpt lat="54.700781" lon="-2.159905">
        <ele>499</ele>
      </trkpt>
      <trkpt lat="54.700588" lon="-2.159677">
        <ele>502.5</ele>
      </trkpt>
      <trkpt lat="54.700481" lon="-2.15941">
        <ele>505</ele>
      </trkpt>
      <trkpt lat="54.700438" lon="-2.158991">
        <ele>507.5</ele>
      </trkpt>
      <trkpt lat="54.700517" lon="-2.158215">
        <ele>510.25</ele>
      </trkpt>
      <trkpt lat="54.700571" lon="-2.15717">
        <ele>516</ele>
      </trkpt>
      <trkpt lat="54.700859" lon="-2.156005">
        <ele>518.5</ele>
      </trkpt>
      <trkpt lat="54.700882" lon="-2.155584">
        <ele>521.25</ele>
      </trkpt>
      <trkpt lat="54.700845" lon="-2.155274">
        <ele>523.75</ele>
      </trkpt>
      <trkpt lat="54.700744" lon="-2.155122">
        <ele>526.25</ele>
      </trkpt>
      <trkpt lat="54.70061" lon="-2.155059">
        <ele>528.5</ele>
      </trkpt>
      <trkpt lat="54.7" lon="-2.155094">
        <ele>536.5</ele>
      </trkpt>
      <trkpt lat="54.699854" lon="-2.155168">
        <ele>539.25</ele>
      </trkpt>
      <trkpt lat="54.699737" lon="-2.155297">
        <ele>541.25</ele>
      </trkpt>
      <trkpt lat="54.699492" lon="-2.155721">
        <ele>544</ele>
      </trkpt>
      <trkpt lat="54.697873" lon="-2.159015">
        <ele>561.75</ele>
      </trkpt>
      <trkpt lat="54.697606" lon="-2.159471">
        <ele>566.25</ele>
      </trkpt>
      <trkpt lat="54.69722" lon="-2.159867">
        <ele>571.75</ele>
      </trkpt>
      <trkpt lat="54.696826" lon="-2.160233">
        <ele>577</ele>
      </trkpt>
      <trkpt lat="54.696636" lon="-2.160314">
        <ele>580</ele>
      </trkpt>
      <trkpt lat="54.696127" lon="-2.160176">
        <ele>588.75</ele>
      </trkpt>
      <trkpt lat="54.695963" lon="-2.160165">
        <ele>591.5</ele>
      </trkpt>
      <trkpt lat="54.695662" lon="-2.160176">
        <ele>595</ele>
      </trkpt>
      <trkpt lat="54.695463" lon="-2.160097">
        <ele>596.5</ele>
      </trkpt>
      <trkpt lat="54.693637" lon="-2.158719">
        <ele>608.5</ele>
      </trkpt>
      <trkpt lat="54.693609" lon="-2.158704">
        <ele>608.5</ele>
      </trkpt>
      <trkpt lat="54.693587" lon="-2.15869">
        <ele>608.5</ele>
      </trkpt>
      <trkpt lat="54.690527" lon="-2.156535">
        <ele>590.75</ele>
      </trkpt>
      <trkpt lat="54.690298" lon="-2.156406">
        <ele>588.5</ele>
      </trkpt>
      <trkpt lat="54.688441" lon="-2.155514">
        <ele>573.5</ele>
      </trkpt>
      <trkpt lat="54.688281" lon="-2.155445">
        <ele>572.75</ele>
      </trkpt>
      <trkpt lat="54.688134" lon="-2.155413">
        <ele>571.75</ele>
      </trkpt>
      <trkpt lat="54.688023" lon="-2.155416">
        <ele>570.75</ele>
      </trkpt>
      <trkpt lat="54.687898" lon="-2.15544">
        <ele>569.75</ele>
      </trkpt>
      <trkpt lat="54.687793" lon="-2.155443">
        <ele>568.75</ele>
      </trkpt>
      <trkpt lat="54.687449" lon="-2.155395">
        <ele>566</ele>
      </trkpt>
      <trkpt lat="54.686837" lon="-2.155345">
        <ele>559.75</ele>
      </trkpt>
      <trkpt lat="54.686317" lon="-2.155278">
        <ele>555.5</ele>
      </trkpt>
      <trkpt lat="54.685118" lon="-2.155122">
        <ele>548.25</ele>
      </trkpt>
      <trkpt lat="54.684926" lon="-2.155084">
        <ele>547.25</ele>
      </trkpt>
      <trkpt lat="54.683731" lon="-2.154848">
        <ele>537.75</ele>
      </trkpt>
      <trkpt lat="54.6821" lon="-2.154446">
        <ele>524.5</ele>
      </trkpt>
      <trkpt lat="54.68123" lon="-2.15409">
        <ele>516.5</ele>
      </trkpt>
      <trkpt lat="54.680572" lon="-2.153779">
        <ele>510.75</ele>
      </trkpt>
      <trkpt lat="54.679639" lon="-2.153279">
        <ele>504.25</ele>
      </trkpt>
      <trkpt lat="54.679397" lon="-2.153124">
        <ele>501.5</ele>
      </trkpt>
      <trkpt lat="54.679068" lon="-2.153007">
        <ele>498</ele>
      </trkpt>
      <trkpt lat="54.678584" lon="-2.152894">
        <ele>493</ele>
      </trkpt>
      <trkpt lat="54.677773" lon="-2.152617">
        <ele>486</ele>
      </trkpt>
      <trkpt lat="54.677186" lon="-2.152379">
        <ele>483.5</ele>
      </trkpt>
      <trkpt lat="54.676308" lon="-2.15194">
        <ele>479</ele>
      </trkpt>
      <trkpt lat="54.675921" lon="-2.151649">
        <ele>475.5</ele>
      </trkpt>
      <trkpt lat="54.673925" lon="-2.149796">
        <ele>454.25</ele>
      </trkpt>
      <trkpt lat="54.672967" lon="-2.148769">
        <ele>444</ele>
      </trkpt>
      <trkpt lat="54.671062" lon="-2.146532">
        <ele>428.5</ele>
      </trkpt>
      <trkpt lat="54.670523" lon="-2.145791">
        <ele>423.25</ele>
      </trkpt>
      <trkpt lat="54.669261" lon="-2.144284">
        <ele>410.75</ele>
      </trkpt>
      <trkpt lat="54.667993" lon="-2.142488">
        <ele>401.5</ele>
      </trkpt>
      <trkpt lat="54.667434" lon="-2.141624">
        <ele>396.75</ele>
      </trkpt>
      <trkpt lat="54.667253" lon="-2.141409">
        <ele>397</ele>
      </trkpt>
      <trkpt lat="54.667055" lon="-2.141223">
        <ele>396.75</ele>
      </trkpt>
      <trkpt lat="54.666938" lon="-2.141109">
        <ele>396.75</ele>
      </trkpt>
      <trkpt lat="54.666844" lon="-2.14104">
        <ele>396.75</ele>
      </trkpt>
      <trkpt lat="54.666505" lon="-2.140856">
        <ele>395.75</ele>
      </trkpt>
      <trkpt lat="54.666103" lon="-2.140514">
        <ele>394.75</ele>
      </trkpt>
      <trkpt lat="54.664196" lon="-2.138842">
        <ele>392.25</ele>
      </trkpt>
      <trkpt lat="54.664089" lon="-2.138751">
        <ele>392.5</ele>
      </trkpt>
      <trkpt lat="54.662616" lon="-2.137492">
        <ele>395.25</ele>
      </trkpt>
      <trkpt lat="54.66246" lon="-2.137343">
        <ele>395.25</ele>
      </trkpt>
      <trkpt lat="54.662323" lon="-2.137289">
        <ele>394.75</ele>
      </trkpt>
      <trkpt lat="54.660411" lon="-2.13709">
        <ele>387</ele>
      </trkpt>
      <trkpt lat="54.6581" lon="-2.136809">
        <ele>370.5</ele>
      </trkpt>
      <trkpt lat="54.657363" lon="-2.136715">
        <ele>368</ele>
      </trkpt>
      <trkpt lat="54.656107" lon="-2.136556">
        <ele>366</ele>
      </trkpt>
      <trkpt lat="54.653051" lon="-2.136139">
        <ele>345</ele>
      </trkpt>
      <trkpt lat="54.652936" lon="-2.136131">
        <ele>344.25</ele>
      </trkpt>
      <trkpt lat="54.652525" lon="-2.136046">
        <ele>341.75</ele>
      </trkpt>
      <trkpt lat="54.651984" lon="-2.135919">
        <ele>337.5</ele>
      </trkpt>
      <trkpt lat="54.651774" lon="-2.135895">
        <ele>335.75</ele>
      </trkpt>
      <trkpt lat="54.650634" lon="-2.135868">
        <ele>326.25</ele>
      </trkpt>
      <trkpt lat="54.650392" lon="-2.135799">
        <ele>324.25</ele>
      </trkpt>
      <trkpt lat="54.650127" lon="-2.135619">
        <ele>322.5</ele>
      </trkpt>
      <trkpt lat="54.649756" lon="-2.135263">
        <ele>320.5</ele>
      </trkpt>
      <trkpt lat="54.649647" lon="-2.135235">
        <ele>320</ele>
      </trkpt>
      <trkpt lat="54.64909" lon="-2.135581">
        <ele>314.25</ele>
      </trkpt>
      <trkpt lat="54.648942" lon="-2.135746">
        <ele>312.25</ele>
      </trkpt>
      <trkpt lat="54.648795" lon="-2.135844">
        <ele>310.25</ele>
      </trkpt>
      <trkpt lat="54.648583" lon="-2.135878">
        <ele>308</ele>
      </trkpt>
      <trkpt lat="54.647952" lon="-2.135872">
        <ele>301.5</ele>
      </trkpt>
      <trkpt lat="54.647534" lon="-2.135826">
        <ele>297.25</ele>
      </trkpt>
      <trkpt lat="54.646889" lon="-2.135721">
        <ele>291</ele>
      </trkpt>
      <trkpt lat="54.64667" lon="-2.135645">
        <ele>289</ele>
      </trkpt>
      <trkpt lat="54.646458" lon="-2.135509">
        <ele>287</ele>
      </trkpt>
      <trkpt lat="54.646085" lon="-2.135236">
        <ele>283.75</ele>
      </trkpt>
      <trkpt lat="54.645712" lon="-2.134924">
        <ele>280.5</ele>
      </trkpt>
      <trkpt lat="54.645311" lon="-2.13464">
        <ele>276.25</ele>
      </trkpt>
      <trkpt lat="54.645195" lon="-2.134523">
        <ele>275.25</ele>
      </trkpt>
      <trkpt lat="54.6451" lon="-2.134388">
        <ele>274.5</ele>
      </trkpt>
      <trkpt lat="54.645003" lon="-2.134165">
        <ele>274</ele>
      </trkpt>
      <trkpt lat="54.644883" lon="-2.134023">
        <ele>273.25</ele>
      </trkpt>
      <trkpt lat="54.644814" lon="-2.133977">
        <ele>272.75</ele>
      </trkpt>
      <trkpt lat="54.643479" lon="-2.13484">
        <ele>262</ele>
      </trkpt>
      <trkpt lat="54.643761" lon="-2.13543">
        <ele>264</ele>
      </trkpt>
      <trkpt lat="54.64399" lon="-2.135855">
        <ele>265.5</ele>
      </trkpt>
      <trkpt lat="54.644272" lon="-2.136572">
        <ele>267</ele>
      </trkpt>
      <trkpt lat="54.644453" lon="-2.136908">
        <ele>266.75</ele>
      </trkpt>
      <trkpt lat="54.644741" lon="-2.137407">
        <ele>265.75</ele>
      </trkpt>
      <trkpt lat="54.645191" lon="-2.138229">
        <ele>265.75</ele>
      </trkpt>
      <trkpt lat="54.645375" lon="-2.138616">
        <ele>266.25</ele>
      </trkpt>
      <trkpt lat="54.645791" lon="-2.139598">
        <ele>268.5</ele>
      </trkpt>
      <trkpt lat="54.646485" lon="-2.141207">
        <ele>271</ele>
      </trkpt>
      <trkpt lat="54.646677" lon="-2.141692">
        <ele>271.75</ele>
      </trkpt>
      <trkpt lat="54.646763" lon="-2.141972">
        <ele>271.75</ele>
      </trkpt>
      <trkpt lat="54.646859" lon="-2.14234">
        <ele>272</ele>
      </trkpt>
      <trkpt lat="54.646977" lon="-2.142863">
        <ele>273</ele>
      </trkpt>
      <trkpt lat="54.647147" lon="-2.143699">
        <ele>274.25</ele>
      </trkpt>
      <trkpt lat="54.647302" lon="-2.144477">
        <ele>274.75</ele>
      </trkpt>
      <trkpt lat="54.647315" lon="-2.144542">
        <ele>274.75</ele>
      </trkpt>
      <trkpt lat="54.647345" lon="-2.144699">
        <ele>274.5</ele>
      </trkpt>
      <trkpt lat="54.647661" lon="-2.14624">
        <ele>275.25</ele>
      </trkpt>
      <trkpt lat="54.647806" lon="-2.146941">
        <ele>275</ele>
      </trkpt>
      <trkpt lat="54.647884" lon="-2.147389">
        <ele>274.75</ele>
      </trkpt>
      <trkpt lat="54.647921" lon="-2.147643">
        <ele>275</ele>
      </trkpt>
      <trkpt lat="54.647964" lon="-2.148006">
        <ele>275</ele>
      </trkpt>
      <trkpt lat="54.647988" lon="-2.148306">
        <ele>275</ele>
      </trkpt>
      <trkpt lat="54.647999" lon="-2.148714">
        <ele>275.75</ele>
      </trkpt>
      <trkpt lat="54.647993" lon="-2.1491">
        <ele>276.5</ele>
      </trkpt>
      <trkpt lat="54.647967" lon="-2.149564">
        <ele>276.75</ele>
      </trkpt>
      <trkpt lat="54.647913" lon="-2.150209">
        <ele>276.5</ele>
      </trkpt>
      <trkpt lat="54.647902" lon="-2.15034">
        <ele>276.25</ele>
      </trkpt>
      <trkpt lat="54.647896" lon="-2.150629">
        <ele>275.5</ele>
      </trkpt>
      <trkpt lat="54.647912" lon="-2.150862">
        <ele>275.25</ele>
      </trkpt>
      <trkpt lat="54.64794" lon="-2.15107">
        <ele>275.25</ele>
      </trkpt>
      <trkpt lat="54.648024" lon="-2.15139">
        <ele>275.75</ele>
      </trkpt>
      <trkpt lat="54.648717" lon="-2.153197">
        <ele>278.75</ele>
      </trkpt>
      <trkpt lat="54.649111" lon="-2.153966">
        <ele>282</ele>
      </trkpt>
      <trkpt lat="54.649235" lon="-2.154208">
        <ele>282.5</ele>
      </trkpt>
      <trkpt lat="54.64936" lon="-2.154565">
        <ele>282.25</ele>
      </trkpt>
      <trkpt lat="54.649449" lon="-2.154983">
        <ele>281.25</ele>
      </trkpt>
      <trkpt lat="54.649477" lon="-2.155264">
        <ele>281.5</ele>
      </trkpt>
      <trkpt lat="54.649497" lon="-2.155461">
        <ele>281.75</ele>
      </trkpt>
      <trkpt lat="54.649509" lon="-2.15602">
        <ele>282</ele>
      </trkpt>
      <trkpt lat="54.64946" lon="-2.15796">
        <ele>282.75</ele>
      </trkpt>
      <trkpt lat="54.649472" lon="-2.158204">
        <ele>283</ele>
      </trkpt>
      <trkpt lat="54.649496" lon="-2.158487">
        <ele>283.25</ele>
      </trkpt>
      <trkpt lat="54.649613" lon="-2.159242">
        <ele>284</ele>
      </trkpt>
      <trkpt lat="54.649702" lon="-2.159808">
        <ele>284.5</ele>
      </trkpt>
      <trkpt lat="54.649781" lon="-2.160557">
        <ele>284.25</ele>
      </trkpt>
      <trkpt lat="54.649862" lon="-2.161094">
        <ele>284.5</ele>
      </trkpt>
      <trkpt lat="54.650052" lon="-2.161829">
        <ele>286.5</ele>
      </trkpt>
      <trkpt lat="54.650127" lon="-2.162117">
        <ele>287.5</ele>
      </trkpt>
      <trkpt lat="54.650172" lon="-2.162408">
        <ele>288</ele>
      </trkpt>
      <trkpt lat="54.650181" lon="-2.162847">
        <ele>288.25</ele>
      </trkpt>
      <trkpt lat="54.650098" lon="-2.163869">
        <ele>285.75</ele>
      </trkpt>
      <trkpt lat="54.65012" lon="-2.164275">
        <ele>285</ele>
      </trkpt>
      <trkpt lat="54.650183" lon="-2.164542">
        <ele>285.25</ele>
      </trkpt>
      <trkpt lat="54.650593" lon="-2.165903">
        <ele>286.75</ele>
      </trkpt>
      <trkpt lat="54.650633" lon="-2.16607">
        <ele>286.75</ele>
      </trkpt>
      <trkpt lat="54.650659" lon="-2.166243">
        <ele>286.75</ele>
      </trkpt>
      <trkpt lat="54.650665" lon="-2.166308">
        <ele>286.5</ele>
      </trkpt>
      <trkpt lat="54.650676" lon="-2.166534">
        <ele>286.5</ele>
      </trkpt>
      <trkpt lat="54.650702" lon="-2.166922">
        <ele>287</ele>
      </trkpt>
      <trkpt lat="54.650739" lon="-2.167422">
        <ele>288.25</ele>
      </trkpt>
      <trkpt lat="54.650779" lon="-2.168198">
        <ele>289.25</ele>
      </trkpt>
      <trkpt lat="54.650803" lon="-2.168862">
        <ele>291</ele>
      </trkpt>
      <trkpt lat="54.650799" lon="-2.169396">
        <ele>292</ele>
      </trkpt>
      <trkpt lat="54.650784" lon="-2.169704">
        <ele>292.75</ele>
      </trkpt>
      <trkpt lat="54.650695" lon="-2.170662">
        <ele>293.75</ele>
      </trkpt>
      <trkpt lat="54.65069" lon="-2.170947">
        <ele>294.25</ele>
      </trkpt>
      <trkpt lat="54.650783" lon="-2.172137">
        <ele>296.75</ele>
      </trkpt>
      <trkpt lat="54.650772" lon="-2.172411">
        <ele>297</ele>
      </trkpt>
      <trkpt lat="54.650716" lon="-2.173003">
        <ele>297</ele>
      </trkpt>
      <trkpt lat="54.650723" lon="-2.173291">
        <ele>297.5</ele>
      </trkpt>
      <trkpt lat="54.650772" lon="-2.173641">
        <ele>297.5</ele>
      </trkpt>
      <trkpt lat="54.651343" lon="-2.175438">
        <ele>302</ele>
      </trkpt>
      <trkpt lat="54.651483" lon="-2.175994">
        <ele>303</ele>
      </trkpt>
      <trkpt lat="54.651869" lon="-2.177872">
        <ele>305</ele>
      </trkpt>
      <trkpt lat="54.651971" lon="-2.1783">
        <ele>306.25</ele>
      </trkpt>
      <trkpt lat="54.652047" lon="-2.178569">
        <ele>307</ele>
      </trkpt>
      <trkpt lat="54.652143" lon="-2.178825">
        <ele>308.25</ele>
      </trkpt>
      <trkpt lat="54.652243" lon="-2.179056">
        <ele>309.25</ele>
      </trkpt>
      <trkpt lat="54.652358" lon="-2.179277">
        <ele>310.25</ele>
      </trkpt>
      <trkpt lat="54.652643" lon="-2.179733">
        <ele>313.25</ele>
      </trkpt>
      <trkpt lat="54.652681" lon="-2.179813">
        <ele>313.75</ele>
      </trkpt>
      <trkpt lat="54.652759" lon="-2.179969">
        <ele>315</ele>
      </trkpt>
      <trkpt lat="54.652973" lon="-2.180427">
        <ele>318.5</ele>
      </trkpt>
      <trkpt lat="54.653327" lon="-2.181212">
        <ele>324.75</ele>
      </trkpt>
      <trkpt lat="54.653665" lon="-2.181869">
        <ele>329.25</ele>
      </trkpt>
      <trkpt lat="54.653894" lon="-2.182272">
        <ele>332</ele>
      </trkpt>
      <trkpt lat="54.653985" lon="-2.182462">
        <ele>332.75</ele>
      </trkpt>
      <trkpt lat="54.654067" lon="-2.182661">
        <ele>333.25</ele>
      </trkpt>
      <trkpt lat="54.654177" lon="-2.182972">
        <ele>333.5</ele>
      </trkpt>
      <trkpt lat="54.654455" lon="-2.183849">
        <ele>336.5</ele>
      </trkpt>
      <trkpt lat="54.654519" lon="-2.184084">
        <ele>337</ele>
      </trkpt>
      <trkpt lat="54.654565" lon="-2.184329">
        <ele>337.5</ele>
      </trkpt>
      <trkpt lat="54.65459" lon="-2.184515">
        <ele>337.5</ele>
      </trkpt>
      <trkpt lat="54.654628" lon="-2.18494">
        <ele>337.25</ele>
      </trkpt>
      <trkpt lat="54.65466" lon="-2.185519">
        <ele>337</ele>
      </trkpt>
      <trkpt lat="54.65468" lon="-2.185858">
        <ele>337</ele>
      </trkpt>
      <trkpt lat="54.65473" lon="-2.186364">
        <ele>337.5</ele>
      </trkpt>
      <trkpt lat="54.654812" lon="-2.186881">
        <ele>338.25</ele>
      </trkpt>
      <trkpt lat="54.654929" lon="-2.187469">
        <ele>339.25</ele>
      </trkpt>
      <trkpt lat="54.655041" lon="-2.187969">
        <ele>340</ele>
      </trkpt>
      <trkpt lat="54.655119" lon="-2.188223">
        <ele>340.5</ele>
      </trkpt>
      <trkpt lat="54.655265" lon="-2.188588">
        <ele>341.75</ele>
      </trkpt>
      <trkpt lat="54.65546" lon="-2.189035">
        <ele>343</ele>
      </trkpt>
      <trkpt lat="54.655617" lon="-2.189515">
        <ele>343.75</ele>
      </trkpt>
      <trkpt lat="54.655921" lon="-2.190608">
        <ele>346</ele>
      </trkpt>
      <trkpt lat="54.656023" lon="-2.191089">
        <ele>347.75</ele>
      </trkpt>
      <trkpt lat="54.656074" lon="-2.191548">
        <ele>348.5</ele>
      </trkpt>
      <trkpt lat="54.656109" lon="-2.191734">
        <ele>349.25</ele>
      </trkpt>
      <trkpt lat="54.656159" lon="-2.191919">
        <ele>350.25</ele>
      </trkpt>
      <trkpt lat="54.656229" lon="-2.192058">
        <ele>351.25</ele>
      </trkpt>
      <trkpt lat="54.656382" lon="-2.192356">
        <ele>353.25</ele>
      </trkpt>
      <trkpt lat="54.656497" lon="-2.192587">
        <ele>354.25</ele>
      </trkpt>
      <trkpt lat="54.656554" lon="-2.192727">
        <ele>354.75</ele>
      </trkpt>
      <trkpt lat="54.656624" lon="-2.192948">
        <ele>355</ele>
      </trkpt>
      <trkpt lat="54.656743" lon="-2.193383">
        <ele>356.75</ele>
      </trkpt>
      <trkpt lat="54.656838" lon="-2.193785">
        <ele>359.5</ele>
      </trkpt>
      <trkpt lat="54.656899" lon="-2.194114">
        <ele>361.25</ele>
      </trkpt>
      <trkpt lat="54.656945" lon="-2.194431">
        <ele>362</ele>
      </trkpt>
      <trkpt lat="54.65701" lon="-2.194997">
        <ele>363.25</ele>
      </trkpt>
      <trkpt lat="54.657063" lon="-2.195395">
        <ele>364.75</ele>
      </trkpt>
      <trkpt lat="54.657145" lon="-2.195798">
        <ele>366</ele>
      </trkpt>
      <trkpt lat="54.657228" lon="-2.196164">
        <ele>367</ele>
      </trkpt>
      <trkpt lat="54.657334" lon="-2.196603">
        <ele>367.75</ele>
      </trkpt>
      <trkpt lat="54.657525" lon="-2.197243">
        <ele>368.75</ele>
      </trkpt>
      <trkpt lat="54.657604" lon="-2.197479">
        <ele>369.25</ele>
      </trkpt>
      <trkpt lat="54.657706" lon="-2.197718">
        <ele>369.75</ele>
      </trkpt>
      <trkpt lat="54.657807" lon="-2.197891">
        <ele>370</ele>
      </trkpt>
      <trkpt lat="54.657927" lon="-2.198059">
        <ele>370.25</ele>
      </trkpt>
      <trkpt lat="54.658139" lon="-2.198247">
        <ele>370.5</ele>
      </trkpt>
      <trkpt lat="54.658376" lon="-2.198431">
        <ele>371</ele>
      </trkpt>
      <trkpt lat="54.658804" lon="-2.198717">
        <ele>372.5</ele>
      </trkpt>
      <trkpt lat="54.659025" lon="-2.198906">
        <ele>373</ele>
      </trkpt>
      <trkpt lat="54.659138" lon="-2.199038">
        <ele>373</ele>
      </trkpt>
      <trkpt lat="54.659249" lon="-2.199207">
        <ele>373.75</ele>
      </trkpt>
      <trkpt lat="54.65944" lon="-2.199584">
        <ele>374.5</ele>
      </trkpt>
      <trkpt lat="54.660186" lon="-2.201075">
        <ele>376.25</ele>
      </trkpt>
      <trkpt lat="54.660524" lon="-2.20178">
        <ele>376.25</ele>
      </trkpt>
      <trkpt lat="54.660752" lon="-2.202207">
        <ele>375.75</ele>
      </trkpt>
      <trkpt lat="54.661044" lon="-2.202666">
        <ele>376.25</ele>
      </trkpt>
      <trkpt lat="54.661128" lon="-2.202847">
        <ele>376.25</ele>
      </trkpt>
      <trkpt lat="54.661332" lon="-2.203448">
        <ele>375.5</ele>
      </trkpt>
      <trkpt lat="54.661482" lon="-2.203984">
        <ele>374.5</ele>
      </trkpt>
      <trkpt lat="54.661648" lon="-2.204501">
        <ele>373.5</ele>
      </trkpt>
      <trkpt lat="54.661795" lon="-2.204857">
        <ele>374</ele>
      </trkpt>
      <trkpt lat="54.66229" lon="-2.205936">
        <ele>374</ele>
      </trkpt>
      <trkpt lat="54.662774" lon="-2.206876">
        <ele>373.5</ele>
      </trkpt>
      <trkpt lat="54.663268" lon="-2.207845">
        <ele>373.5</ele>
      </trkpt>
      <trkpt lat="54.663422" lon="-2.20818">
        <ele>373.75</ele>
      </trkpt>
      <trkpt lat="54.663604" lon="-2.208649">
        <ele>374.75</ele>
      </trkpt>
      <trkpt lat="54.663746" lon="-2.209094">
        <ele>375.5</ele>
      </trkpt>
      <trkpt lat="54.663802" lon="-2.209279">
        <ele>375.75</ele>
      </trkpt>
      <trkpt lat="54.663828" lon="-2.209379">
        <ele>376</ele>
      </trkpt>
      <trkpt lat="54.663949" lon="-2.209875">
        <ele>376.25</ele>
      </trkpt>
      <trkpt lat="54.664139" lon="-2.210731">
        <ele>375</ele>
      </trkpt>
      <trkpt lat="54.664216" lon="-2.211019">
        <ele>374.75</ele>
      </trkpt>
      <trkpt lat="54.664296" lon="-2.211252">
        <ele>375.25</ele>
      </trkpt>
      <trkpt lat="54.664711" lon="-2.212358">
        <ele>376.25</ele>
      </trkpt>
      <trkpt lat="54.664916" lon="-2.21286">
        <ele>375.75</ele>
      </trkpt>
      <trkpt lat="54.665057" lon="-2.213165">
        <ele>375.75</ele>
      </trkpt>
      <trkpt lat="54.665154" lon="-2.213399">
        <ele>376</ele>
      </trkpt>
      <trkpt lat="54.665243" lon="-2.213682">
        <ele>376.5</ele>
      </trkpt>
      <trkpt lat="54.665315" lon="-2.214016">
        <ele>376.5</ele>
      </trkpt>
      <trkpt lat="54.6654" lon="-2.214356">
        <ele>376.5</ele>
      </trkpt>
      <trkpt lat="54.665481" lon="-2.214619">
        <ele>376.75</ele>
      </trkpt>
      <trkpt lat="54.665573" lon="-2.214832">
        <ele>377.25</ele>
      </trkpt>
      <trkpt lat="54.665686" lon="-2.215035">
        <ele>378</ele>
      </trkpt>
      <trkpt lat="54.666028" lon="-2.21557">
        <ele>380</ele>
      </trkpt>
      <trkpt lat="54.666436" lon="-2.216217">
        <ele>381.25</ele>
      </trkpt>
      <trkpt lat="54.667124" lon="-2.217168">
        <ele>383.5</ele>
      </trkpt>
      <trkpt lat="54.668175" lon="-2.218201">
        <ele>383.25</ele>
      </trkpt>
      <trkpt lat="54.668221" lon="-2.21825">
        <ele>383</ele>
      </trkpt>
      <trkpt lat="54.669156" lon="-2.219171">
        <ele>381.75</ele>
      </trkpt>
      <trkpt lat="54.669748" lon="-2.219762">
        <ele>382.75</ele>
      </trkpt>
      <trkpt lat="54.669926" lon="-2.219975">
        <ele>382.5</ele>
      </trkpt>
      <trkpt lat="54.670042" lon="-2.22017">
        <ele>382.75</ele>
      </trkpt>
      <trkpt lat="54.670175" lon="-2.220438">
        <ele>383.25</ele>
      </trkpt>
      <trkpt lat="54.670515" lon="-2.221241">
        <ele>383</ele>
      </trkpt>
      <trkpt lat="54.67064" lon="-2.221496">
        <ele>382.5</ele>
      </trkpt>
      <trkpt lat="54.670826" lon="-2.221845">
        <ele>382.5</ele>
      </trkpt>
      <trkpt lat="54.670941" lon="-2.222026">
        <ele>382.5</ele>
      </trkpt>
      <trkpt lat="54.671082" lon="-2.222217">
        <ele>382.5</ele>
      </trkpt>
      <trkpt lat="54.671191" lon="-2.222332">
        <ele>382.5</ele>
      </trkpt>
      <trkpt lat="54.671336" lon="-2.222444">
        <ele>382.75</ele>
      </trkpt>
      <trkpt lat="54.671517" lon="-2.222635">
        <ele>383</ele>
      </trkpt>
      <trkpt lat="54.671591" lon="-2.22275">
        <ele>383</ele>
      </trkpt>
      <trkpt lat="54.671635" lon="-2.222837">
        <ele>383</ele>
      </trkpt>
      <trkpt lat="54.671703" lon="-2.223">
        <ele>383</ele>
      </trkpt>
      <trkpt lat="54.671791" lon="-2.223296">
        <ele>383.25</ele>
      </trkpt>
      <trkpt lat="54.671912" lon="-2.22401">
        <ele>384</ele>
      </trkpt>
      <trkpt lat="54.671999" lon="-2.224342">
        <ele>384.5</ele>
      </trkpt>
      <trkpt lat="54.672112" lon="-2.2246">
        <ele>385</ele>
      </trkpt>
      <trkpt lat="54.672279" lon="-2.224952">
        <ele>385.75</ele>
      </trkpt>
      <trkpt lat="54.672477" lon="-2.225312">
        <ele>386.5</ele>
      </trkpt>
      <trkpt lat="54.672661" lon="-2.22558">
        <ele>387.75</ele>
      </trkpt>
      <trkpt lat="54.672865" lon="-2.225994">
        <ele>388.75</ele>
      </trkpt>
      <trkpt lat="54.673068" lon="-2.226435">
        <ele>389.25</ele>
      </trkpt>
      <trkpt lat="54.673565" lon="-2.2273">
        <ele>389.5</ele>
      </trkpt>
      <trkpt lat="54.673821" lon="-2.227701">
        <ele>389</ele>
      </trkpt>
      <trkpt lat="54.673917" lon="-2.227823">
        <ele>388.75</ele>
      </trkpt>
      <trkpt lat="54.674003" lon="-2.227902">
        <ele>388.75</ele>
      </trkpt>
      <trkpt lat="54.674134" lon="-2.227996">
        <ele>388.5</ele>
      </trkpt>
      <trkpt lat="54.674483" lon="-2.228086">
        <ele>388.5</ele>
      </trkpt>
      <trkpt lat="54.675356" lon="-2.228271">
        <ele>387.5</ele>
      </trkpt>
      <trkpt lat="54.675532" lon="-2.228333">
        <ele>387</ele>
      </trkpt>
      <trkpt lat="54.675618" lon="-2.228387">
        <ele>387</ele>
      </trkpt>
      <trkpt lat="54.67566" lon="-2.228446">
        <ele>387</ele>
      </trkpt>
      <trkpt lat="54.675692" lon="-2.228516">
        <ele>387.25</ele>
      </trkpt>
      <trkpt lat="54.675759" lon="-2.228763">
        <ele>388</ele>
      </trkpt>
      <trkpt lat="54.675813" lon="-2.228866">
        <ele>388</ele>
      </trkpt>
      <trkpt lat="54.675888" lon="-2.228963">
        <ele>388.75</ele>
      </trkpt>
      <trkpt lat="54.675973" lon="-2.229031">
        <ele>389.75</ele>
      </trkpt>
      <trkpt lat="54.676075" lon="-2.229072">
        <ele>390.5</ele>
      </trkpt>
      <trkpt lat="54.676153" lon="-2.229079">
        <ele>391.25</ele>
      </trkpt>
      <trkpt lat="54.676238" lon="-2.229042">
        <ele>391.75</ele>
      </trkpt>
      <trkpt lat="54.676352" lon="-2.228923">
        <ele>392</ele>
      </trkpt>
      <trkpt lat="54.676495" lon="-2.228724">
        <ele>392</ele>
      </trkpt>
      <trkpt lat="54.676626" lon="-2.228593">
        <ele>392.25</ele>
      </trkpt>
      <trkpt lat="54.676748" lon="-2.228527">
        <ele>392.5</ele>
      </trkpt>
      <trkpt lat="54.676905" lon="-2.22853">
        <ele>393.75</ele>
      </trkpt>
      <trkpt lat="54.677035" lon="-2.22859">
        <ele>394.75</ele>
      </trkpt>
      <trkpt lat="54.677145" lon="-2.228721">
        <ele>396</ele>
      </trkpt>
      <trkpt lat="54.677247" lon="-2.228863">
        <ele>397.25</ele>
      </trkpt>
      <trkpt lat="54.677385" lon="-2.229153">
        <ele>399.25</ele>
      </trkpt>
      <trkpt lat="54.677747" lon="-2.230084">
        <ele>403.75</ele>
      </trkpt>
      <trkpt lat="54.677958" lon="-2.230625">
        <ele>406.25</ele>
      </trkpt>
      <trkpt lat="54.678007" lon="-2.230744">
        <ele>406.75</ele>
      </trkpt>
      <trkpt lat="54.678101" lon="-2.230906">
        <ele>407.5</ele>
      </trkpt>
      <trkpt lat="54.678727" lon="-2.231692">
        <ele>412.5</ele>
      </trkpt>
      <trkpt lat="54.678871" lon="-2.231948">
        <ele>414.75</ele>
      </trkpt>
      <trkpt lat="54.679001" lon="-2.23229">
        <ele>417.75</ele>
      </trkpt>
      <trkpt lat="54.679109" lon="-2.232668">
        <ele>420.75</ele>
      </trkpt>
      <trkpt lat="54.679949" lon="-2.23593">
        <ele>429</ele>
      </trkpt>
      <trkpt lat="54.680153" lon="-2.235818">
        <ele>430</ele>
      </trkpt>
      <trkpt lat="54.680219" lon="-2.235782">
        <ele>430.25</ele>
      </trkpt>
      <trkpt lat="54.680153" lon="-2.235818">
        <ele>430</ele>
      </trkpt>
      <trkpt lat="54.679949" lon="-2.23593">
        <ele>429</ele>
      </trkpt>
      <trkpt lat="54.680176" lon="-2.236778">
        <ele>432.25</ele>
      </trkpt>
      <trkpt lat="54.680533" lon="-2.23826">
        <ele>438</ele>
      </trkpt>
      <trkpt lat="54.680758" lon="-2.239109">
        <ele>442.5</ele>
      </trkpt>
      <trkpt lat="54.681064" lon="-2.240181">
        <ele>447.75</ele>
      </trkpt>
      <trkpt lat="54.68123" lon="-2.240711">
        <ele>448.75</ele>
      </trkpt>
      <trkpt lat="54.681418" lon="-2.241351">
        <ele>450</ele>
      </trkpt>
      <trkpt lat="54.681526" lon="-2.241758">
        <ele>450.5</ele>
      </trkpt>
      <trkpt lat="54.681599" lon="-2.2421">
        <ele>450.25</ele>
      </trkpt>
      <trkpt lat="54.681661" lon="-2.24245">
        <ele>450</ele>
      </trkpt>
      <trkpt lat="54.681972" lon="-2.245111">
        <ele>448</ele>
      </trkpt>
      <trkpt lat="54.682267" lon="-2.247555">
        <ele>445.25</ele>
      </trkpt>
      <trkpt lat="54.682287" lon="-2.247673">
        <ele>445.25</ele>
      </trkpt>
      <trkpt lat="54.682517" lon="-2.249007">
        <ele>445.75</ele>
      </trkpt>
      <trkpt lat="54.682617" lon="-2.249508">
        <ele>445.75</ele>
      </trkpt>
      <trkpt lat="54.682741" lon="-2.249989">
        <ele>446.25</ele>
      </trkpt>
      <trkpt lat="54.682912" lon="-2.250407">
        <ele>447.75</ele>
      </trkpt>
      <trkpt lat="54.683136" lon="-2.25086">
        <ele>449.5</ele>
      </trkpt>
      <trkpt lat="54.68334" lon="-2.251249">
        <ele>450.5</ele>
      </trkpt>
      <trkpt lat="54.683468" lon="-2.251562">
        <ele>450.75</ele>
      </trkpt>
      <trkpt lat="54.683698" lon="-2.252197">
        <ele>451.25</ele>
      </trkpt>
      <trkpt lat="54.683797" lon="-2.252393">
        <ele>451.75</ele>
      </trkpt>
      <trkpt lat="54.684258" lon="-2.253119">
        <ele>454.5</ele>
      </trkpt>
      <trkpt lat="54.684356" lon="-2.25329">
        <ele>455</ele>
      </trkpt>
      <trkpt lat="54.684506" lon="-2.253596">
        <ele>455</ele>
      </trkpt>
      <trkpt lat="54.684848" lon="-2.254525">
        <ele>453.5</ele>
      </trkpt>
      <trkpt lat="54.685004" lon="-2.254861">
        <ele>453.5</ele>
      </trkpt>
      <trkpt lat="54.685126" lon="-2.255072">
        <ele>453.75</ele>
      </trkpt>
      <trkpt lat="54.685245" lon="-2.255217">
        <ele>454</ele>
      </trkpt>
      <trkpt lat="54.685361" lon="-2.255341">
        <ele>454.5</ele>
      </trkpt>
      <trkpt lat="54.685723" lon="-2.255635">
        <ele>456.75</ele>
      </trkpt>
      <trkpt lat="54.68594" lon="-2.25592">
        <ele>458.25</ele>
      </trkpt>
      <trkpt lat="54.686629" lon="-2.256904">
        <ele>462.5</ele>
      </trkpt>
      <trkpt lat="54.686736" lon="-2.257058">
        <ele>463.25</ele>
      </trkpt>
      <trkpt lat="54.687017" lon="-2.257498">
        <ele>464.25</ele>
      </trkpt>
      <trkpt lat="54.687175" lon="-2.257744">
        <ele>464.5</ele>
      </trkpt>
      <trkpt lat="54.687814" lon="-2.258828">
        <ele>464.25</ele>
      </trkpt>
      <trkpt lat="54.688468" lon="-2.259874">
        <ele>465.25</ele>
      </trkpt>
      <trkpt lat="54.688767" lon="-2.260414">
        <ele>466.75</ele>
      </trkpt>
      <trkpt lat="54.689195" lon="-2.261468">
        <ele>466.75</ele>
      </trkpt>
      <trkpt lat="54.689416" lon="-2.261867">
        <ele>467.75</ele>
      </trkpt>
      <trkpt lat="54.69007" lon="-2.262753">
        <ele>470</ele>
      </trkpt>
      <trkpt lat="54.690473" lon="-2.263375">
        <ele>473.25</ele>
      </trkpt>
      <trkpt lat="54.69058" lon="-2.263561">
        <ele>473.5</ele>
      </trkpt>
      <trkpt lat="54.690931" lon="-2.264295">
        <ele>472.5</ele>
      </trkpt>
      <trkpt lat="54.691094" lon="-2.264598">
        <ele>472.25</ele>
      </trkpt>
      <trkpt lat="54.69126" lon="-2.264869">
        <ele>472.25</ele>
      </trkpt>
      <trkpt lat="54.691817" lon="-2.265588">
        <ele>475.5</ele>
      </trkpt>
      <trkpt lat="54.692954" lon="-2.267178">
        <ele>478.5</ele>
      </trkpt>
      <trkpt lat="54.693284" lon="-2.26775">
        <ele>479.25</ele>
      </trkpt>
      <trkpt lat="54.693807" lon="-2.268909">
        <ele>479.25</ele>
      </trkpt>
      <trkpt lat="54.694144" lon="-2.269575">
        <ele>480</ele>
      </trkpt>
      <trkpt lat="54.694519" lon="-2.270274">
        <ele>481.25</ele>
      </trkpt>
      <trkpt lat="54.694707" lon="-2.270568">
        <ele>481.5</ele>
      </trkpt>
      <trkpt lat="54.694897" lon="-2.270841">
        <ele>482</ele>
      </trkpt>
      <trkpt lat="54.695048" lon="-2.271022">
        <ele>482.25</ele>
      </trkpt>
      <trkpt lat="54.695475" lon="-2.271474">
        <ele>483.5</ele>
      </trkpt>
      <trkpt lat="54.696005" lon="-2.271979">
        <ele>484.75</ele>
      </trkpt>
      <trkpt lat="54.697717" lon="-2.273468">
        <ele>490.75</ele>
      </trkpt>
      <trkpt lat="54.698019" lon="-2.273777">
        <ele>492</ele>
      </trkpt>
      <trkpt lat="54.698289" lon="-2.274101">
        <ele>492.75</ele>
      </trkpt>
      <trkpt lat="54.698594" lon="-2.274442">
        <ele>494</ele>
      </trkpt>
      <trkpt lat="54.698625" lon="-2.274454">
        <ele>494.5</ele>
      </trkpt>
      <trkpt lat="54.69869" lon="-2.274554">
        <ele>494.5</ele>
      </trkpt>
      <trkpt lat="54.699218" lon="-2.275375">
        <ele>494.5</ele>
      </trkpt>
      <trkpt lat="54.699316" lon="-2.275473">
        <ele>494.5</ele>
      </trkpt>
      <trkpt lat="54.699534" lon="-2.275586">
        <ele>495.75</ele>
      </trkpt>
      <trkpt lat="54.699761" lon="-2.275613">
        <ele>498.25</ele>
      </trkpt>
      <trkpt lat="54.699926" lon="-2.275656">
        <ele>499.75</ele>
      </trkpt>
      <trkpt lat="54.700039" lon="-2.275716">
        <ele>500.5</ele>
      </trkpt>
      <trkpt lat="54.700161" lon="-2.275796">
        <ele>501</ele>
      </trkpt>
      <trkpt lat="54.700433" lon="-2.276053">
        <ele>501.5</ele>
      </trkpt>
      <trkpt lat="54.700591" lon="-2.27618">
        <ele>502</ele>
      </trkpt>
      <trkpt lat="54.700712" lon="-2.276277">
        <ele>502.25</ele>
      </trkpt>
      <trkpt lat="54.70109" lon="-2.276529">
        <ele>503.75</ele>
      </trkpt>
      <trkpt lat="54.701839" lon="-2.277008">
        <ele>508</ele>
      </trkpt>
      <trkpt lat="54.70212" lon="-2.277129">
        <ele>510.25</ele>
      </trkpt>
      <trkpt lat="54.702347" lon="-2.277215">
        <ele>512.25</ele>
      </trkpt>
      <trkpt lat="54.702428" lon="-2.277279">
        <ele>513</ele>
      </trkpt>
      <trkpt lat="54.702527" lon="-2.277409">
        <ele>513.5</ele>
      </trkpt>
      <trkpt lat="54.702593" lon="-2.277553">
        <ele>513.75</ele>
      </trkpt>
      <trkpt lat="54.702662" lon="-2.277742">
        <ele>514</ele>
      </trkpt>
      <trkpt lat="54.702782" lon="-2.278179">
        <ele>514.75</ele>
      </trkpt>
      <trkpt lat="54.702889" lon="-2.278713">
        <ele>517</ele>
      </trkpt>
      <trkpt lat="54.702913" lon="-2.278931">
        <ele>517.75</ele>
      </trkpt>
      <trkpt lat="54.702916" lon="-2.279184">
        <ele>518.5</ele>
      </trkpt>
      <trkpt lat="54.702891" lon="-2.279422">
        <ele>518.25</ele>
      </trkpt>
      <trkpt lat="54.702791" lon="-2.279983">
        <ele>518</ele>
      </trkpt>
      <trkpt lat="54.702769" lon="-2.280258">
        <ele>516.75</ele>
      </trkpt>
      <trkpt lat="54.702793" lon="-2.280525">
        <ele>516.25</ele>
      </trkpt>
      <trkpt lat="54.702861" lon="-2.280763">
        <ele>516</ele>
      </trkpt>
      <trkpt lat="54.702966" lon="-2.281">
        <ele>516.5</ele>
      </trkpt>
      <trkpt lat="54.703113" lon="-2.281242">
        <ele>517.5</ele>
      </trkpt>
      <trkpt lat="54.703216" lon="-2.281361">
        <ele>518.25</ele>
      </trkpt>
      <trkpt lat="54.703248" lon="-2.281392">
        <ele>518.5</ele>
      </trkpt>
      <trkpt lat="54.703539" lon="-2.281672">
        <ele>521.75</ele>
      </trkpt>
      <trkpt lat="54.703628" lon="-2.281787">
        <ele>522.75</ele>
      </trkpt>
      <trkpt lat="54.7037" lon="-2.281906">
        <ele>523.75</ele>
      </trkpt>
      <trkpt lat="54.703774" lon="-2.282097">
        <ele>524.5</ele>
      </trkpt>
      <trkpt lat="54.703833" lon="-2.282312">
        <ele>525</ele>
      </trkpt>
      <trkpt lat="54.704186" lon="-2.283948">
        <ele>527.75</ele>
      </trkpt>
      <trkpt lat="54.7043" lon="-2.284295">
        <ele>529</ele>
      </trkpt>
      <trkpt lat="54.704455" lon="-2.284617">
        <ele>530.75</ele>
      </trkpt>
      <trkpt lat="54.705005" lon="-2.285708">
        <ele>535.5</ele>
      </trkpt>
      <trkpt lat="54.705342" lon="-2.286497">
        <ele>537.75</ele>
      </trkpt>
      <trkpt lat="54.705564" lon="-2.286974">
        <ele>539.25</ele>
      </trkpt>
      <trkpt lat="54.705681" lon="-2.287175">
        <ele>540.25</ele>
      </trkpt>
      <trkpt lat="54.705816" lon="-2.287366">
        <ele>541.25</ele>
      </trkpt>
      <trkpt lat="54.705923" lon="-2.287475">
        <ele>541.75</ele>
      </trkpt>
      <trkpt lat="54.706069" lon="-2.287588">
        <ele>542.75</ele>
      </trkpt>
      <trkpt lat="54.706548" lon="-2.287874">
        <ele>545.5</ele>
      </trkpt>
      <trkpt lat="54.706686" lon="-2.28798">
        <ele>546.25</ele>
      </trkpt>
      <trkpt lat="54.706986" lon="-2.28834">
        <ele>547.75</ele>
      </trkpt>
      <trkpt lat="54.707463" lon="-2.288989">
        <ele>548.75</ele>
      </trkpt>
      <trkpt lat="54.707646" lon="-2.289182">
        <ele>549.25</ele>
      </trkpt>
      <trkpt lat="54.707947" lon="-2.289396">
        <ele>550.75</ele>
      </trkpt>
      <trkpt lat="54.708224" lon="-2.289513">
        <ele>552.75</ele>
      </trkpt>
      <trkpt lat="54.708729" lon="-2.289653">
        <ele>554.5</ele>
      </trkpt>
      <trkpt lat="54.709007" lon="-2.289745">
        <ele>555</ele>
      </trkpt>
      <trkpt lat="54.70921" lon="-2.289901">
        <ele>555</ele>
      </trkpt>
      <trkpt lat="54.709398" lon="-2.290096">
        <ele>556.25</ele>
      </trkpt>
      <trkpt lat="54.710234" lon="-2.291103">
        <ele>558.75</ele>
      </trkpt>
      <trkpt lat="54.710547" lon="-2.291461">
        <ele>558.5</ele>
      </trkpt>
      <trkpt lat="54.710627" lon="-2.291557">
        <ele>558.5</ele>
      </trkpt>
      <trkpt lat="54.71085" lon="-2.291851">
        <ele>558.25</ele>
      </trkpt>
      <trkpt lat="54.710974" lon="-2.292063">
        <ele>558.25</ele>
      </trkpt>
      <trkpt lat="54.711049" lon="-2.292249">
        <ele>558.25</ele>
      </trkpt>
      <trkpt lat="54.711142" lon="-2.29258">
        <ele>558</ele>
      </trkpt>
      <trkpt lat="54.711217" lon="-2.292909">
        <ele>557.5</ele>
      </trkpt>
      <trkpt lat="54.711344" lon="-2.293622">
        <ele>557</ele>
      </trkpt>
      <trkpt lat="54.711468" lon="-2.294444">
        <ele>556.25</ele>
      </trkpt>
      <trkpt lat="54.711538" lon="-2.294836">
        <ele>556</ele>
      </trkpt>
      <trkpt lat="54.711667" lon="-2.295327">
        <ele>555</ele>
      </trkpt>
      <trkpt lat="54.711806" lon="-2.295664">
        <ele>554.25</ele>
      </trkpt>
      <trkpt lat="54.711941" lon="-2.295953">
        <ele>554</ele>
      </trkpt>
      <trkpt lat="54.712159" lon="-2.296375">
        <ele>554.5</ele>
      </trkpt>
      <trkpt lat="54.712364" lon="-2.296738">
        <ele>554.75</ele>
      </trkpt>
      <trkpt lat="54.712419" lon="-2.296823">
        <ele>554.75</ele>
      </trkpt>
      <trkpt lat="54.712599" lon="-2.2971">
        <ele>554.25</ele>
      </trkpt>
      <trkpt lat="54.71304" lon="-2.297691">
        <ele>554.5</ele>
      </trkpt>
      <trkpt lat="54.713343" lon="-2.298056">
        <ele>555.5</ele>
      </trkpt>
      <trkpt lat="54.71358" lon="-2.29838">
        <ele>554.5</ele>
      </trkpt>
      <trkpt lat="54.71368" lon="-2.298579">
        <ele>554.5</ele>
      </trkpt>
      <trkpt lat="54.713742" lon="-2.298747">
        <ele>554.25</ele>
      </trkpt>
      <trkpt lat="54.713761" lon="-2.298822">
        <ele>554.25</ele>
      </trkpt>
      <trkpt lat="54.713801" lon="-2.298973">
        <ele>554</ele>
      </trkpt>
      <trkpt lat="54.713835" lon="-2.299243">
        <ele>553.75</ele>
      </trkpt>
      <trkpt lat="54.713862" lon="-2.299569">
        <ele>553.25</ele>
      </trkpt>
      <trkpt lat="54.713863" lon="-2.29992">
        <ele>552.5</ele>
      </trkpt>
      <trkpt lat="54.713832" lon="-2.300208">
        <ele>553.25</ele>
      </trkpt>
      <trkpt lat="54.713749" lon="-2.300492">
        <ele>554.25</ele>
      </trkpt>
      <trkpt lat="54.713638" lon="-2.300761">
        <ele>555</ele>
      </trkpt>
      <trkpt lat="54.713345" lon="-2.301445">
        <ele>556.75</ele>
      </trkpt>
      <trkpt lat="54.713055" lon="-2.30209">
        <ele>560.5</ele>
      </trkpt>
      <trkpt lat="54.712667" lon="-2.303027">
        <ele>564.5</ele>
      </trkpt>
      <trkpt lat="54.712579" lon="-2.303331">
        <ele>565.25</ele>
      </trkpt>
      <trkpt lat="54.712396" lon="-2.304436">
        <ele>566.25</ele>
      </trkpt>
      <trkpt lat="54.712367" lon="-2.304699">
        <ele>566.25</ele>
      </trkpt>
      <trkpt lat="54.712359" lon="-2.305315">
        <ele>567.25</ele>
      </trkpt>
      <trkpt lat="54.712379" lon="-2.30578">
        <ele>568.5</ele>
      </trkpt>
      <trkpt lat="54.71243" lon="-2.30637">
        <ele>570</ele>
      </trkpt>
      <trkpt lat="54.712436" lon="-2.306591">
        <ele>570.25</ele>
      </trkpt>
      <trkpt lat="54.712416" lon="-2.306827">
        <ele>570.75</ele>
      </trkpt>
      <trkpt lat="54.71237" lon="-2.307061">
        <ele>571.25</ele>
      </trkpt>
      <trkpt lat="54.71231" lon="-2.307277">
        <ele>571.25</ele>
      </trkpt>
      <trkpt lat="54.712204" lon="-2.307561">
        <ele>571.25</ele>
      </trkpt>
      <trkpt lat="54.712084" lon="-2.30792">
        <ele>571.25</ele>
      </trkpt>
      <trkpt lat="54.712019" lon="-2.308159">
        <ele>571.25</ele>
      </trkpt>
      <trkpt lat="54.711995" lon="-2.308391">
        <ele>571.5</ele>
      </trkpt>
      <trkpt lat="54.711995" lon="-2.308686">
        <ele>571.25</ele>
      </trkpt>
      <trkpt lat="54.712026" lon="-2.309079">
        <ele>571.75</ele>
      </trkpt>
      <trkpt lat="54.712066" lon="-2.309917">
        <ele>571.75</ele>
      </trkpt>
      <trkpt lat="54.712086" lon="-2.310889">
        <ele>571</ele>
      </trkpt>
      <trkpt lat="54.712092" lon="-2.311665">
        <ele>571</ele>
      </trkpt>
      <trkpt lat="54.712117" lon="-2.31243">
        <ele>571.25</ele>
      </trkpt>
      <trkpt lat="54.712159" lon="-2.313005">
        <ele>572</ele>
      </trkpt>
      <trkpt lat="54.712193" lon="-2.31334">
        <ele>572.5</ele>
      </trkpt>
      <trkpt lat="54.712254" lon="-2.313664">
        <ele>573.75</ele>
      </trkpt>
      <trkpt lat="54.712294" lon="-2.313917">
        <ele>574.5</ele>
      </trkpt>
      <trkpt lat="54.712318" lon="-2.314248">
        <ele>575.25</ele>
      </trkpt>
      <trkpt lat="54.712307" lon="-2.314562">
        <ele>575.25</ele>
      </trkpt>
      <trkpt lat="54.712282" lon="-2.314825">
        <ele>575</ele>
      </trkpt>
      <trkpt lat="54.712236" lon="-2.315088">
        <ele>575</ele>
      </trkpt>
      <trkpt lat="54.712168" lon="-2.315363">
        <ele>575.75</ele>
      </trkpt>
      <trkpt lat="54.71207" lon="-2.315591">
        <ele>575.75</ele>
      </trkpt>
      <trkpt lat="54.71179" lon="-2.315994">
        <ele>574.5</ele>
      </trkpt>
      <trkpt lat="54.711621" lon="-2.316245">
        <ele>573.75</ele>
      </trkpt>
      <trkpt lat="54.711452" lon="-2.316573">
        <ele>573</ele>
      </trkpt>
      <trkpt lat="54.711303" lon="-2.316885">
        <ele>572.25</ele>
      </trkpt>
      <trkpt lat="54.711155" lon="-2.317241">
        <ele>571.75</ele>
      </trkpt>
      <trkpt lat="54.71107" lon="-2.317531">
        <ele>571.75</ele>
      </trkpt>
      <trkpt lat="54.711011" lon="-2.317784">
        <ele>572</ele>
      </trkpt>
      <trkpt lat="54.710862" lon="-2.318312">
        <ele>572.25</ele>
      </trkpt>
      <trkpt lat="54.710725" lon="-2.318702">
        <ele>572.5</ele>
      </trkpt>
      <trkpt lat="54.710574" lon="-2.319104">
        <ele>573</ele>
      </trkpt>
      <trkpt lat="54.710463" lon="-2.319315">
        <ele>572.75</ele>
      </trkpt>
      <trkpt lat="54.710238" lon="-2.319566">
        <ele>571.5</ele>
      </trkpt>
      <trkpt lat="54.710133" lon="-2.319679">
        <ele>571</ele>
      </trkpt>
      <trkpt lat="54.709975" lon="-2.319903">
        <ele>570.25</ele>
      </trkpt>
      <trkpt lat="54.709875" lon="-2.32016">
        <ele>569.5</ele>
      </trkpt>
      <trkpt lat="54.709798" lon="-2.320403">
        <ele>568.75</ele>
      </trkpt>
      <trkpt lat="54.709722" lon="-2.320698">
        <ele>568.25</ele>
      </trkpt>
      <trkpt lat="54.70969" lon="-2.320861">
        <ele>568</ele>
      </trkpt>
      <trkpt lat="54.709657" lon="-2.321107">
        <ele>567.75</ele>
      </trkpt>
      <trkpt lat="54.709625" lon="-2.321415">
        <ele>567.75</ele>
      </trkpt>
      <trkpt lat="54.709617" lon="-2.321683">
        <ele>568.25</ele>
      </trkpt>
      <trkpt lat="54.709633" lon="-2.322025">
        <ele>568.5</ele>
      </trkpt>
      <trkpt lat="54.710085" lon="-2.325746">
        <ele>578.5</ele>
      </trkpt>
      <trkpt lat="54.710171" lon="-2.326338">
        <ele>580</ele>
      </trkpt>
      <trkpt lat="54.710407" lon="-2.327507">
        <ele>583.75</ele>
      </trkpt>
      <trkpt lat="54.710611" lon="-2.328236">
        <ele>587.25</ele>
      </trkpt>
      <trkpt lat="54.710669" lon="-2.328507">
        <ele>588.25</ele>
      </trkpt>
      <trkpt lat="54.710812" lon="-2.329563">
        <ele>590.5</ele>
      </trkpt>
      <trkpt lat="54.710969" lon="-2.330978">
        <ele>590</ele>
      </trkpt>
      <trkpt lat="54.711028" lon="-2.331474">
        <ele>589.75</ele>
      </trkpt>
      <trkpt lat="54.711193" lon="-2.332373">
        <ele>591</ele>
      </trkpt>
      <trkpt lat="54.71128" lon="-2.332727">
        <ele>591.25</ele>
      </trkpt>
      <trkpt lat="54.711492" lon="-2.333347">
        <ele>592.25</ele>
      </trkpt>
      <trkpt lat="54.711628" lon="-2.333887">
        <ele>592.25</ele>
      </trkpt>
      <trkpt lat="54.711708" lon="-2.334272">
        <ele>592.25</ele>
      </trkpt>
      <trkpt lat="54.711838" lon="-2.33473">
        <ele>593</ele>
      </trkpt>
      <trkpt lat="54.71199" lon="-2.335305">
        <ele>593</ele>
      </trkpt>
      <trkpt lat="54.712226" lon="-2.336059">
        <ele>592.5</ele>
      </trkpt>
      <trkpt lat="54.712391" lon="-2.336447">
        <ele>592.5</ele>
      </trkpt>
      <trkpt lat="54.712668" lon="-2.336848">
        <ele>593.75</ele>
      </trkpt>
      <trkpt lat="54.712765" lon="-2.336972">
        <ele>594.25</ele>
      </trkpt>
      <trkpt lat="54.71281" lon="-2.337072">
        <ele>594.5</ele>
      </trkpt>
      <trkpt lat="54.712855" lon="-2.337216">
        <ele>594.5</ele>
      </trkpt>
      <trkpt lat="54.712896" lon="-2.337501">
        <ele>594.25</ele>
      </trkpt>
      <trkpt lat="54.712941" lon="-2.338085">
        <ele>594.25</ele>
      </trkpt>
      <trkpt lat="54.712975" lon="-2.338405">
        <ele>593.75</ele>
      </trkpt>
      <trkpt lat="54.713043" lon="-2.338715">
        <ele>592.75</ele>
      </trkpt>
      <trkpt lat="54.713129" lon="-2.339034">
        <ele>591.75</ele>
      </trkpt>
      <trkpt lat="54.713324" lon="-2.339629">
        <ele>590.25</ele>
      </trkpt>
      <trkpt lat="54.713436" lon="-2.339884">
        <ele>589.75</ele>
      </trkpt>
      <trkpt lat="54.713614" lon="-2.340145">
        <ele>589</ele>
      </trkpt>
      <trkpt lat="54.713724" lon="-2.34024">
        <ele>589</ele>
      </trkpt>
      <trkpt lat="54.713812" lon="-2.340287">
        <ele>589</ele>
      </trkpt>
      <trkpt lat="54.713922" lon="-2.34032">
        <ele>589</ele>
      </trkpt>
      <trkpt lat="54.714178" lon="-2.340355">
        <ele>590</ele>
      </trkpt>
      <trkpt lat="54.714436" lon="-2.340412">
        <ele>590</ele>
      </trkpt>
      <trkpt lat="54.714705" lon="-2.340494">
        <ele>589.75</ele>
      </trkpt>
      <trkpt lat="54.715007" lon="-2.340615">
        <ele>589.5</ele>
      </trkpt>
      <trkpt lat="54.715139" lon="-2.340681">
        <ele>589.75</ele>
      </trkpt>
      <trkpt lat="54.715285" lon="-2.340789">
        <ele>589.5</ele>
      </trkpt>
      <trkpt lat="54.715552" lon="-2.341039">
        <ele>589.25</ele>
      </trkpt>
      <trkpt lat="54.715728" lon="-2.341167">
        <ele>589.25</ele>
      </trkpt>
      <trkpt lat="54.715869" lon="-2.341252">
        <ele>589.5</ele>
      </trkpt>
      <trkpt lat="54.715973" lon="-2.341281">
        <ele>589.25</ele>
      </trkpt>
      <trkpt lat="54.716278" lon="-2.34126">
        <ele>589.5</ele>
      </trkpt>
      <trkpt lat="54.716481" lon="-2.341238">
        <ele>589.75</ele>
      </trkpt>
      <trkpt lat="54.716573" lon="-2.341243">
        <ele>589.75</ele>
      </trkpt>
      <trkpt lat="54.716734" lon="-2.341323">
        <ele>590.25</ele>
      </trkpt>
      <trkpt lat="54.716788" lon="-2.341371">
        <ele>590.5</ele>
      </trkpt>
      <trkpt lat="54.716839" lon="-2.341432">
        <ele>591</ele>
      </trkpt>
      <trkpt lat="54.717063" lon="-2.341864">
        <ele>591.75</ele>
      </trkpt>
      <trkpt lat="54.717244" lon="-2.342262">
        <ele>592.5</ele>
      </trkpt>
      <trkpt lat="54.717469" lon="-2.34264">
        <ele>593.25</ele>
      </trkpt>
      <trkpt lat="54.717789" lon="-2.34311">
        <ele>594.25</ele>
      </trkpt>
      <trkpt lat="54.718038" lon="-2.343561">
        <ele>594.5</ele>
      </trkpt>
      <trkpt lat="54.718234" lon="-2.343985">
        <ele>594.75</ele>
      </trkpt>
      <trkpt lat="54.718372" lon="-2.34438">
        <ele>594.5</ele>
      </trkpt>
      <trkpt lat="54.718719" lon="-2.345899">
        <ele>593.5</ele>
      </trkpt>
      <trkpt lat="54.718905" lon="-2.346509">
        <ele>594.75</ele>
      </trkpt>
      <trkpt lat="54.719075" lon="-2.346942">
        <ele>595.5</ele>
      </trkpt>
      <trkpt lat="54.719179" lon="-2.347166">
        <ele>595.75</ele>
      </trkpt>
      <trkpt lat="54.719278" lon="-2.347323">
        <ele>595.75</ele>
      </trkpt>
      <trkpt lat="54.719394" lon="-2.347474">
        <ele>595.75</ele>
      </trkpt>
      <trkpt lat="54.719518" lon="-2.347587">
        <ele>596</ele>
      </trkpt>
      <trkpt lat="54.720221" lon="-2.348017">
        <ele>597.75</ele>
      </trkpt>
      <trkpt lat="54.720404" lon="-2.348166">
        <ele>598.25</ele>
      </trkpt>
      <trkpt lat="54.720578" lon="-2.34837">
        <ele>598.5</ele>
      </trkpt>
      <trkpt lat="54.720633" lon="-2.348451">
        <ele>598.5</ele>
      </trkpt>
      <trkpt lat="54.72078" lon="-2.348709">
        <ele>598.25</ele>
      </trkpt>
      <trkpt lat="54.720909" lon="-2.348994">
        <ele>598.25</ele>
      </trkpt>
      <trkpt lat="54.721089" lon="-2.349368">
        <ele>598.75</ele>
      </trkpt>
      <trkpt lat="54.72187" lon="-2.350873">
        <ele>597.75</ele>
      </trkpt>
      <trkpt lat="54.72194" lon="-2.350994">
        <ele>597.5</ele>
      </trkpt>
      <trkpt lat="54.722056" lon="-2.351196">
        <ele>596.75</ele>
      </trkpt>
      <trkpt lat="54.722181" lon="-2.35137">
        <ele>596.25</ele>
      </trkpt>
      <trkpt lat="54.722297" lon="-2.351486">
        <ele>596.25</ele>
      </trkpt>
      <trkpt lat="54.722374" lon="-2.35155">
        <ele>596</ele>
      </trkpt>
      <trkpt lat="54.722439" lon="-2.351601">
        <ele>596</ele>
      </trkpt>
      <trkpt lat="54.722547" lon="-2.351659">
        <ele>596</ele>
      </trkpt>
      <trkpt lat="54.722941" lon="-2.351791">
        <ele>596.25</ele>
      </trkpt>
      <trkpt lat="54.724756" lon="-2.352242">
        <ele>595.75</ele>
      </trkpt>
      <trkpt lat="54.7253" lon="-2.352369">
        <ele>594.75</ele>
      </trkpt>
      <trkpt lat="54.7255" lon="-2.352407">
        <ele>594.5</ele>
      </trkpt>
      <trkpt lat="54.726515" lon="-2.352497">
        <ele>590.5</ele>
      </trkpt>
      <trkpt lat="54.727028" lon="-2.352521">
        <ele>588</ele>
      </trkpt>
      <trkpt lat="54.727137" lon="-2.352512">
        <ele>587.5</ele>
      </trkpt>
      <trkpt lat="54.727411" lon="-2.352349">
        <ele>587.5</ele>
      </trkpt>
      <trkpt lat="54.727882" lon="-2.351919">
        <ele>585.5</ele>
      </trkpt>
      <trkpt lat="54.728087" lon="-2.351719">
        <ele>584.5</ele>
      </trkpt>
      <trkpt lat="54.728191" lon="-2.351634">
        <ele>584</ele>
      </trkpt>
      <trkpt lat="54.728293" lon="-2.351597">
        <ele>583.25</ele>
      </trkpt>
      <trkpt lat="54.728374" lon="-2.351611">
        <ele>583</ele>
      </trkpt>
      <trkpt lat="54.728443" lon="-2.351651">
        <ele>583.25</ele>
      </trkpt>
      <trkpt lat="54.728489" lon="-2.351707">
        <ele>583.5</ele>
      </trkpt>
      <trkpt lat="54.728725" lon="-2.352228">
        <ele>580.25</ele>
      </trkpt>
      <trkpt lat="54.728764" lon="-2.352295">
        <ele>579.75</ele>
      </trkpt>
      <trkpt lat="54.728879" lon="-2.352439">
        <ele>578.25</ele>
      </trkpt>
      <trkpt lat="54.729647" lon="-2.353299">
        <ele>572.25</ele>
      </trkpt>
      <trkpt lat="54.730732" lon="-2.354398">
        <ele>564.5</ele>
      </trkpt>
      <trkpt lat="54.731059" lon="-2.354667">
        <ele>562.25</ele>
      </trkpt>
      <trkpt lat="54.732707" lon="-2.355777">
        <ele>552.5</ele>
      </trkpt>
      <trkpt lat="54.733002" lon="-2.356038">
        <ele>549.75</ele>
      </trkpt>
      <trkpt lat="54.733454" lon="-2.356457">
        <ele>546</ele>
      </trkpt>
      <trkpt lat="54.733694" lon="-2.356679">
        <ele>544</ele>
      </trkpt>
      <trkpt lat="54.734101" lon="-2.35702">
        <ele>541.75</ele>
      </trkpt>
      <trkpt lat="54.734646" lon="-2.357494">
        <ele>539.75</ele>
      </trkpt>
      <trkpt lat="54.734885" lon="-2.357718">
        <ele>538.75</ele>
      </trkpt>
      <trkpt lat="54.735118" lon="-2.357965">
        <ele>537</ele>
      </trkpt>
      <trkpt lat="54.735321" lon="-2.358155">
        <ele>535.75</ele>
      </trkpt>
      <trkpt lat="54.735609" lon="-2.358519">
        <ele>532.75</ele>
      </trkpt>
      <trkpt lat="54.735659" lon="-2.358584">
        <ele>532.5</ele>
      </trkpt>
      <trkpt lat="54.735715" lon="-2.358639">
        <ele>532</ele>
      </trkpt>
      <trkpt lat="54.735964" lon="-2.358998">
        <ele>530.5</ele>
      </trkpt>
      <trkpt lat="54.736502" lon="-2.359795">
        <ele>528.5</ele>
      </trkpt>
      <trkpt lat="54.736845" lon="-2.360353">
        <ele>526</ele>
      </trkpt>
      <trkpt lat="54.73703" lon="-2.360609">
        <ele>524.5</ele>
      </trkpt>
      <trkpt lat="54.737308" lon="-2.360963">
        <ele>522.25</ele>
      </trkpt>
      <trkpt lat="54.737642" lon="-2.361326">
        <ele>520</ele>
      </trkpt>
      <trkpt lat="54.73804" lon="-2.361691">
        <ele>518.5</ele>
      </trkpt>
      <trkpt lat="54.738617" lon="-2.362253">
        <ele>515.75</ele>
      </trkpt>
      <trkpt lat="54.738831" lon="-2.362416">
        <ele>514.75</ele>
      </trkpt>
      <trkpt lat="54.739249" lon="-2.36268">
        <ele>513</ele>
      </trkpt>
      <trkpt lat="54.741518" lon="-2.363796">
        <ele>501</ele>
      </trkpt>
      <trkpt lat="54.741711" lon="-2.363909">
        <ele>500</ele>
      </trkpt>
      <trkpt lat="54.741922" lon="-2.364079">
        <ele>498.75</ele>
      </trkpt>
      <trkpt lat="54.742519" lon="-2.364661">
        <ele>493.75</ele>
      </trkpt>
      <trkpt lat="54.743211" lon="-2.365223">
        <ele>490</ele>
      </trkpt>
      <trkpt lat="54.743449" lon="-2.365428">
        <ele>488.75</ele>
      </trkpt>
      <trkpt lat="54.744307" lon="-2.365978">
        <ele>485</ele>
      </trkpt>
      <trkpt lat="54.744673" lon="-2.366233">
        <ele>483.5</ele>
      </trkpt>
      <trkpt lat="54.745625" lon="-2.366962">
        <ele>480</ele>
      </trkpt>
      <trkpt lat="54.74613" lon="-2.367337">
        <ele>477.5</ele>
      </trkpt>
      <trkpt lat="54.747185" lon="-2.368157">
        <ele>473.5</ele>
      </trkpt>
      <trkpt lat="54.747507" lon="-2.368372">
        <ele>472.5</ele>
      </trkpt>
      <trkpt lat="54.74782" lon="-2.368549">
        <ele>471</ele>
      </trkpt>
      <trkpt lat="54.748154" lon="-2.368769">
        <ele>469</ele>
      </trkpt>
      <trkpt lat="54.748865" lon="-2.369261">
        <ele>465.75</ele>
      </trkpt>
      <trkpt lat="54.749769" lon="-2.369843">
        <ele>463.25</ele>
      </trkpt>
      <trkpt lat="54.750199" lon="-2.370127">
        <ele>462.75</ele>
      </trkpt>
      <trkpt lat="54.751006" lon="-2.370576">
        <ele>461.25</ele>
      </trkpt>
      <trkpt lat="54.751475" lon="-2.37089">
        <ele>458.75</ele>
      </trkpt>
      <trkpt lat="54.751849" lon="-2.371194">
        <ele>456.5</ele>
      </trkpt>
      <trkpt lat="54.753211" lon="-2.372462">
        <ele>448</ele>
      </trkpt>
      <trkpt lat="54.755032" lon="-2.373894">
        <ele>437.75</ele>
      </trkpt>
      <trkpt lat="54.755363" lon="-2.374189">
        <ele>435.75</ele>
      </trkpt>
      <trkpt lat="54.755619" lon="-2.374424">
        <ele>434.25</ele>
      </trkpt>
      <trkpt lat="54.755926" lon="-2.374654">
        <ele>433</ele>
      </trkpt>
      <trkpt lat="54.756364" lon="-2.37492">
        <ele>432.5</ele>
      </trkpt>
      <trkpt lat="54.75719" lon="-2.375359">
        <ele>430.25</ele>
      </trkpt>
      <trkpt lat="54.75733" lon="-2.375466">
        <ele>429.5</ele>
      </trkpt>
      <trkpt lat="54.757419" lon="-2.375566">
        <ele>428.75</ele>
      </trkpt>
      <trkpt lat="54.757543" lon="-2.375704">
        <ele>427.75</ele>
      </trkpt>
      <trkpt lat="54.757801" lon="-2.375934">
        <ele>425.25</ele>
      </trkpt>
      <trkpt lat="54.7579" lon="-2.37599">
        <ele>424.5</ele>
      </trkpt>
      <trkpt lat="54.758018" lon="-2.376019">
        <ele>424</ele>
      </trkpt>
      <trkpt lat="54.758285" lon="-2.37604">
        <ele>423</ele>
      </trkpt>
      <trkpt lat="54.758344" lon="-2.376034">
        <ele>423</ele>
      </trkpt>
      <trkpt lat="54.758501" lon="-2.376028">
        <ele>423</ele>
      </trkpt>
      <trkpt lat="54.758728" lon="-2.376049">
        <ele>423.5</ele>
      </trkpt>
      <trkpt lat="54.75887" lon="-2.376096">
        <ele>423.75</ele>
      </trkpt>
      <trkpt lat="54.758977" lon="-2.376321">
        <ele>423.75</ele>
      </trkpt>
      <trkpt lat="54.75924" lon="-2.377276">
        <ele>423</ele>
      </trkpt>
      <trkpt lat="54.759426" lon="-2.377787">
        <ele>424.75</ele>
      </trkpt>
      <trkpt lat="54.759642" lon="-2.378117">
        <ele>427.25</ele>
      </trkpt>
      <trkpt lat="54.75985" lon="-2.378361">
        <ele>430</ele>
      </trkpt>
      <trkpt lat="54.76025" lon="-2.378795">
        <ele>432.75</ele>
      </trkpt>
      <trkpt lat="54.761455" lon="-2.380601">
        <ele>435.25</ele>
      </trkpt>
      <trkpt lat="54.76514" lon="-2.386074">
        <ele>429.25</ele>
      </trkpt>
      <trkpt lat="54.765489" lon="-2.386546">
        <ele>428</ele>
      </trkpt>
      <trkpt lat="54.765611" lon="-2.386646">
        <ele>428</ele>
      </trkpt>
      <trkpt lat="54.765693" lon="-2.386695">
        <ele>428</ele>
      </trkpt>
      <trkpt lat="54.766175" lon="-2.386955">
        <ele>429</ele>
      </trkpt>
      <trkpt lat="54.76656" lon="-2.387203">
        <ele>429.5</ele>
      </trkpt>
      <trkpt lat="54.766962" lon="-2.38748">
        <ele>429.75</ele>
      </trkpt>
      <trkpt lat="54.767632" lon="-2.388025">
        <ele>430.25</ele>
      </trkpt>
      <trkpt lat="54.767802" lon="-2.388111">
        <ele>431</ele>
      </trkpt>
      <trkpt lat="54.768042" lon="-2.388207">
        <ele>432.25</ele>
      </trkpt>
      <trkpt lat="54.76892" lon="-2.38862">
        <ele>433</ele>
      </trkpt>
      <trkpt lat="54.770938" lon="-2.389569">
        <ele>435.5</ele>
      </trkpt>
      <trkpt lat="54.771206" lon="-2.389752">
        <ele>435.5</ele>
      </trkpt>
      <trkpt lat="54.772167" lon="-2.390514">
        <ele>434.75</ele>
      </trkpt>
      <trkpt lat="54.772648" lon="-2.390848">
        <ele>434.25</ele>
      </trkpt>
      <trkpt lat="54.773369" lon="-2.391269">
        <ele>434.25</ele>
      </trkpt>
      <trkpt lat="54.773472" lon="-2.391305">
        <ele>433.5</ele>
      </trkpt>
      <trkpt lat="54.773542" lon="-2.391313">
        <ele>433.25</ele>
      </trkpt>
      <trkpt lat="54.773628" lon="-2.391304">
        <ele>433</ele>
      </trkpt>
      <trkpt lat="54.77486" lon="-2.39086">
        <ele>431.25</ele>
      </trkpt>
      <trkpt lat="54.774971" lon="-2.390809">
        <ele>431</ele>
      </trkpt>
      <trkpt lat="54.775082" lon="-2.390742">
        <ele>431</ele>
      </trkpt>
      <trkpt lat="54.775193" lon="-2.390635">
        <ele>431</ele>
      </trkpt>
      <trkpt lat="54.775883" lon="-2.389789">
        <ele>432.25</ele>
      </trkpt>
      <trkpt lat="54.776017" lon="-2.389661">
        <ele>433.5</ele>
      </trkpt>
      <trkpt lat="54.776075" lon="-2.389645">
        <ele>433.75</ele>
      </trkpt>
      <trkpt lat="54.77618" lon="-2.389659">
        <ele>434</ele>
      </trkpt>
      <trkpt lat="54.776258" lon="-2.389744">
        <ele>434</ele>
      </trkpt>
      <trkpt lat="54.776336" lon="-2.389873">
        <ele>434</ele>
      </trkpt>
      <trkpt lat="54.776399" lon="-2.390057">
        <ele>434.25</ele>
      </trkpt>
      <trkpt lat="54.776444" lon="-2.390275">
        <ele>434.25</ele>
      </trkpt>
      <trkpt lat="54.776479" lon="-2.390477">
        <ele>434.5</ele>
      </trkpt>
      <trkpt lat="54.776887" lon="-2.393435">
        <ele>443</ele>
      </trkpt>
      <trkpt lat="54.77691" lon="-2.393694">
        <ele>443.5</ele>
      </trkpt>
      <trkpt lat="54.776915" lon="-2.39378">
        <ele>443.75</ele>
      </trkpt>
      <trkpt lat="54.776927" lon="-2.394029">
        <ele>444.25</ele>
      </trkpt>
      <trkpt lat="54.77691" lon="-2.394642">
        <ele>444.25</ele>
      </trkpt>
      <trkpt lat="54.776906" lon="-2.395002">
        <ele>444.5</ele>
      </trkpt>
      <trkpt lat="54.776929" lon="-2.395496">
        <ele>445.5</ele>
      </trkpt>
      <trkpt lat="54.777017" lon="-2.396143">
        <ele>447.5</ele>
      </trkpt>
      <trkpt lat="54.77712" lon="-2.39666">
        <ele>449.5</ele>
      </trkpt>
      <trkpt lat="54.777589" lon="-2.398625">
        <ele>455.75</ele>
      </trkpt>
      <trkpt lat="54.777933" lon="-2.40005">
        <ele>458.25</ele>
      </trkpt>
      <trkpt lat="54.778025" lon="-2.400326">
        <ele>458.25</ele>
      </trkpt>
      <trkpt lat="54.778127" lon="-2.400581">
        <ele>458.25</ele>
      </trkpt>
      <trkpt lat="54.778411" lon="-2.401211">
        <ele>459</ele>
      </trkpt>
      <trkpt lat="54.778558" lon="-2.401656">
        <ele>458.75</ele>
      </trkpt>
      <trkpt lat="54.778954" lon="-2.403075">
        <ele>454</ele>
      </trkpt>
      <trkpt lat="54.779057" lon="-2.403371">
        <ele>453</ele>
      </trkpt>
      <trkpt lat="54.779216" lon="-2.403731">
        <ele>452.25</ele>
      </trkpt>
      <trkpt lat="54.779409" lon="-2.404118">
        <ele>451.5</ele>
      </trkpt>
      <trkpt lat="54.779872" lon="-2.404974">
        <ele>449.5</ele>
      </trkpt>
      <trkpt lat="54.780127" lon="-2.405465">
        <ele>449.75</ele>
      </trkpt>
      <trkpt lat="54.780259" lon="-2.405753">
        <ele>449.75</ele>
      </trkpt>
      <trkpt lat="54.78043" lon="-2.406169">
        <ele>449.75</ele>
      </trkpt>
      <trkpt lat="54.780583" lon="-2.406686">
        <ele>449</ele>
      </trkpt>
      <trkpt lat="54.780753" lon="-2.407344">
        <ele>448.5</ele>
      </trkpt>
      <trkpt lat="54.78082" lon="-2.407536">
        <ele>448.5</ele>
      </trkpt>
      <trkpt lat="54.781051" lon="-2.40819">
        <ele>449</ele>
      </trkpt>
      <trkpt lat="54.781694" lon="-2.409778">
        <ele>447.75</ele>
      </trkpt>
      <trkpt lat="54.781828" lon="-2.410196">
        <ele>446.75</ele>
      </trkpt>
      <trkpt lat="54.781958" lon="-2.410704">
        <ele>446</ele>
      </trkpt>
      <trkpt lat="54.784009" lon="-2.421036">
        <ele>431.5</ele>
      </trkpt>
      <trkpt lat="54.784047" lon="-2.42123">
        <ele>431</ele>
      </trkpt>
      <trkpt lat="54.784238" lon="-2.42205">
        <ele>429</ele>
      </trkpt>
      <trkpt lat="54.784391" lon="-2.422432">
        <ele>427.5</ele>
      </trkpt>
      <trkpt lat="54.784703" lon="-2.422798">
        <ele>425.25</ele>
      </trkpt>
      <trkpt lat="54.785117" lon="-2.422955">
        <ele>423</ele>
      </trkpt>
      <trkpt lat="54.78536" lon="-2.423004">
        <ele>422.25</ele>
      </trkpt>
      <trkpt lat="54.786295" lon="-2.423019">
        <ele>419</ele>
      </trkpt>
      <trkpt lat="54.787022" lon="-2.422936">
        <ele>416.75</ele>
      </trkpt>
      <trkpt lat="54.787215" lon="-2.423009">
        <ele>416</ele>
      </trkpt>
      <trkpt lat="54.78728" lon="-2.423033">
        <ele>415.75</ele>
      </trkpt>
      <trkpt lat="54.78836" lon="-2.423751">
        <ele>412.75</ele>
      </trkpt>
      <trkpt lat="54.788604" lon="-2.423879">
        <ele>411.5</ele>
      </trkpt>
      <trkpt lat="54.788938" lon="-2.423956">
        <ele>410.5</ele>
      </trkpt>
      <trkpt lat="54.790021" lon="-2.424084">
        <ele>407.25</ele>
      </trkpt>
      <trkpt lat="54.792159" lon="-2.424365">
        <ele>399.5</ele>
      </trkpt>
      <trkpt lat="54.794013" lon="-2.424608">
        <ele>390.75</ele>
      </trkpt>
      <trkpt lat="54.797255" lon="-2.425016">
        <ele>379.25</ele>
      </trkpt>
      <trkpt lat="54.797917" lon="-2.425099">
        <ele>376.5</ele>
      </trkpt>
      <trkpt lat="54.798046" lon="-2.425174">
        <ele>376.25</ele>
      </trkpt>
      <trkpt lat="54.798238" lon="-2.425339">
        <ele>375.5</ele>
      </trkpt>
      <trkpt lat="54.798446" lon="-2.425624">
        <ele>376</ele>
      </trkpt>
      <trkpt lat="54.799292" lon="-2.426832">
        <ele>380.5</ele>
      </trkpt>
      <trkpt lat="54.80003" lon="-2.427897">
        <ele>379.25</ele>
      </trkpt>
      <trkpt lat="54.800457" lon="-2.428449">
        <ele>377.75</ele>
      </trkpt>
      <trkpt lat="54.801028" lon="-2.429118">
        <ele>374.5</ele>
      </trkpt>
      <trkpt lat="54.802483" lon="-2.430428">
        <ele>363.25</ele>
      </trkpt>
      <trkpt lat="54.803498" lon="-2.431226">
        <ele>358</ele>
      </trkpt>
      <trkpt lat="54.804807" lon="-2.432288">
        <ele>350.25</ele>
      </trkpt>
      <trkpt lat="54.805624" lon="-2.432855">
        <ele>346</ele>
      </trkpt>
      <trkpt lat="54.80655" lon="-2.433326">
        <ele>342</ele>
      </trkpt>
      <trkpt lat="54.806867" lon="-2.433479">
        <ele>340</ele>
      </trkpt>
      <trkpt lat="54.807128" lon="-2.433583">
        <ele>338.75</ele>
      </trkpt>
      <trkpt lat="54.807347" lon="-2.433648">
        <ele>337.75</ele>
      </trkpt>
      <trkpt lat="54.807527" lon="-2.43375">
        <ele>336.75</ele>
      </trkpt>
      <trkpt lat="54.807804" lon="-2.433864">
        <ele>335.25</ele>
      </trkpt>
      <trkpt lat="54.808598" lon="-2.434315">
        <ele>329.75</ele>
      </trkpt>
      <trkpt lat="54.80897" lon="-2.43467">
        <ele>326</ele>
      </trkpt>
      <trkpt lat="54.809313" lon="-2.435047">
        <ele>322.25</ele>
      </trkpt>
      <trkpt lat="54.809502" lon="-2.435329">
        <ele>320.75</ele>
      </trkpt>
      <trkpt lat="54.809577" lon="-2.435529">
        <ele>320</ele>
      </trkpt>
      <trkpt lat="54.809644" lon="-2.435711">
        <ele>319.25</ele>
      </trkpt>
      <trkpt lat="54.809766" lon="-2.435895">
        <ele>318.75</ele>
      </trkpt>
      <trkpt lat="54.810064" lon="-2.436293">
        <ele>318.5</ele>
      </trkpt>
      <trkpt lat="54.810309" lon="-2.436673">
        <ele>317.75</ele>
      </trkpt>
      <trkpt lat="54.810878" lon="-2.437236">
        <ele>313.75</ele>
      </trkpt>
      <trkpt lat="54.811117" lon="-2.43757">
        <ele>311.25</ele>
      </trkpt>
      <trkpt lat="54.811194" lon="-2.437665">
        <ele>310.5</ele>
      </trkpt>
      <trkpt lat="54.811372" lon="-2.437849">
        <ele>309.5</ele>
      </trkpt>
      <trkpt lat="54.811466" lon="-2.437945">
        <ele>308.75</ele>
      </trkpt>
      <trkpt lat="54.811673" lon="-2.438154">
        <ele>307.75</ele>
      </trkpt>
      <trkpt lat="54.81168" lon="-2.43816">
        <ele>307.5</ele>
      </trkpt>
      <trkpt lat="54.811829" lon="-2.4383">
        <ele>306</ele>
      </trkpt>
      <trkpt lat="54.812016" lon="-2.438473">
        <ele>303.25</ele>
      </trkpt>
      <trkpt lat="54.812235" lon="-2.438651">
        <ele>300.75</ele>
      </trkpt>
      <trkpt lat="54.812292" lon="-2.438697">
        <ele>300</ele>
      </trkpt>
      <trkpt lat="54.812348" lon="-2.438738">
        <ele>299.25</ele>
      </trkpt>
      <trkpt lat="54.812396" lon="-2.43878">
        <ele>298.75</ele>
      </trkpt>
      <trkpt lat="54.812436" lon="-2.438827">
        <ele>298.25</ele>
      </trkpt>
      <trkpt lat="54.812478" lon="-2.43891">
        <ele>297.5</ele>
      </trkpt>
      <trkpt lat="54.812514" lon="-2.439025">
        <ele>296.75</ele>
      </trkpt>
      <trkpt lat="54.812532" lon="-2.439123">
        <ele>296</ele>
      </trkpt>
      <trkpt lat="54.812552" lon="-2.439297">
        <ele>295</ele>
      </trkpt>
      <trkpt lat="54.812556" lon="-2.439555">
        <ele>293.75</ele>
      </trkpt>
      <trkpt lat="54.812557" lon="-2.43961">
        <ele>293.5</ele>
      </trkpt>
      <trkpt lat="54.812555" lon="-2.439896">
        <ele>292</ele>
      </trkpt>
      <trkpt lat="54.812555" lon="-2.439931">
        <ele>292</ele>
      </trkpt>
      <trkpt lat="54.812559" lon="-2.44024">
        <ele>289.5</ele>
      </trkpt>
      <trkpt lat="54.812553" lon="-2.440468">
        <ele>287.5</ele>
      </trkpt>
      <trkpt lat="54.812537" lon="-2.440805">
        <ele>285</ele>
      </trkpt>
      <trkpt lat="54.812502" lon="-2.441345">
        <ele>280.5</ele>
      </trkpt>
      <trkpt lat="54.812497" lon="-2.441414">
        <ele>280</ele>
      </trkpt>
      <trkpt lat="54.812412" lon="-2.441435">
        <ele>280.25</ele>
      </trkpt>
      <trkpt lat="54.812129" lon="-2.441557">
        <ele>280.5</ele>
      </trkpt>
      <trkpt lat="54.812113" lon="-2.441565">
        <ele>280.5</ele>
      </trkpt>
      <trkpt lat="54.81181" lon="-2.441707">
        <ele>281</ele>
      </trkpt>
      <trkpt lat="54.811719" lon="-2.44173">
        <ele>281.25</ele>
      </trkpt>
      <trkpt lat="54.811158" lon="-2.44179">
        <ele>282.25</ele>
      </trkpt>
      <trkpt lat="54.811041" lon="-2.441823">
        <ele>282.5</ele>
      </trkpt>
      <trkpt lat="54.810701" lon="-2.441923">
        <ele>282.25</ele>
      </trkpt>
      <trkpt lat="54.810429" lon="-2.442032">
        <ele>281.75</ele>
      </trkpt>
      <trkpt lat="54.809623" lon="-2.44236">
        <ele>279.75</ele>
      </trkpt>
      <trkpt lat="54.80954" lon="-2.442416">
        <ele>279.5</ele>
      </trkpt>
      <trkpt lat="54.809477" lon="-2.44252">
        <ele>278.75</ele>
      </trkpt>
      <trkpt lat="54.809361" lon="-2.443124">
        <ele>275.25</ele>
      </trkpt>
      <trkpt lat="54.809296" lon="-2.443353">
        <ele>274</ele>
      </trkpt>
      <trkpt lat="54.809229" lon="-2.443507">
        <ele>274.75</ele>
      </trkpt>
      <trkpt lat="54.809116" lon="-2.443722">
        <ele>275.75</ele>
      </trkpt>
      <trkpt lat="54.808991" lon="-2.443912">
        <ele>276.5</ele>
      </trkpt>
      <trkpt lat="54.808853" lon="-2.444133">
        <ele>277.25</ele>
      </trkpt>
      <trkpt lat="54.808053" lon="-2.445357">
        <ele>280.75</ele>
      </trkpt>
      <trkpt lat="54.807823" lon="-2.445682">
        <ele>281.5</ele>
      </trkpt>
      <trkpt lat="54.807585" lon="-2.445955">
        <ele>282.5</ele>
      </trkpt>
      <trkpt lat="54.807329" lon="-2.446231">
        <ele>283</ele>
      </trkpt>
      <trkpt lat="54.807113" lon="-2.44643">
        <ele>283.25</ele>
      </trkpt>
      <trkpt lat="54.806505" lon="-2.446923">
        <ele>283.75</ele>
      </trkpt>
      <trkpt lat="54.806105" lon="-2.447247">
        <ele>285</ele>
      </trkpt>
      <trkpt lat="54.805416" lon="-2.447822">
        <ele>286.25</ele>
      </trkpt>
      <trkpt lat="54.804894" lon="-2.448492">
        <ele>290.25</ele>
      </trkpt>
      <trkpt lat="54.804085" lon="-2.449528">
        <ele>296.5</ele>
      </trkpt>
      <trkpt lat="54.802095" lon="-2.451289">
        <ele>306.5</ele>
      </trkpt>
      <trkpt lat="54.800949" lon="-2.452453">
        <ele>312.75</ele>
      </trkpt>
      <trkpt lat="54.800561" lon="-2.452804">
        <ele>315</ele>
      </trkpt>
      <trkpt lat="54.799854" lon="-2.45331">
        <ele>317.5</ele>
      </trkpt>
      <trkpt lat="54.799818" lon="-2.453338">
        <ele>317.5</ele>
      </trkpt>
      <trkpt lat="54.799734" lon="-2.453482">
        <ele>318.25</ele>
      </trkpt>
      <trkpt lat="54.799675" lon="-2.453582">
        <ele>318.75</ele>
      </trkpt>
      <trkpt lat="54.799412" lon="-2.454261">
        <ele>322.25</ele>
      </trkpt>
      <trkpt lat="54.799193" lon="-2.454842">
        <ele>325</ele>
      </trkpt>
      <trkpt lat="54.799077" lon="-2.455174">
        <ele>326.75</ele>
      </trkpt>
      <trkpt lat="54.798864" lon="-2.455748">
        <ele>330</ele>
      </trkpt>
      <trkpt lat="54.798672" lon="-2.456174">
        <ele>332.25</ele>
      </trkpt>
      <trkpt lat="54.798413" lon="-2.456656">
        <ele>334.75</ele>
      </trkpt>
      <trkpt lat="54.798066" lon="-2.457104">
        <ele>337</ele>
      </trkpt>
      <trkpt lat="54.797218" lon="-2.458291">
        <ele>342.5</ele>
      </trkpt>
      <trkpt lat="54.796805" lon="-2.458599">
        <ele>346</ele>
      </trkpt>
      <trkpt lat="54.796201" lon="-2.458828">
        <ele>347.75</ele>
      </trkpt>
      <trkpt lat="54.795768" lon="-2.459015">
        <ele>349.25</ele>
      </trkpt>
      <trkpt lat="54.795571" lon="-2.459161">
        <ele>350.75</ele>
      </trkpt>
      <trkpt lat="54.795034" lon="-2.45975">
        <ele>355.75</ele>
      </trkpt>
      <trkpt lat="54.794622" lon="-2.460136">
        <ele>359.75</ele>
      </trkpt>
      <trkpt lat="54.794513" lon="-2.460202">
        <ele>360.5</ele>
      </trkpt>
      <trkpt lat="54.794195" lon="-2.460291">
        <ele>361.75</ele>
      </trkpt>
      <trkpt lat="54.793752" lon="-2.460434">
        <ele>364.25</ele>
      </trkpt>
      <trkpt lat="54.793201" lon="-2.460703">
        <ele>366.5</ele>
      </trkpt>
      <trkpt lat="54.792748" lon="-2.461049">
        <ele>367</ele>
      </trkpt>
      <trkpt lat="54.792505" lon="-2.461373">
        <ele>368.25</ele>
      </trkpt>
      <trkpt lat="54.79215" lon="-2.461971">
        <ele>370.75</ele>
      </trkpt>
      <trkpt lat="54.791822" lon="-2.462676">
        <ele>372.75</ele>
      </trkpt>
      <trkpt lat="54.791542" lon="-2.463252">
        <ele>373.75</ele>
      </trkpt>
      <trkpt lat="54.790333" lon="-2.465087">
        <ele>381.75</ele>
      </trkpt>
      <trkpt lat="54.790133" lon="-2.465606">
        <ele>384</ele>
      </trkpt>
      <trkpt lat="54.789594" lon="-2.467511">
        <ele>389.5</ele>
      </trkpt>
      <trkpt lat="54.789286" lon="-2.468538">
        <ele>391.75</ele>
      </trkpt>
      <trkpt lat="54.789247" lon="-2.468707">
        <ele>392.25</ele>
      </trkpt>
      <trkpt lat="54.789234" lon="-2.468762">
        <ele>392.5</ele>
      </trkpt>
      <trkpt lat="54.788993" lon="-2.470251">
        <ele>397.5</ele>
      </trkpt>
      <trkpt lat="54.788906" lon="-2.470622">
        <ele>399</ele>
      </trkpt>
      <trkpt lat="54.788608" lon="-2.471627">
        <ele>401.75</ele>
      </trkpt>
      <trkpt lat="54.788304" lon="-2.472532">
        <ele>405</ele>
      </trkpt>
      <trkpt lat="54.787996" lon="-2.473391">
        <ele>408.75</ele>
      </trkpt>
      <trkpt lat="54.78772" lon="-2.474252">
        <ele>411.25</ele>
      </trkpt>
      <trkpt lat="54.787618" lon="-2.47457">
        <ele>412</ele>
      </trkpt>
      <trkpt lat="54.787331" lon="-2.475373">
        <ele>414.75</ele>
      </trkpt>
      <trkpt lat="54.787084" lon="-2.4759">
        <ele>417.25</ele>
      </trkpt>
      <trkpt lat="54.786898" lon="-2.476233">
        <ele>418.25</ele>
      </trkpt>
      <trkpt lat="54.786667" lon="-2.476553">
        <ele>419.25</ele>
      </trkpt>
      <trkpt lat="54.786532" lon="-2.476697">
        <ele>419.75</ele>
      </trkpt>
      <trkpt lat="54.784383" lon="-2.478996">
        <ele>430.25</ele>
      </trkpt>
      <trkpt lat="54.784135" lon="-2.479304">
        <ele>431.75</ele>
      </trkpt>
      <trkpt lat="54.783913" lon="-2.479621">
        <ele>432.5</ele>
      </trkpt>
      <trkpt lat="54.78365" lon="-2.480059">
        <ele>433.25</ele>
      </trkpt>
      <trkpt lat="54.78338" lon="-2.480629">
        <ele>435</ele>
      </trkpt>
      <trkpt lat="54.783245" lon="-2.480966">
        <ele>436</ele>
      </trkpt>
      <trkpt lat="54.783135" lon="-2.481299">
        <ele>437.25</ele>
      </trkpt>
      <trkpt lat="54.782844" lon="-2.48232">
        <ele>440.25</ele>
      </trkpt>
      <trkpt lat="54.782716" lon="-2.482726">
        <ele>440.75</ele>
      </trkpt>
      <trkpt lat="54.782433" lon="-2.483481">
        <ele>441</ele>
      </trkpt>
      <trkpt lat="54.781789" lon="-2.485108">
        <ele>443.25</ele>
      </trkpt>
      <trkpt lat="54.781291" lon="-2.486354">
        <ele>445.25</ele>
      </trkpt>
      <trkpt lat="54.78066" lon="-2.487944">
        <ele>447.5</ele>
      </trkpt>
      <trkpt lat="54.780282" lon="-2.488896">
        <ele>449</ele>
      </trkpt>
      <trkpt lat="54.779293" lon="-2.49137">
        <ele>452.75</ele>
      </trkpt>
      <trkpt lat="54.77868" lon="-2.492989">
        <ele>453</ele>
      </trkpt>
      <trkpt lat="54.778496" lon="-2.493475">
        <ele>453</ele>
      </trkpt>
      <trkpt lat="54.778288" lon="-2.49398">
        <ele>453.5</ele>
      </trkpt>
      <trkpt lat="54.777682" lon="-2.495247">
        <ele>454</ele>
      </trkpt>
      <trkpt lat="54.776599" lon="-2.497501">
        <ele>460.25</ele>
      </trkpt>
      <trkpt lat="54.776134" lon="-2.498483">
        <ele>462.5</ele>
      </trkpt>
      <trkpt lat="54.776" lon="-2.498863">
        <ele>463.5</ele>
      </trkpt>
      <trkpt lat="54.775813" lon="-2.499766">
        <ele>466.25</ele>
      </trkpt>
      <trkpt lat="54.775536" lon="-2.500833">
        <ele>466.75</ele>
      </trkpt>
      <trkpt lat="54.775499" lon="-2.501">
        <ele>467</ele>
      </trkpt>
      <trkpt lat="54.775474" lon="-2.501329">
        <ele>468</ele>
      </trkpt>
      <trkpt lat="54.775467" lon="-2.501624">
        <ele>469</ele>
      </trkpt>
      <trkpt lat="54.775515" lon="-2.502636">
        <ele>474</ele>
      </trkpt>
      <trkpt lat="54.775509" lon="-2.502822">
        <ele>474.25</ele>
      </trkpt>
      <trkpt lat="54.775493" lon="-2.502988">
        <ele>474.5</ele>
      </trkpt>
      <trkpt lat="54.775447" lon="-2.503182">
        <ele>474.5</ele>
      </trkpt>
      <trkpt lat="54.775411" lon="-2.503297">
        <ele>474.25</ele>
      </trkpt>
      <trkpt lat="54.775356" lon="-2.503472">
        <ele>474.25</ele>
      </trkpt>
      <trkpt lat="54.775199" lon="-2.503884">
        <ele>474.25</ele>
      </trkpt>
      <trkpt lat="54.775102" lon="-2.504193">
        <ele>474.5</ele>
      </trkpt>
      <trkpt lat="54.774952" lon="-2.504888">
        <ele>475.75</ele>
      </trkpt>
      <trkpt lat="54.774891" lon="-2.505253">
        <ele>476.25</ele>
      </trkpt>
      <trkpt lat="54.774848" lon="-2.50563">
        <ele>477</ele>
      </trkpt>
      <trkpt lat="54.774828" lon="-2.505935">
        <ele>477.75</ele>
      </trkpt>
      <trkpt lat="54.77482" lon="-2.506317">
        <ele>478.5</ele>
      </trkpt>
      <trkpt lat="54.774827" lon="-2.50658">
        <ele>479.25</ele>
      </trkpt>
      <trkpt lat="54.774873" lon="-2.506922">
        <ele>480.5</ele>
      </trkpt>
      <trkpt lat="54.774923" lon="-2.507238">
        <ele>482</ele>
      </trkpt>
      <trkpt lat="54.77497" lon="-2.5076">
        <ele>483.75</ele>
      </trkpt>
      <trkpt lat="54.775021" lon="-2.509088">
        <ele>488.25</ele>
      </trkpt>
      <trkpt lat="54.775007" lon="-2.509364">
        <ele>488.5</ele>
      </trkpt>
      <trkpt lat="54.774967" lon="-2.509635">
        <ele>488.5</ele>
      </trkpt>
      <trkpt lat="54.774844" lon="-2.510162">
        <ele>488.25</ele>
      </trkpt>
      <trkpt lat="54.774807" lon="-2.510367">
        <ele>488.75</ele>
      </trkpt>
      <trkpt lat="54.774779" lon="-2.510629">
        <ele>489.25</ele>
      </trkpt>
      <trkpt lat="54.774762" lon="-2.511016">
        <ele>490.5</ele>
      </trkpt>
      <trkpt lat="54.774769" lon="-2.511834">
        <ele>493.75</ele>
      </trkpt>
      <trkpt lat="54.774789" lon="-2.512192">
        <ele>494.75</ele>
      </trkpt>
      <trkpt lat="54.774867" lon="-2.512983">
        <ele>497.25</ele>
      </trkpt>
      <trkpt lat="54.774876" lon="-2.513322">
        <ele>498</ele>
      </trkpt>
      <trkpt lat="54.774867" lon="-2.513664">
        <ele>499</ele>
      </trkpt>
      <trkpt lat="54.774785" lon="-2.514686">
        <ele>500.75</ele>
      </trkpt>
      <trkpt lat="54.774762" lon="-2.515093">
        <ele>501.25</ele>
      </trkpt>
      <trkpt lat="54.774781" lon="-2.515506">
        <ele>502.25</ele>
      </trkpt>
      <trkpt lat="54.774867" lon="-2.515989">
        <ele>504</ele>
      </trkpt>
      <trkpt lat="54.77491" lon="-2.516317">
        <ele>504.75</ele>
      </trkpt>
      <trkpt lat="54.774918" lon="-2.516698">
        <ele>505</ele>
      </trkpt>
      <trkpt lat="54.774902" lon="-2.516969">
        <ele>505.5</ele>
      </trkpt>
      <trkpt lat="54.774851" lon="-2.517445">
        <ele>506</ele>
      </trkpt>
      <trkpt lat="54.77481" lon="-2.517679">
        <ele>505.75</ele>
      </trkpt>
      <trkpt lat="54.77471" lon="-2.518161">
        <ele>505.5</ele>
      </trkpt>
      <trkpt lat="54.77469" lon="-2.518373">
        <ele>505.75</ele>
      </trkpt>
      <trkpt lat="54.774708" lon="-2.519034">
        <ele>508.5</ele>
      </trkpt>
      <trkpt lat="54.774706" lon="-2.519215">
        <ele>509.25</ele>
      </trkpt>
      <trkpt lat="54.774687" lon="-2.519401">
        <ele>509.75</ele>
      </trkpt>
      <trkpt lat="54.774587" lon="-2.519967">
        <ele>511.25</ele>
      </trkpt>
      <trkpt lat="54.774562" lon="-2.520225">
        <ele>511.75</ele>
      </trkpt>
      <trkpt lat="54.774566" lon="-2.520486">
        <ele>512.5</ele>
      </trkpt>
      <trkpt lat="54.774578" lon="-2.520676">
        <ele>513</ele>
      </trkpt>
      <trkpt lat="54.774585" lon="-2.520788">
        <ele>513.25</ele>
      </trkpt>
      <trkpt lat="54.77463" lon="-2.52113">
        <ele>514.25</ele>
      </trkpt>
      <trkpt lat="54.774747" lon="-2.521891">
        <ele>516.25</ele>
      </trkpt>
      <trkpt lat="54.774769" lon="-2.522106">
        <ele>517</ele>
      </trkpt>
      <trkpt lat="54.774775" lon="-2.522325">
        <ele>517.75</ele>
      </trkpt>
      <trkpt lat="54.774762" lon="-2.522547">
        <ele>518.25</ele>
      </trkpt>
      <trkpt lat="54.774717" lon="-2.523057">
        <ele>518.75</ele>
      </trkpt>
      <trkpt lat="54.774691" lon="-2.523471">
        <ele>519.25</ele>
      </trkpt>
      <trkpt lat="54.77468" lon="-2.523813">
        <ele>520</ele>
      </trkpt>
      <trkpt lat="54.774709" lon="-2.525112">
        <ele>522.75</ele>
      </trkpt>
      <trkpt lat="54.774729" lon="-2.525703">
        <ele>523.25</ele>
      </trkpt>
      <trkpt lat="54.774784" lon="-2.52664">
        <ele>524</ele>
      </trkpt>
      <trkpt lat="54.774764" lon="-2.527246">
        <ele>525.25</ele>
      </trkpt>
      <trkpt lat="54.774754" lon="-2.527678">
        <ele>526</ele>
      </trkpt>
      <trkpt lat="54.774756" lon="-2.527891">
        <ele>526.5</ele>
      </trkpt>
      <trkpt lat="54.774776" lon="-2.528424">
        <ele>528.25</ele>
      </trkpt>
      <trkpt lat="54.774774" lon="-2.528783">
        <ele>529</ele>
      </trkpt>
      <trkpt lat="54.774714" lon="-2.529897">
        <ele>531.5</ele>
      </trkpt>
      <trkpt lat="54.774677" lon="-2.530411">
        <ele>533</ele>
      </trkpt>
      <trkpt lat="54.774639" lon="-2.531074">
        <ele>534.75</ele>
      </trkpt>
      <trkpt lat="54.774612" lon="-2.531609">
        <ele>535.75</ele>
      </trkpt>
      <trkpt lat="54.774619" lon="-2.532271">
        <ele>537</ele>
      </trkpt>
      <trkpt lat="54.774679" lon="-2.532964">
        <ele>539</ele>
      </trkpt>
      <trkpt lat="54.774695" lon="-2.533099">
        <ele>539.5</ele>
      </trkpt>
      <trkpt lat="54.774711" lon="-2.533241">
        <ele>540</ele>
      </trkpt>
      <trkpt lat="54.774719" lon="-2.533407">
        <ele>540.5</ele>
      </trkpt>
      <trkpt lat="54.774709" lon="-2.533575">
        <ele>541.5</ele>
      </trkpt>
      <trkpt lat="54.774656" lon="-2.533879">
        <ele>542.5</ele>
      </trkpt>
      <trkpt lat="54.7746" lon="-2.534061">
        <ele>543</ele>
      </trkpt>
      <trkpt lat="54.774509" lon="-2.534247">
        <ele>543</ele>
      </trkpt>
      <trkpt lat="54.774182" lon="-2.534612">
        <ele>542.25</ele>
      </trkpt>
      <trkpt lat="54.773981" lon="-2.534921">
        <ele>543</ele>
      </trkpt>
      <trkpt lat="54.773841" lon="-2.535168">
        <ele>543.75</ele>
      </trkpt>
      <trkpt lat="54.773646" lon="-2.53556">
        <ele>544.75</ele>
      </trkpt>
      <trkpt lat="54.773562" lon="-2.535804">
        <ele>545.5</ele>
      </trkpt>
      <trkpt lat="54.773479" lon="-2.536086">
        <ele>546.25</ele>
      </trkpt>
      <trkpt lat="54.773353" lon="-2.536663">
        <ele>548</ele>
      </trkpt>
      <trkpt lat="54.773191" lon="-2.537585">
        <ele>551.75</ele>
      </trkpt>
      <trkpt lat="54.772976" lon="-2.53906">
        <ele>557.25</ele>
      </trkpt>
      <trkpt lat="54.772908" lon="-2.539415">
        <ele>558</ele>
      </trkpt>
      <trkpt lat="54.772835" lon="-2.539649">
        <ele>558</ele>
      </trkpt>
      <trkpt lat="54.772735" lon="-2.539922">
        <ele>558</ele>
      </trkpt>
      <trkpt lat="54.772457" lon="-2.540635">
        <ele>558.25</ele>
      </trkpt>
      <trkpt lat="54.772221" lon="-2.541315">
        <ele>559.25</ele>
      </trkpt>
      <trkpt lat="54.771964" lon="-2.542075">
        <ele>559.5</ele>
      </trkpt>
      <trkpt lat="54.771904" lon="-2.542317">
        <ele>559.5</ele>
      </trkpt>
      <trkpt lat="54.771873" lon="-2.54255">
        <ele>560</ele>
      </trkpt>
      <trkpt lat="54.771851" lon="-2.542794">
        <ele>560.5</ele>
      </trkpt>
      <trkpt lat="54.771842" lon="-2.543052">
        <ele>561.5</ele>
      </trkpt>
      <trkpt lat="54.771838" lon="-2.543371">
        <ele>562.5</ele>
      </trkpt>
      <trkpt lat="54.77185" lon="-2.544215">
        <ele>566.5</ele>
      </trkpt>
      <trkpt lat="54.771823" lon="-2.544576">
        <ele>567.5</ele>
      </trkpt>
      <trkpt lat="54.771793" lon="-2.544736">
        <ele>567.5</ele>
      </trkpt>
      <trkpt lat="54.771738" lon="-2.544917">
        <ele>567.5</ele>
      </trkpt>
      <trkpt lat="54.771645" lon="-2.545168">
        <ele>567.5</ele>
      </trkpt>
      <trkpt lat="54.771473" lon="-2.545674">
        <ele>567.75</ele>
      </trkpt>
      <trkpt lat="54.771127" lon="-2.546811">
        <ele>569</ele>
      </trkpt>
      <trkpt lat="54.771031" lon="-2.547155">
        <ele>569.75</ele>
      </trkpt>
      <trkpt lat="54.770973" lon="-2.547493">
        <ele>571.25</ele>
      </trkpt>
      <trkpt lat="54.770915" lon="-2.54798">
        <ele>573.5</ele>
      </trkpt>
      <trkpt lat="54.770878" lon="-2.548172">
        <ele>574.25</ele>
      </trkpt>
      <trkpt lat="54.770814" lon="-2.548409">
        <ele>575</ele>
      </trkpt>
      <trkpt lat="54.770694" lon="-2.548748">
        <ele>575.25</ele>
      </trkpt>
      <trkpt lat="54.770542" lon="-2.549119">
        <ele>575.75</ele>
      </trkpt>
      <trkpt lat="54.770406" lon="-2.549359">
        <ele>576.25</ele>
      </trkpt>
      <trkpt lat="54.77031" lon="-2.549497">
        <ele>576.5</ele>
      </trkpt>
      <trkpt lat="54.770208" lon="-2.549691">
        <ele>577</ele>
      </trkpt>
      <trkpt lat="54.770134" lon="-2.549867">
        <ele>577.5</ele>
      </trkpt>
      <trkpt lat="54.770075" lon="-2.550089">
        <ele>577.5</ele>
      </trkpt>
      <trkpt lat="54.770038" lon="-2.550388">
        <ele>576.5</ele>
      </trkpt>
      <trkpt lat="54.770038" lon="-2.550489">
        <ele>576</ele>
      </trkpt>
      <trkpt lat="54.770044" lon="-2.550637">
        <ele>575.5</ele>
      </trkpt>
      <trkpt lat="54.770083" lon="-2.550847">
        <ele>574.75</ele>
      </trkpt>
      <trkpt lat="54.770135" lon="-2.551014">
        <ele>574.25</ele>
      </trkpt>
      <trkpt lat="54.770192" lon="-2.551137">
        <ele>574</ele>
      </trkpt>
      <trkpt lat="54.770242" lon="-2.551218">
        <ele>573.75</ele>
      </trkpt>
      <trkpt lat="54.770314" lon="-2.551294">
        <ele>573.5</ele>
      </trkpt>
      <trkpt lat="54.770664" lon="-2.55154">
        <ele>572.5</ele>
      </trkpt>
      <trkpt lat="54.770775" lon="-2.551648">
        <ele>572</ele>
      </trkpt>
      <trkpt lat="54.770888" lon="-2.551797">
        <ele>570.5</ele>
      </trkpt>
      <trkpt lat="54.771163" lon="-2.552404">
        <ele>564.25</ele>
      </trkpt>
      <trkpt lat="54.771252" lon="-2.552533">
        <ele>563</ele>
      </trkpt>
      <trkpt lat="54.771344" lon="-2.552628">
        <ele>562.25</ele>
      </trkpt>
      <trkpt lat="54.771399" lon="-2.552663">
        <ele>562</ele>
      </trkpt>
      <trkpt lat="54.771525" lon="-2.552738">
        <ele>561.5</ele>
      </trkpt>
      <trkpt lat="54.771645" lon="-2.55278">
        <ele>561.5</ele>
      </trkpt>
      <trkpt lat="54.772211" lon="-2.552848">
        <ele>561.5</ele>
      </trkpt>
      <trkpt lat="54.772338" lon="-2.552874">
        <ele>561.5</ele>
      </trkpt>
      <trkpt lat="54.772567" lon="-2.552985">
        <ele>560.5</ele>
      </trkpt>
      <trkpt lat="54.772962" lon="-2.553252">
        <ele>557.25</ele>
      </trkpt>
      <trkpt lat="54.773388" lon="-2.55347">
        <ele>554.25</ele>
      </trkpt>
      <trkpt lat="54.774243" lon="-2.553713">
        <ele>552.75</ele>
      </trkpt>
      <trkpt lat="54.774619" lon="-2.553795">
        <ele>551.5</ele>
      </trkpt>
      <trkpt lat="54.774707" lon="-2.553875">
        <ele>550.5</ele>
      </trkpt>
      <trkpt lat="54.77472" lon="-2.55394">
        <ele>549.75</ele>
      </trkpt>
      <trkpt lat="54.774723" lon="-2.553991">
        <ele>549</ele>
      </trkpt>
      <trkpt lat="54.774723" lon="-2.554026">
        <ele>548.5</ele>
      </trkpt>
      <trkpt lat="54.774697" lon="-2.554097">
        <ele>547.75</ele>
      </trkpt>
      <trkpt lat="54.77467" lon="-2.554132">
        <ele>547.25</ele>
      </trkpt>
      <trkpt lat="54.774544" lon="-2.554154">
        <ele>547</ele>
      </trkpt>
      <trkpt lat="54.774306" lon="-2.554173">
        <ele>546.75</ele>
      </trkpt>
      <trkpt lat="54.774134" lon="-2.55422">
        <ele>546.25</ele>
      </trkpt>
      <trkpt lat="54.77405" lon="-2.554269">
        <ele>545.25</ele>
      </trkpt>
      <trkpt lat="54.773902" lon="-2.554381">
        <ele>543.75</ele>
      </trkpt>
      <trkpt lat="54.773667" lon="-2.554522">
        <ele>541.5</ele>
      </trkpt>
      <trkpt lat="54.77333" lon="-2.554691">
        <ele>538.5</ele>
      </trkpt>
      <trkpt lat="54.773076" lon="-2.554832">
        <ele>537.5</ele>
      </trkpt>
      <trkpt lat="54.772927" lon="-2.554967">
        <ele>536.25</ele>
      </trkpt>
      <trkpt lat="54.772773" lon="-2.555144">
        <ele>535</ele>
      </trkpt>
      <trkpt lat="54.772724" lon="-2.555176">
        <ele>534.75</ele>
      </trkpt>
      <trkpt lat="54.772642" lon="-2.555202">
        <ele>534.75</ele>
      </trkpt>
      <trkpt lat="54.772397" lon="-2.555236">
        <ele>534.5</ele>
      </trkpt>
      <trkpt lat="54.772232" lon="-2.555286">
        <ele>534</ele>
      </trkpt>
      <trkpt lat="54.772012" lon="-2.555395">
        <ele>532.75</ele>
      </trkpt>
      <trkpt lat="54.771789" lon="-2.555486">
        <ele>531.75</ele>
      </trkpt>
      <trkpt lat="54.771496" lon="-2.555542">
        <ele>531</ele>
      </trkpt>
      <trkpt lat="54.77133" lon="-2.55563">
        <ele>530</ele>
      </trkpt>
      <trkpt lat="54.771213" lon="-2.555732">
        <ele>529</ele>
      </trkpt>
      <trkpt lat="54.771121" lon="-2.555856">
        <ele>528</ele>
      </trkpt>
      <trkpt lat="54.770918" lon="-2.556187">
        <ele>525.75</ele>
      </trkpt>
      <trkpt lat="54.770713" lon="-2.556556">
        <ele>524.75</ele>
      </trkpt>
      <trkpt lat="54.770637" lon="-2.556744">
        <ele>524.25</ele>
      </trkpt>
      <trkpt lat="54.77053" lon="-2.557316">
        <ele>522.5</ele>
      </trkpt>
      <trkpt lat="54.770448" lon="-2.557854">
        <ele>520.75</ele>
      </trkpt>
      <trkpt lat="54.770367" lon="-2.558322">
        <ele>519.25</ele>
      </trkpt>
      <trkpt lat="54.770265" lon="-2.558677">
        <ele>518</ele>
      </trkpt>
      <trkpt lat="54.770144" lon="-2.558977">
        <ele>517</ele>
      </trkpt>
      <trkpt lat="54.77006" lon="-2.559206">
        <ele>516.25</ele>
      </trkpt>
      <trkpt lat="54.770009" lon="-2.559373">
        <ele>515.75</ele>
      </trkpt>
      <trkpt lat="54.769971" lon="-2.55953">
        <ele>515.5</ele>
      </trkpt>
      <trkpt lat="54.769936" lon="-2.559791">
        <ele>515</ele>
      </trkpt>
      <trkpt lat="54.76979" lon="-2.561651">
        <ele>509.75</ele>
      </trkpt>
      <trkpt lat="54.769751" lon="-2.561953">
        <ele>509</ele>
      </trkpt>
      <trkpt lat="54.769691" lon="-2.56231">
        <ele>508.25</ele>
      </trkpt>
      <trkpt lat="54.76966" lon="-2.562637">
        <ele>507.5</ele>
      </trkpt>
      <trkpt lat="54.769644" lon="-2.562885">
        <ele>507</ele>
      </trkpt>
      <trkpt lat="54.769644" lon="-2.563155">
        <ele>506.25</ele>
      </trkpt>
      <trkpt lat="54.769652" lon="-2.563547">
        <ele>504.75</ele>
      </trkpt>
      <trkpt lat="54.769685" lon="-2.563877">
        <ele>503</ele>
      </trkpt>
      <trkpt lat="54.769698" lon="-2.564092">
        <ele>501.75</ele>
      </trkpt>
      <trkpt lat="54.769694" lon="-2.564245">
        <ele>501.25</ele>
      </trkpt>
      <trkpt lat="54.76968" lon="-2.564382">
        <ele>501</ele>
      </trkpt>
      <trkpt lat="54.769627" lon="-2.564671">
        <ele>500.5</ele>
      </trkpt>
      <trkpt lat="54.769602" lon="-2.564871">
        <ele>500</ele>
      </trkpt>
      <trkpt lat="54.769603" lon="-2.565124">
        <ele>499.5</ele>
      </trkpt>
      <trkpt lat="54.76966" lon="-2.565403">
        <ele>498.25</ele>
      </trkpt>
      <trkpt lat="54.76978" lon="-2.565816">
        <ele>496</ele>
      </trkpt>
      <trkpt lat="54.769912" lon="-2.566312">
        <ele>493.5</ele>
      </trkpt>
      <trkpt lat="54.770202" lon="-2.567506">
        <ele>485.5</ele>
      </trkpt>
      <trkpt lat="54.770254" lon="-2.567965">
        <ele>484</ele>
      </trkpt>
      <trkpt lat="54.770266" lon="-2.568239">
        <ele>483.5</ele>
      </trkpt>
      <trkpt lat="54.770274" lon="-2.568586">
        <ele>482.25</ele>
      </trkpt>
      <trkpt lat="54.770274" lon="-2.56929">
        <ele>479.25</ele>
      </trkpt>
      <trkpt lat="54.770177" lon="-2.57018">
        <ele>478</ele>
      </trkpt>
      <trkpt lat="54.770055" lon="-2.571107">
        <ele>475.75</ele>
      </trkpt>
      <trkpt lat="54.770042" lon="-2.571345">
        <ele>474.75</ele>
      </trkpt>
      <trkpt lat="54.77004" lon="-2.571617">
        <ele>473.75</ele>
      </trkpt>
      <trkpt lat="54.770072" lon="-2.571943">
        <ele>471.75</ele>
      </trkpt>
      <trkpt lat="54.770102" lon="-2.572496">
        <ele>468.5</ele>
      </trkpt>
      <trkpt lat="54.770103" lon="-2.572835">
        <ele>467</ele>
      </trkpt>
      <trkpt lat="54.770098" lon="-2.573086">
        <ele>466.25</ele>
      </trkpt>
      <trkpt lat="54.770088" lon="-2.573229">
        <ele>465.75</ele>
      </trkpt>
      <trkpt lat="54.770052" lon="-2.573415">
        <ele>465.25</ele>
      </trkpt>
      <trkpt lat="54.770005" lon="-2.573561">
        <ele>465</ele>
      </trkpt>
      <trkpt lat="54.769952" lon="-2.573652">
        <ele>464.25</ele>
      </trkpt>
      <trkpt lat="54.769758" lon="-2.573931">
        <ele>462</ele>
      </trkpt>
      <trkpt lat="54.769505" lon="-2.574246">
        <ele>459.25</ele>
      </trkpt>
      <trkpt lat="54.769413" lon="-2.574341">
        <ele>458.25</ele>
      </trkpt>
      <trkpt lat="54.769223" lon="-2.574414">
        <ele>457.5</ele>
      </trkpt>
      <trkpt lat="54.769101" lon="-2.574395">
        <ele>457.25</ele>
      </trkpt>
      <trkpt lat="54.769002" lon="-2.57433">
        <ele>457.25</ele>
      </trkpt>
      <trkpt lat="54.768874" lon="-2.574165">
        <ele>458.5</ele>
      </trkpt>
      <trkpt lat="54.768793" lon="-2.574094">
        <ele>459</ele>
      </trkpt>
      <trkpt lat="54.768746" lon="-2.574065">
        <ele>459</ele>
      </trkpt>
      <trkpt lat="54.768686" lon="-2.574053">
        <ele>459</ele>
      </trkpt>
      <trkpt lat="54.768554" lon="-2.574058">
        <ele>458.25</ele>
      </trkpt>
      <trkpt lat="54.768292" lon="-2.574092">
        <ele>456.75</ele>
      </trkpt>
      <trkpt lat="54.767925" lon="-2.574138">
        <ele>453.75</ele>
      </trkpt>
      <trkpt lat="54.767614" lon="-2.574154">
        <ele>451.75</ele>
      </trkpt>
      <trkpt lat="54.767462" lon="-2.574162">
        <ele>450.75</ele>
      </trkpt>
      <trkpt lat="54.767342" lon="-2.574134">
        <ele>450.75</ele>
      </trkpt>
      <trkpt lat="54.766933" lon="-2.573947">
        <ele>452.5</ele>
      </trkpt>
      <trkpt lat="54.766784" lon="-2.573921">
        <ele>452.5</ele>
      </trkpt>
      <trkpt lat="54.766669" lon="-2.573915">
        <ele>452</ele>
      </trkpt>
      <trkpt lat="54.766548" lon="-2.573944">
        <ele>451.75</ele>
      </trkpt>
      <trkpt lat="54.766453" lon="-2.573998">
        <ele>451</ele>
      </trkpt>
      <trkpt lat="54.766186" lon="-2.574205">
        <ele>448.5</ele>
      </trkpt>
      <trkpt lat="54.765871" lon="-2.574431">
        <ele>446.5</ele>
      </trkpt>
      <trkpt lat="54.765809" lon="-2.574513">
        <ele>445.75</ele>
      </trkpt>
      <trkpt lat="54.765778" lon="-2.57461">
        <ele>444.75</ele>
      </trkpt>
      <trkpt lat="54.765754" lon="-2.574736">
        <ele>443.5</ele>
      </trkpt>
      <trkpt lat="54.765751" lon="-2.57489">
        <ele>441.75</ele>
      </trkpt>
      <trkpt lat="54.765771" lon="-2.575056">
        <ele>439.75</ele>
      </trkpt>
      <trkpt lat="54.765817" lon="-2.575157">
        <ele>438.75</ele>
      </trkpt>
      <trkpt lat="54.765897" lon="-2.575232">
        <ele>437.5</ele>
      </trkpt>
      <trkpt lat="54.76621" lon="-2.575343">
        <ele>435</ele>
      </trkpt>
      <trkpt lat="54.766306" lon="-2.575396">
        <ele>434</ele>
      </trkpt>
      <trkpt lat="54.76636" lon="-2.575457">
        <ele>433.25</ele>
      </trkpt>
      <trkpt lat="54.766392" lon="-2.575538">
        <ele>432.5</ele>
      </trkpt>
      <trkpt lat="54.7664" lon="-2.575633">
        <ele>431.75</ele>
      </trkpt>
      <trkpt lat="54.76638" lon="-2.575752">
        <ele>430.75</ele>
      </trkpt>
      <trkpt lat="54.766334" lon="-2.57585">
        <ele>430.25</ele>
      </trkpt>
      <trkpt lat="54.766285" lon="-2.575911">
        <ele>430.25</ele>
      </trkpt>
      <trkpt lat="54.76619" lon="-2.575994">
        <ele>430</ele>
      </trkpt>
      <trkpt lat="54.765611" lon="-2.576447">
        <ele>429.25</ele>
      </trkpt>
      <trkpt lat="54.765507" lon="-2.576538">
        <ele>429.25</ele>
      </trkpt>
      <trkpt lat="54.765243" lon="-2.576818">
        <ele>428.25</ele>
      </trkpt>
      <trkpt lat="54.764855" lon="-2.577245">
        <ele>425.75</ele>
      </trkpt>
      <trkpt lat="54.764699" lon="-2.577504">
        <ele>423.75</ele>
      </trkpt>
      <trkpt lat="54.764571" lon="-2.577667">
        <ele>422.5</ele>
      </trkpt>
      <trkpt lat="54.764385" lon="-2.577829">
        <ele>422</ele>
      </trkpt>
      <trkpt lat="54.764261" lon="-2.577914">
        <ele>421.75</ele>
      </trkpt>
      <trkpt lat="54.76413" lon="-2.577952">
        <ele>422</ele>
      </trkpt>
      <trkpt lat="54.763981" lon="-2.577969">
        <ele>422.25</ele>
      </trkpt>
      <trkpt lat="54.763884" lon="-2.577998">
        <ele>422.25</ele>
      </trkpt>
      <trkpt lat="54.763809" lon="-2.578061">
        <ele>421.75</ele>
      </trkpt>
      <trkpt lat="54.763722" lon="-2.578167">
        <ele>421</ele>
      </trkpt>
      <trkpt lat="54.763639" lon="-2.578342">
        <ele>419.75</ele>
      </trkpt>
      <trkpt lat="54.763559" lon="-2.578576">
        <ele>418</ele>
      </trkpt>
      <trkpt lat="54.763515" lon="-2.578673">
        <ele>417.25</ele>
      </trkpt>
      <trkpt lat="54.763441" lon="-2.578777">
        <ele>416.75</ele>
      </trkpt>
      <trkpt lat="54.763402" lon="-2.578841">
        <ele>416.25</ele>
      </trkpt>
      <trkpt lat="54.763186" lon="-2.579044">
        <ele>415.25</ele>
      </trkpt>
      <trkpt lat="54.763011" lon="-2.579177">
        <ele>414.5</ele>
      </trkpt>
      <trkpt lat="54.762861" lon="-2.579263">
        <ele>414</ele>
      </trkpt>
      <trkpt lat="54.762161" lon="-2.5795">
        <ele>412</ele>
      </trkpt>
      <trkpt lat="54.762045" lon="-2.579574">
        <ele>411</ele>
      </trkpt>
      <trkpt lat="54.76181" lon="-2.57977">
        <ele>408.25</ele>
      </trkpt>
      <trkpt lat="54.761595" lon="-2.579913">
        <ele>406</ele>
      </trkpt>
      <trkpt lat="54.761464" lon="-2.579986">
        <ele>404.75</ele>
      </trkpt>
      <trkpt lat="54.761064" lon="-2.58013">
        <ele>402</ele>
      </trkpt>
      <trkpt lat="54.760378" lon="-2.580517">
        <ele>396.25</ele>
      </trkpt>
      <trkpt lat="54.760295" lon="-2.580618">
        <ele>395</ele>
      </trkpt>
      <trkpt lat="54.760197" lon="-2.580813">
        <ele>392.5</ele>
      </trkpt>
      <trkpt lat="54.760114" lon="-2.580942">
        <ele>391</ele>
      </trkpt>
      <trkpt lat="54.760015" lon="-2.58104">
        <ele>390</ele>
      </trkpt>
      <trkpt lat="54.759904" lon="-2.581094">
        <ele>389.25</ele>
      </trkpt>
      <trkpt lat="54.759725" lon="-2.581111">
        <ele>389</ele>
      </trkpt>
      <trkpt lat="54.759602" lon="-2.581087">
        <ele>389.25</ele>
      </trkpt>
      <trkpt lat="54.759402" lon="-2.580999">
        <ele>390.5</ele>
      </trkpt>
      <trkpt lat="54.759254" lon="-2.580974">
        <ele>390.75</ele>
      </trkpt>
      <trkpt lat="54.758257" lon="-2.581163">
        <ele>387.75</ele>
      </trkpt>
      <trkpt lat="54.75814" lon="-2.581229">
        <ele>387</ele>
      </trkpt>
      <trkpt lat="54.758065" lon="-2.581315">
        <ele>386</ele>
      </trkpt>
      <trkpt lat="54.75798" lon="-2.581463">
        <ele>384</ele>
      </trkpt>
      <trkpt lat="54.757915" lon="-2.58162">
        <ele>382</ele>
      </trkpt>
      <trkpt lat="54.757802" lon="-2.581983">
        <ele>377.75</ele>
      </trkpt>
      <trkpt lat="54.757734" lon="-2.582124">
        <ele>376</ele>
      </trkpt>
      <trkpt lat="54.757658" lon="-2.582238">
        <ele>374.5</ele>
      </trkpt>
      <trkpt lat="54.757563" lon="-2.582324">
        <ele>373.25</ele>
      </trkpt>
      <trkpt lat="54.757464" lon="-2.582367">
        <ele>372.75</ele>
      </trkpt>
      <trkpt lat="54.757343" lon="-2.582382">
        <ele>372.5</ele>
      </trkpt>
      <trkpt lat="54.756848" lon="-2.582379">
        <ele>372</ele>
      </trkpt>
      <trkpt lat="54.756459" lon="-2.582407">
        <ele>370</ele>
      </trkpt>
      <trkpt lat="54.756212" lon="-2.582363">
        <ele>369.25</ele>
      </trkpt>
      <trkpt lat="54.75591" lon="-2.582283">
        <ele>368.75</ele>
      </trkpt>
      <trkpt lat="54.755478" lon="-2.582209">
        <ele>366</ele>
      </trkpt>
      <trkpt lat="54.754971" lon="-2.58212">
        <ele>362.75</ele>
      </trkpt>
      <trkpt lat="54.754827" lon="-2.582085">
        <ele>362</ele>
      </trkpt>
      <trkpt lat="54.75427" lon="-2.581838">
        <ele>360.75</ele>
      </trkpt>
      <trkpt lat="54.753589" lon="-2.581535">
        <ele>355.75</ele>
      </trkpt>
      <trkpt lat="54.753363" lon="-2.581417">
        <ele>354.25</ele>
      </trkpt>
      <trkpt lat="54.752831" lon="-2.581088">
        <ele>349.25</ele>
      </trkpt>
      <trkpt lat="54.752489" lon="-2.580863">
        <ele>345.5</ele>
      </trkpt>
      <trkpt lat="54.752398" lon="-2.580787">
        <ele>345.25</ele>
      </trkpt>
      <trkpt lat="54.752316" lon="-2.580682">
        <ele>345.75</ele>
      </trkpt>
      <trkpt lat="54.752143" lon="-2.580205">
        <ele>349.5</ele>
      </trkpt>
      <trkpt lat="54.752081" lon="-2.58011">
        <ele>350</ele>
      </trkpt>
      <trkpt lat="54.75171" lon="-2.579714">
        <ele>350.5</ele>
      </trkpt>
      <trkpt lat="54.751634" lon="-2.579664">
        <ele>350.75</ele>
      </trkpt>
      <trkpt lat="54.751572" lon="-2.579663">
        <ele>351.5</ele>
      </trkpt>
      <trkpt lat="54.751512" lon="-2.579704">
        <ele>351.5</ele>
      </trkpt>
      <trkpt lat="54.751458" lon="-2.579813">
        <ele>350.75</ele>
      </trkpt>
      <trkpt lat="54.751423" lon="-2.580005">
        <ele>348.75</ele>
      </trkpt>
      <trkpt lat="54.751404" lon="-2.580406">
        <ele>344</ele>
      </trkpt>
      <trkpt lat="54.751401" lon="-2.580636">
        <ele>341</ele>
      </trkpt>
      <trkpt lat="54.751367" lon="-2.580827">
        <ele>338.75</ele>
      </trkpt>
      <trkpt lat="54.7513" lon="-2.581007">
        <ele>337</ele>
      </trkpt>
      <trkpt lat="54.751223" lon="-2.581144">
        <ele>335.5</ele>
      </trkpt>
      <trkpt lat="54.751083" lon="-2.581307">
        <ele>334</ele>
      </trkpt>
      <trkpt lat="54.750954" lon="-2.581428">
        <ele>333</ele>
      </trkpt>
      <trkpt lat="54.750898" lon="-2.581459">
        <ele>332.75</ele>
      </trkpt>
      <trkpt lat="54.750783" lon="-2.581474">
        <ele>332</ele>
      </trkpt>
      <trkpt lat="54.750712" lon="-2.581467">
        <ele>331.5</ele>
      </trkpt>
      <trkpt lat="54.750585" lon="-2.581437">
        <ele>330.5</ele>
      </trkpt>
      <trkpt lat="54.750403" lon="-2.581376">
        <ele>329.5</ele>
      </trkpt>
      <trkpt lat="54.749506" lon="-2.58106">
        <ele>326.25</ele>
      </trkpt>
      <trkpt lat="54.749339" lon="-2.581026">
        <ele>325.25</ele>
      </trkpt>
      <trkpt lat="54.748959" lon="-2.581053">
        <ele>322.5</ele>
      </trkpt>
      <trkpt lat="54.748791" lon="-2.581009">
        <ele>322.75</ele>
      </trkpt>
      <trkpt lat="54.748545" lon="-2.580909">
        <ele>323.5</ele>
      </trkpt>
      <trkpt lat="54.748453" lon="-2.580914">
        <ele>323</ele>
      </trkpt>
      <trkpt lat="54.748397" lon="-2.580936">
        <ele>322.5</ele>
      </trkpt>
      <trkpt lat="54.748365" lon="-2.580962">
        <ele>322</ele>
      </trkpt>
      <trkpt lat="54.748322" lon="-2.581036">
        <ele>321</ele>
      </trkpt>
      <trkpt lat="54.747892" lon="-2.581678">
        <ele>313.25</ele>
      </trkpt>
      <trkpt lat="54.747815" lon="-2.581762">
        <ele>312.5</ele>
      </trkpt>
      <trkpt lat="54.747745" lon="-2.581801">
        <ele>312.5</ele>
      </trkpt>
      <trkpt lat="54.747672" lon="-2.581814">
        <ele>312.5</ele>
      </trkpt>
      <trkpt lat="54.747592" lon="-2.581782">
        <ele>313.25</ele>
      </trkpt>
      <trkpt lat="54.747428" lon="-2.581623">
        <ele>316.25</ele>
      </trkpt>
      <trkpt lat="54.747356" lon="-2.581608">
        <ele>317</ele>
      </trkpt>
      <trkpt lat="54.747293" lon="-2.581628">
        <ele>317.5</ele>
      </trkpt>
      <trkpt lat="54.747252" lon="-2.58171">
        <ele>316.75</ele>
      </trkpt>
      <trkpt lat="54.747234" lon="-2.581852">
        <ele>315.5</ele>
      </trkpt>
      <trkpt lat="54.747239" lon="-2.582174">
        <ele>312</ele>
      </trkpt>
      <trkpt lat="54.747234" lon="-2.582313">
        <ele>310.5</ele>
      </trkpt>
      <trkpt lat="54.747202" lon="-2.582472">
        <ele>309</ele>
      </trkpt>
      <trkpt lat="54.747126" lon="-2.582624">
        <ele>308.25</ele>
      </trkpt>
      <trkpt lat="54.746982" lon="-2.582821">
        <ele>307.5</ele>
      </trkpt>
      <trkpt lat="54.746808" lon="-2.583011">
        <ele>307</ele>
      </trkpt>
      <trkpt lat="54.746648" lon="-2.583109">
        <ele>307.5</ele>
      </trkpt>
      <trkpt lat="54.746099" lon="-2.583259">
        <ele>308</ele>
      </trkpt>
      <trkpt lat="54.745938" lon="-2.583335">
        <ele>307.5</ele>
      </trkpt>
      <trkpt lat="54.745825" lon="-2.583424">
        <ele>307</ele>
      </trkpt>
      <trkpt lat="54.745739" lon="-2.583553">
        <ele>306</ele>
      </trkpt>
      <trkpt lat="54.745722" lon="-2.583598">
        <ele>305.75</ele>
      </trkpt>
      <trkpt lat="54.74567" lon="-2.583729">
        <ele>304.5</ele>
      </trkpt>
      <trkpt lat="54.745614" lon="-2.583989">
        <ele>302</ele>
      </trkpt>
      <trkpt lat="54.745569" lon="-2.584529">
        <ele>296.5</ele>
      </trkpt>
      <trkpt lat="54.745535" lon="-2.584712">
        <ele>294.5</ele>
      </trkpt>
      <trkpt lat="54.74549" lon="-2.584802">
        <ele>293.5</ele>
      </trkpt>
      <trkpt lat="54.745454" lon="-2.584845">
        <ele>293</ele>
      </trkpt>
      <trkpt lat="54.745419" lon="-2.584882">
        <ele>292.75</ele>
      </trkpt>
      <trkpt lat="54.745319" lon="-2.58496">
        <ele>291.75</ele>
      </trkpt>
      <trkpt lat="54.745183" lon="-2.585031">
        <ele>290.75</ele>
      </trkpt>
      <trkpt lat="54.745102" lon="-2.585061">
        <ele>290.25</ele>
      </trkpt>
      <trkpt lat="54.744964" lon="-2.585087">
        <ele>289.75</ele>
      </trkpt>
      <trkpt lat="54.744831" lon="-2.58504">
        <ele>289.5</ele>
      </trkpt>
      <trkpt lat="54.744727" lon="-2.58495">
        <ele>290.25</ele>
      </trkpt>
      <trkpt lat="54.744381" lon="-2.584619">
        <ele>293.25</ele>
      </trkpt>
      <trkpt lat="54.744332" lon="-2.584586">
        <ele>293.5</ele>
      </trkpt>
      <trkpt lat="54.744274" lon="-2.584571">
        <ele>293.5</ele>
      </trkpt>
      <trkpt lat="54.744199" lon="-2.584576">
        <ele>293</ele>
      </trkpt>
      <trkpt lat="54.744094" lon="-2.584666">
        <ele>292.5</ele>
      </trkpt>
      <trkpt lat="54.74382" lon="-2.585001">
        <ele>290.5</ele>
      </trkpt>
      <trkpt lat="54.743732" lon="-2.585061">
        <ele>290.75</ele>
      </trkpt>
      <trkpt lat="54.743449" lon="-2.585086">
        <ele>293.5</ele>
      </trkpt>
      <trkpt lat="54.743373" lon="-2.585109">
        <ele>294</ele>
      </trkpt>
      <trkpt lat="54.743233" lon="-2.585258">
        <ele>292.75</ele>
      </trkpt>
      <trkpt lat="54.743064" lon="-2.585564">
        <ele>289.5</ele>
      </trkpt>
      <trkpt lat="54.742813" lon="-2.585811">
        <ele>287.25</ele>
      </trkpt>
      <trkpt lat="54.741853" lon="-2.585951">
        <ele>285.25</ele>
      </trkpt>
      <trkpt lat="54.741589" lon="-2.586062">
        <ele>282.75</ele>
      </trkpt>
      <trkpt lat="54.741365" lon="-2.586188">
        <ele>280</ele>
      </trkpt>
      <trkpt lat="54.741284" lon="-2.586315">
        <ele>277.5</ele>
      </trkpt>
      <trkpt lat="54.741201" lon="-2.586567">
        <ele>273</ele>
      </trkpt>
      <trkpt lat="54.741146" lon="-2.586701">
        <ele>270.5</ele>
      </trkpt>
      <trkpt lat="54.741074" lon="-2.586822">
        <ele>269</ele>
      </trkpt>
      <trkpt lat="54.740948" lon="-2.586937">
        <ele>267.25</ele>
      </trkpt>
      <trkpt lat="54.740724" lon="-2.587042">
        <ele>265.5</ele>
      </trkpt>
      <trkpt lat="54.740358" lon="-2.587196">
        <ele>263</ele>
      </trkpt>
      <trkpt lat="54.740222" lon="-2.587179">
        <ele>262.75</ele>
      </trkpt>
      <trkpt lat="54.739956" lon="-2.587063">
        <ele>263</ele>
      </trkpt>
      <trkpt lat="54.739814" lon="-2.587023">
        <ele>262.75</ele>
      </trkpt>
      <trkpt lat="54.739668" lon="-2.587018">
        <ele>262.5</ele>
      </trkpt>
      <trkpt lat="54.739488" lon="-2.587024">
        <ele>262</ele>
      </trkpt>
      <trkpt lat="54.739089" lon="-2.587163">
        <ele>260</ele>
      </trkpt>
      <trkpt lat="54.738988" lon="-2.587239">
        <ele>259</ele>
      </trkpt>
      <trkpt lat="54.738898" lon="-2.587329">
        <ele>258.25</ele>
      </trkpt>
      <trkpt lat="54.738646" lon="-2.587791">
        <ele>254</ele>
      </trkpt>
      <trkpt lat="54.738481" lon="-2.587953">
        <ele>252.25</ele>
      </trkpt>
      <trkpt lat="54.738408" lon="-2.588059">
        <ele>251.25</ele>
      </trkpt>
      <trkpt lat="54.738265" lon="-2.588317">
        <ele>249.25</ele>
      </trkpt>
      <trkpt lat="54.737854" lon="-2.589211">
        <ele>244.5</ele>
      </trkpt>
      <trkpt lat="54.737028" lon="-2.591225">
        <ele>232.25</ele>
      </trkpt>
      <trkpt lat="54.736933" lon="-2.591376">
        <ele>231.25</ele>
      </trkpt>
      <trkpt lat="54.736837" lon="-2.59145">
        <ele>230.5</ele>
      </trkpt>
      <trkpt lat="54.73674" lon="-2.591485">
        <ele>230</ele>
      </trkpt>
      <trkpt lat="54.736581" lon="-2.591466">
        <ele>229.75</ele>
      </trkpt>
      <trkpt lat="54.735539" lon="-2.591062">
        <ele>226.75</ele>
      </trkpt>
      <trkpt lat="54.735211" lon="-2.590859">
        <ele>226</ele>
      </trkpt>
      <trkpt lat="54.735121" lon="-2.590868">
        <ele>225.5</ele>
      </trkpt>
      <trkpt lat="54.735073" lon="-2.590942">
        <ele>224.75</ele>
      </trkpt>
      <trkpt lat="54.735027" lon="-2.591057">
        <ele>223.75</ele>
      </trkpt>
      <trkpt lat="54.735006" lon="-2.591214">
        <ele>222.5</ele>
      </trkpt>
      <trkpt lat="54.734945" lon="-2.592324">
        <ele>216</ele>
      </trkpt>
      <trkpt lat="54.734838" lon="-2.593163">
        <ele>212</ele>
      </trkpt>
      <trkpt lat="54.734683" lon="-2.594375">
        <ele>206.5</ele>
      </trkpt>
      <trkpt lat="54.734611" lon="-2.594738">
        <ele>204.75</ele>
      </trkpt>
      <trkpt lat="54.734554" lon="-2.594968">
        <ele>203.5</ele>
      </trkpt>
      <trkpt lat="54.734479" lon="-2.595186">
        <ele>202.25</ele>
      </trkpt>
      <trkpt lat="54.734392" lon="-2.595362">
        <ele>201</ele>
      </trkpt>
      <trkpt lat="54.734243" lon="-2.595547">
        <ele>199.5</ele>
      </trkpt>
      <trkpt lat="54.734156" lon="-2.595641">
        <ele>198.75</ele>
      </trkpt>
      <trkpt lat="54.733987" lon="-2.595824">
        <ele>197.5</ele>
      </trkpt>
      <trkpt lat="54.733315" lon="-2.596514">
        <ele>192.5</ele>
      </trkpt>
      <trkpt lat="54.732135" lon="-2.597759">
        <ele>186</ele>
      </trkpt>
      <trkpt lat="54.73181" lon="-2.598123">
        <ele>184</ele>
      </trkpt>
      <trkpt lat="54.731266" lon="-2.598682">
        <ele>182.25</ele>
      </trkpt>
      <trkpt lat="54.730997" lon="-2.599018">
        <ele>181.5</ele>
      </trkpt>
      <trkpt lat="54.730926" lon="-2.59912">
        <ele>181</ele>
      </trkpt>
      <trkpt lat="54.730817" lon="-2.599198">
        <ele>180.75</ele>
      </trkpt>
      <trkpt lat="54.730756" lon="-2.599203">
        <ele>180.5</ele>
      </trkpt>
      <trkpt lat="54.730332" lon="-2.599111">
        <ele>179.25</ele>
      </trkpt>
      <trkpt lat="54.730147" lon="-2.599115">
        <ele>178.5</ele>
      </trkpt>
      <trkpt lat="54.730012" lon="-2.59917">
        <ele>178</ele>
      </trkpt>
      <trkpt lat="54.729887" lon="-2.599327">
        <ele>177</ele>
      </trkpt>
      <trkpt lat="54.729844" lon="-2.59942">
        <ele>176.5</ele>
      </trkpt>
      <trkpt lat="54.729762" lon="-2.599609">
        <ele>175.75</ele>
      </trkpt>
      <trkpt lat="54.72932" lon="-2.600733">
        <ele>174</ele>
      </trkpt>
      <trkpt lat="54.729138" lon="-2.601085">
        <ele>174</ele>
      </trkpt>
      <trkpt lat="54.72913" lon="-2.601102">
        <ele>174</ele>
      </trkpt>
      <trkpt lat="54.728773" lon="-2.601665">
        <ele>172.5</ele>
      </trkpt>
      <trkpt lat="54.72861" lon="-2.601954">
        <ele>172</ele>
      </trkpt>
      <trkpt lat="54.728491" lon="-2.602257">
        <ele>171.75</ele>
      </trkpt>
      <trkpt lat="54.728363" lon="-2.602765">
        <ele>171.5</ele>
      </trkpt>
      <trkpt lat="54.728273" lon="-2.603226">
        <ele>171.75</ele>
      </trkpt>
      <trkpt lat="54.728251" lon="-2.603392">
        <ele>171.75</ele>
      </trkpt>
      <trkpt lat="54.728252" lon="-2.603507">
        <ele>171.5</ele>
      </trkpt>
      <trkpt lat="54.72826" lon="-2.603677">
        <ele>171.25</ele>
      </trkpt>
      <trkpt lat="54.728268" lon="-2.603764">
        <ele>171.25</ele>
      </trkpt>
      <trkpt lat="54.728319" lon="-2.604026">
        <ele>171</ele>
      </trkpt>
      <trkpt lat="54.728362" lon="-2.604173">
        <ele>171</ele>
      </trkpt>
      <trkpt lat="54.728521" lon="-2.604447">
        <ele>171.75</ele>
      </trkpt>
      <trkpt lat="54.72864" lon="-2.604691">
        <ele>172</ele>
      </trkpt>
      <trkpt lat="54.728749" lon="-2.604955">
        <ele>172</ele>
      </trkpt>
      <trkpt lat="54.728976" lon="-2.605681">
        <ele>172.25</ele>
      </trkpt>
      <trkpt lat="54.729193" lon="-2.606456">
        <ele>172.25</ele>
      </trkpt>
      <trkpt lat="54.729352" lon="-2.607131">
        <ele>172</ele>
      </trkpt>
      <trkpt lat="54.729417" lon="-2.60737">
        <ele>172</ele>
      </trkpt>
      <trkpt lat="54.729479" lon="-2.607564">
        <ele>172</ele>
      </trkpt>
      <trkpt lat="54.729536" lon="-2.607684">
        <ele>172.25</ele>
      </trkpt>
      <trkpt lat="54.729828" lon="-2.608314">
        <ele>173.25</ele>
      </trkpt>
      <trkpt lat="54.729943" lon="-2.608605">
        <ele>173.25</ele>
      </trkpt>
      <trkpt lat="54.730023" lon="-2.608864">
        <ele>173.25</ele>
      </trkpt>
      <trkpt lat="54.730103" lon="-2.609218">
        <ele>172.5</ele>
      </trkpt>
      <trkpt lat="54.730151" lon="-2.609524">
        <ele>172.5</ele>
      </trkpt>
      <trkpt lat="54.730155" lon="-2.609786">
        <ele>172.25</ele>
      </trkpt>
      <trkpt lat="54.730117" lon="-2.610152">
        <ele>172</ele>
      </trkpt>
      <trkpt lat="54.72995" lon="-2.611075">
        <ele>168.75</ele>
      </trkpt>
      <trkpt lat="54.729923" lon="-2.611172">
        <ele>168.25</ele>
      </trkpt>
      <trkpt lat="54.729849" lon="-2.611439">
        <ele>167</ele>
      </trkpt>
      <trkpt lat="54.729704" lon="-2.611808">
        <ele>165</ele>
      </trkpt>
      <trkpt lat="54.728872" lon="-2.613634">
        <ele>159.75</ele>
      </trkpt>
      <trkpt lat="54.728724" lon="-2.614089">
        <ele>159.75</ele>
      </trkpt>
      <trkpt lat="54.72842" lon="-2.615165">
        <ele>158.75</ele>
      </trkpt>
      <trkpt lat="54.72809" lon="-2.61626">
        <ele>155.75</ele>
      </trkpt>
      <trkpt lat="54.727983" lon="-2.616509">
        <ele>154.5</ele>
      </trkpt>
      <trkpt lat="54.727827" lon="-2.616833">
        <ele>152.5</ele>
      </trkpt>
      <trkpt lat="54.727728" lon="-2.617013">
        <ele>151</ele>
      </trkpt>
      <trkpt lat="54.727597" lon="-2.617217">
        <ele>149.25</ele>
      </trkpt>
      <trkpt lat="54.727144" lon="-2.617799">
        <ele>146.5</ele>
      </trkpt>
      <trkpt lat="54.727009" lon="-2.617984">
        <ele>146.25</ele>
      </trkpt>
      <trkpt lat="54.726833" lon="-2.618251">
        <ele>146</ele>
      </trkpt>
      <trkpt lat="54.726036" lon="-2.619753">
        <ele>144.25</ele>
      </trkpt>
      <trkpt lat="54.725711" lon="-2.620363">
        <ele>142.25</ele>
      </trkpt>
      <trkpt lat="54.725517" lon="-2.62081">
        <ele>140.5</ele>
      </trkpt>
      <trkpt lat="54.725144" lon="-2.621996">
        <ele>139.75</ele>
      </trkpt>
      <trkpt lat="54.725056" lon="-2.622243">
        <ele>140.25</ele>
      </trkpt>
      <trkpt lat="54.724941" lon="-2.622469">
        <ele>140.75</ele>
      </trkpt>
      <trkpt lat="54.723552" lon="-2.624348">
        <ele>137</ele>
      </trkpt>
      <trkpt lat="54.72332" lon="-2.624631">
        <ele>135.75</ele>
      </trkpt>
      <trkpt lat="54.723078" lon="-2.624832">
        <ele>135.25</ele>
      </trkpt>
      <trkpt lat="54.722001" lon="-2.625546">
        <ele>134.75</ele>
      </trkpt>
      <trkpt lat="54.721757" lon="-2.625712">
        <ele>135.5</ele>
      </trkpt>
      <trkpt lat="54.720911" lon="-2.626286">
        <ele>135.75</ele>
      </trkpt>
      <trkpt lat="54.719869" lon="-2.626857">
        <ele>134</ele>
      </trkpt>
      <trkpt lat="54.718935" lon="-2.62732">
        <ele>131.75</ele>
      </trkpt>
      <trkpt lat="54.718092" lon="-2.62781">
        <ele>132</ele>
      </trkpt>
      <trkpt lat="54.717232" lon="-2.628209">
        <ele>132.25</ele>
      </trkpt>
      <trkpt lat="54.716575" lon="-2.628561">
        <ele>130</ele>
      </trkpt>
      <trkpt lat="54.716188" lon="-2.628829">
        <ele>128.25</ele>
      </trkpt>
      <trkpt lat="54.715843" lon="-2.629117">
        <ele>127</ele>
      </trkpt>
      <trkpt lat="54.715553" lon="-2.629441">
        <ele>127.5</ele>
      </trkpt>
      <trkpt lat="54.715253" lon="-2.629816">
        <ele>128.25</ele>
      </trkpt>
      <trkpt lat="54.714686" lon="-2.63061">
        <ele>130</ele>
      </trkpt>
      <trkpt lat="54.713881" lon="-2.631772">
        <ele>130.5</ele>
      </trkpt>
      <trkpt lat="54.713375" lon="-2.632536">
        <ele>128.75</ele>
      </trkpt>
      <trkpt lat="54.713101" lon="-2.633014">
        <ele>128.25</ele>
      </trkpt>
      <trkpt lat="54.712809" lon="-2.633645">
        <ele>127.25</ele>
      </trkpt>
      <trkpt lat="54.712354" lon="-2.634677">
        <ele>124.25</ele>
      </trkpt>
      <trkpt lat="54.712073" lon="-2.635208">
        <ele>123</ele>
      </trkpt>
      <trkpt lat="54.71175" lon="-2.635691">
        <ele>122.25</ele>
      </trkpt>
      <trkpt lat="54.711441" lon="-2.636081">
        <ele>122.5</ele>
      </trkpt>
      <trkpt lat="54.71085" lon="-2.636786">
        <ele>124.75</ele>
      </trkpt>
      <trkpt lat="54.709222" lon="-2.638695">
        <ele>133.25</ele>
      </trkpt>
      <trkpt lat="54.708709" lon="-2.639263">
        <ele>134.5</ele>
      </trkpt>
      <trkpt lat="54.708078" lon="-2.639865">
        <ele>135.5</ele>
      </trkpt>
      <trkpt lat="54.706578" lon="-2.641211">
        <ele>132.5</ele>
      </trkpt>
      <trkpt lat="54.706125" lon="-2.641699">
        <ele>132.5</ele>
      </trkpt>
      <trkpt lat="54.705189" lon="-2.642847">
        <ele>134.25</ele>
      </trkpt>
      <trkpt lat="54.704752" lon="-2.643424">
        <ele>134.75</ele>
      </trkpt>
      <trkpt lat="54.704427" lon="-2.643925">
        <ele>134.25</ele>
      </trkpt>
      <trkpt lat="54.703908" lon="-2.644815">
        <ele>134</ele>
      </trkpt>
      <trkpt lat="54.703577" lon="-2.64539">
        <ele>133</ele>
      </trkpt>
      <trkpt lat="54.70317" lon="-2.646012">
        <ele>130.75</ele>
      </trkpt>
      <trkpt lat="54.702733" lon="-2.64658">
        <ele>127.25</ele>
      </trkpt>
      <trkpt lat="54.702292" lon="-2.647122">
        <ele>122.5</ele>
      </trkpt>
      <trkpt lat="54.701931" lon="-2.647511">
        <ele>118</ele>
      </trkpt>
      <trkpt lat="54.701569" lon="-2.647881">
        <ele>114.25</ele>
      </trkpt>
      <trkpt lat="54.701214" lon="-2.648189">
        <ele>111.5</ele>
      </trkpt>
      <trkpt lat="54.700919" lon="-2.648423">
        <ele>109.25</ele>
      </trkpt>
      <trkpt lat="54.700305" lon="-2.64884">
        <ele>107.75</ele>
      </trkpt>
      <trkpt lat="54.699919" lon="-2.649102">
        <ele>108</ele>
      </trkpt>
      <trkpt lat="54.699596" lon="-2.649372">
        <ele>109.25</ele>
      </trkpt>
      <trkpt lat="54.699378" lon="-2.649606">
        <ele>110.5</ele>
      </trkpt>
      <trkpt lat="54.699173" lon="-2.649871">
        <ele>112.5</ele>
      </trkpt>
      <trkpt lat="54.699006" lon="-2.650102">
        <ele>113.75</ele>
      </trkpt>
      <trkpt lat="54.698835" lon="-2.650391">
        <ele>115</ele>
      </trkpt>
      <trkpt lat="54.698683" lon="-2.650724">
        <ele>116.25</ele>
      </trkpt>
      <trkpt lat="54.698532" lon="-2.651094">
        <ele>117.75</ele>
      </trkpt>
      <trkpt lat="54.698316" lon="-2.651786">
        <ele>120</ele>
      </trkpt>
      <trkpt lat="54.697726" lon="-2.653771">
        <ele>124.25</ele>
      </trkpt>
      <trkpt lat="54.697511" lon="-2.654528">
        <ele>126.25</ele>
      </trkpt>
      <trkpt lat="54.697303" lon="-2.655457">
        <ele>127.5</ele>
      </trkpt>
      <trkpt lat="54.697147" lon="-2.656218">
        <ele>128</ele>
      </trkpt>
      <trkpt lat="54.696936" lon="-2.657207">
        <ele>129.5</ele>
      </trkpt>
      <trkpt lat="54.696715" lon="-2.658127">
        <ele>132.25</ele>
      </trkpt>
      <trkpt lat="54.696564" lon="-2.65863">
        <ele>132.5</ele>
      </trkpt>
      <trkpt lat="54.696343" lon="-2.659342">
        <ele>131.75</ele>
      </trkpt>
      <trkpt lat="54.695879" lon="-2.660609">
        <ele>130.25</ele>
      </trkpt>
      <trkpt lat="54.695363" lon="-2.661998">
        <ele>126</ele>
      </trkpt>
      <trkpt lat="54.695098" lon="-2.662712">
        <ele>121.25</ele>
      </trkpt>
      <trkpt lat="54.694946" lon="-2.663249">
        <ele>118</ele>
      </trkpt>
      <trkpt lat="54.694898" lon="-2.663524">
        <ele>116</ele>
      </trkpt>
      <trkpt lat="54.694869" lon="-2.663845">
        <ele>114</ele>
      </trkpt>
      <trkpt lat="54.694868" lon="-2.663966">
        <ele>113.25</ele>
      </trkpt>
      <trkpt lat="54.694867" lon="-2.66425">
        <ele>111.75</ele>
      </trkpt>
      <trkpt lat="54.694893" lon="-2.664731">
        <ele>109.5</ele>
      </trkpt>
      <trkpt lat="54.694921" lon="-2.665083">
        <ele>108</ele>
      </trkpt>
      <trkpt lat="54.694964" lon="-2.66558">
        <ele>106</ele>
      </trkpt>
      <trkpt lat="54.695005" lon="-2.665871">
        <ele>104.75</ele>
      </trkpt>
      <trkpt lat="54.69513" lon="-2.666442">
        <ele>102.5</ele>
      </trkpt>
      <trkpt lat="54.695156" lon="-2.666579">
        <ele>102</ele>
      </trkpt>
      <trkpt lat="54.695178" lon="-2.66676">
        <ele>101.5</ele>
      </trkpt>
      <trkpt lat="54.695175" lon="-2.66689">
        <ele>101.25</ele>
      </trkpt>
      <trkpt lat="54.695146" lon="-2.667088">
        <ele>101</ele>
      </trkpt>
      <trkpt lat="54.695095" lon="-2.667319">
        <ele>100.25</ele>
      </trkpt>
      <trkpt lat="54.694994" lon="-2.667657">
        <ele>99.75</ele>
      </trkpt>
      <trkpt lat="54.694889" lon="-2.668081">
        <ele>98.5</ele>
      </trkpt>
      <trkpt lat="54.694863" lon="-2.668301">
        <ele>98</ele>
      </trkpt>
      <trkpt lat="54.694887" lon="-2.668607">
        <ele>98</ele>
      </trkpt>
      <trkpt lat="54.694943" lon="-2.668826">
        <ele>98.5</ele>
      </trkpt>
      <trkpt lat="54.695066" lon="-2.669254">
        <ele>99</ele>
      </trkpt>
      <trkpt lat="54.695354" lon="-2.670156">
        <ele>99.75</ele>
      </trkpt>
      <trkpt lat="54.695417" lon="-2.670354">
        <ele>99.75</ele>
      </trkpt>
      <trkpt lat="54.69544" lon="-2.670462">
        <ele>99.75</ele>
      </trkpt>
      <trkpt lat="54.695435" lon="-2.670576">
        <ele>99.5</ele>
      </trkpt>
      <trkpt lat="54.695345" lon="-2.670898">
        <ele>98.5</ele>
      </trkpt>
      <trkpt lat="54.695299" lon="-2.67109">
        <ele>98</ele>
      </trkpt>
      <trkpt lat="54.695224" lon="-2.671508">
        <ele>96.75</ele>
      </trkpt>
      <trkpt lat="54.695188" lon="-2.671806">
        <ele>95.75</ele>
      </trkpt>
      <trkpt lat="54.69517" lon="-2.672075">
        <ele>94.75</ele>
      </trkpt>
      <trkpt lat="54.695171" lon="-2.672418">
        <ele>93.5</ele>
      </trkpt>
      <trkpt lat="54.695191" lon="-2.672756">
        <ele>93</ele>
      </trkpt>
      <trkpt lat="54.695354" lon="-2.67432">
        <ele>91.25</ele>
      </trkpt>
      <trkpt lat="54.695374" lon="-2.67457">
        <ele>90.75</ele>
      </trkpt>
      <trkpt lat="54.695371" lon="-2.674662">
        <ele>90.75</ele>
      </trkpt>
      <trkpt lat="54.695355" lon="-2.674731">
        <ele>90.5</ele>
      </trkpt>
      <trkpt lat="54.695321" lon="-2.674775">
        <ele>90.25</ele>
      </trkpt>
      <trkpt lat="54.69528" lon="-2.674799">
        <ele>89.75</ele>
      </trkpt>
      <trkpt lat="54.694589" lon="-2.674952">
        <ele>87</ele>
      </trkpt>
      <trkpt lat="54.694532" lon="-2.674963">
        <ele>86.75</ele>
      </trkpt>
      <trkpt lat="54.694458" lon="-2.675004">
        <ele>86.5</ele>
      </trkpt>
      <trkpt lat="54.694397" lon="-2.675067">
        <ele>86.5</ele>
      </trkpt>
      <trkpt lat="54.694285" lon="-2.675215">
        <ele>86</ele>
      </trkpt>
      <trkpt lat="54.694259" lon="-2.675259">
        <ele>86</ele>
      </trkpt>
      <trkpt lat="54.694197" lon="-2.675372">
        <ele>86</ele>
      </trkpt>
      <trkpt lat="54.69383" lon="-2.676031">
        <ele>86.5</ele>
      </trkpt>
      <trkpt lat="54.693577" lon="-2.67641">
        <ele>87</ele>
      </trkpt>
      <trkpt lat="54.691926" lon="-2.678709">
        <ele>86.5</ele>
      </trkpt>
      <trkpt lat="54.691461" lon="-2.679349">
        <ele>86</ele>
      </trkpt>
      <trkpt lat="54.691195" lon="-2.679781">
        <ele>86</ele>
      </trkpt>
      <trkpt lat="54.690981" lon="-2.680255">
        <ele>86.75</ele>
      </trkpt>
      <trkpt lat="54.690788" lon="-2.680741">
        <ele>87.75</ele>
      </trkpt>
      <trkpt lat="54.690613" lon="-2.681264">
        <ele>88.75</ele>
      </trkpt>
      <trkpt lat="54.690502" lon="-2.681709">
        <ele>89.5</ele>
      </trkpt>
      <trkpt lat="54.690395" lon="-2.682195">
        <ele>91.25</ele>
      </trkpt>
      <trkpt lat="54.690283" lon="-2.68293">
        <ele>94</ele>
      </trkpt>
      <trkpt lat="54.690182" lon="-2.683514">
        <ele>95.75</ele>
      </trkpt>
      <trkpt lat="54.690045" lon="-2.68412">
        <ele>97.75</ele>
      </trkpt>
      <trkpt lat="54.68971" lon="-2.685247">
        <ele>101.25</ele>
      </trkpt>
      <trkpt lat="54.689085" lon="-2.68731">
        <ele>107.75</ele>
      </trkpt>
      <trkpt lat="54.688938" lon="-2.68787">
        <ele>108.75</ele>
      </trkpt>
      <trkpt lat="54.688414" lon="-2.690412">
        <ele>111.75</ele>
      </trkpt>
      <trkpt lat="54.688341" lon="-2.690711">
        <ele>111.75</ele>
      </trkpt>
      <trkpt lat="54.688252" lon="-2.690913">
        <ele>112.25</ele>
      </trkpt>
      <trkpt lat="54.688144" lon="-2.691073">
        <ele>112.25</ele>
      </trkpt>
      <trkpt lat="54.687994" lon="-2.691192">
        <ele>112.5</ele>
      </trkpt>
      <trkpt lat="54.687817" lon="-2.691255">
        <ele>112.75</ele>
      </trkpt>
      <trkpt lat="54.687184" lon="-2.691265">
        <ele>113.25</ele>
      </trkpt>
      <trkpt lat="54.686894" lon="-2.69133">
        <ele>113</ele>
      </trkpt>
      <trkpt lat="54.686578" lon="-2.691438">
        <ele>113</ele>
      </trkpt>
      <trkpt lat="54.686296" lon="-2.691575">
        <ele>114</ele>
      </trkpt>
      <trkpt lat="54.686027" lon="-2.691754">
        <ele>114.75</ele>
      </trkpt>
      <trkpt lat="54.685738" lon="-2.692016">
        <ele>115.5</ele>
      </trkpt>
      <trkpt lat="54.683566" lon="-2.694171">
        <ele>122</ele>
      </trkpt>
      <trkpt lat="54.683364" lon="-2.694289">
        <ele>122.75</ele>
      </trkpt>
      <trkpt lat="54.683122" lon="-2.694357">
        <ele>123.75</ele>
      </trkpt>
      <trkpt lat="54.682261" lon="-2.694442">
        <ele>127.25</ele>
      </trkpt>
      <trkpt lat="54.682064" lon="-2.694495">
        <ele>127.75</ele>
      </trkpt>
      <trkpt lat="54.680721" lon="-2.69508">
        <ele>128</ele>
      </trkpt>
      <trkpt lat="54.680323" lon="-2.695179">
        <ele>127.5</ele>
      </trkpt>
      <trkpt lat="54.680059" lon="-2.695182">
        <ele>126.75</ele>
      </trkpt>
      <trkpt lat="54.679777" lon="-2.695068">
        <ele>124.75</ele>
      </trkpt>
      <trkpt lat="54.676997" lon="-2.693843">
        <ele>122.25</ele>
      </trkpt>
      <trkpt lat="54.676744" lon="-2.693724">
        <ele>122.5</ele>
      </trkpt>
      <trkpt lat="54.676594" lon="-2.693694">
        <ele>122.75</ele>
      </trkpt>
      <trkpt lat="54.676465" lon="-2.693709">
        <ele>123.25</ele>
      </trkpt>
      <trkpt lat="54.676223" lon="-2.693784">
        <ele>123.75</ele>
      </trkpt>
      <trkpt lat="54.676012" lon="-2.693908">
        <ele>124.25</ele>
      </trkpt>
      <trkpt lat="54.67583" lon="-2.694096">
        <ele>124.25</ele>
      </trkpt>
      <trkpt lat="54.675491" lon="-2.694552">
        <ele>123</ele>
      </trkpt>
      <trkpt lat="54.674869" lon="-2.695103">
        <ele>121.75</ele>
      </trkpt>
      <trkpt lat="54.674518" lon="-2.69552">
        <ele>121</ele>
      </trkpt>
      <trkpt lat="54.673971" lon="-2.696459">
        <ele>119.25</ele>
      </trkpt>
      <trkpt lat="54.673667" lon="-2.696931">
        <ele>119.25</ele>
      </trkpt>
      <trkpt lat="54.672614" lon="-2.698731">
        <ele>116</ele>
      </trkpt>
      <trkpt lat="54.672577" lon="-2.698785">
        <ele>116.25</ele>
      </trkpt>
      <trkpt lat="54.671541" lon="-2.70049">
        <ele>118</ele>
      </trkpt>
      <trkpt lat="54.671047" lon="-2.701202">
        <ele>119.75</ele>
      </trkpt>
      <trkpt lat="54.670521" lon="-2.701806">
        <ele>122</ele>
      </trkpt>
      <trkpt lat="54.670254" lon="-2.702255">
        <ele>125</ele>
      </trkpt>
      <trkpt lat="54.670059" lon="-2.702685">
        <ele>126.5</ele>
      </trkpt>
      <trkpt lat="54.669911" lon="-2.703091">
        <ele>127.75</ele>
      </trkpt>
      <trkpt lat="54.669825" lon="-2.703539">
        <ele>129.25</ele>
      </trkpt>
      <trkpt lat="54.669652" lon="-2.705292">
        <ele>136.75</ele>
      </trkpt>
      <trkpt lat="54.669569" lon="-2.705909">
        <ele>140.25</ele>
      </trkpt>
      <trkpt lat="54.669433" lon="-2.706419">
        <ele>142.25</ele>
      </trkpt>
      <trkpt lat="54.668626" lon="-2.707884">
        <ele>142.25</ele>
      </trkpt>
      <trkpt lat="54.668063" lon="-2.709371">
        <ele>141</ele>
      </trkpt>
      <trkpt lat="54.667779" lon="-2.710072">
        <ele>140.25</ele>
      </trkpt>
      <trkpt lat="54.667527" lon="-2.710646">
        <ele>140.75</ele>
      </trkpt>
      <trkpt lat="54.666771" lon="-2.711993">
        <ele>142.5</ele>
      </trkpt>
      <trkpt lat="54.666612" lon="-2.712261">
        <ele>142.75</ele>
      </trkpt>
      <trkpt lat="54.666441" lon="-2.712471">
        <ele>143.5</ele>
      </trkpt>
      <trkpt lat="54.665453" lon="-2.713474">
        <ele>141</ele>
      </trkpt>
      <trkpt lat="54.66517" lon="-2.713825">
        <ele>140.75</ele>
      </trkpt>
      <trkpt lat="54.664945" lon="-2.714145">
        <ele>139.75</ele>
      </trkpt>
      <trkpt lat="54.664838" lon="-2.714361">
        <ele>139</ele>
      </trkpt>
      <trkpt lat="54.664745" lon="-2.714597">
        <ele>138.5</ele>
      </trkpt>
      <trkpt lat="54.664565" lon="-2.715198">
        <ele>137.5</ele>
      </trkpt>
      <trkpt lat="54.663968" lon="-2.716862">
        <ele>133</ele>
      </trkpt>
      <trkpt lat="54.663276" lon="-2.718637">
        <ele>127.5</ele>
      </trkpt>
      <trkpt lat="54.662967" lon="-2.719472">
        <ele>127.75</ele>
      </trkpt>
      <trkpt lat="54.662759" lon="-2.720141">
        <ele>126.25</ele>
      </trkpt>
      <trkpt lat="54.662571" lon="-2.720997">
        <ele>126</ele>
      </trkpt>
      <trkpt lat="54.662447" lon="-2.721935">
        <ele>127</ele>
      </trkpt>
      <trkpt lat="54.662403" lon="-2.722756">
        <ele>130.5</ele>
      </trkpt>
      <trkpt lat="54.662428" lon="-2.723612">
        <ele>133.5</ele>
      </trkpt>
      <trkpt lat="54.662465" lon="-2.724222">
        <ele>134.75</ele>
      </trkpt>
      <trkpt lat="54.662515" lon="-2.724657">
        <ele>135</ele>
      </trkpt>
      <trkpt lat="54.662757" lon="-2.725913">
        <ele>139.5</ele>
      </trkpt>
      <trkpt lat="54.662814" lon="-2.726242">
        <ele>140.5</ele>
      </trkpt>
      <trkpt lat="54.662856" lon="-2.726548">
        <ele>141.25</ele>
      </trkpt>
      <trkpt lat="54.662884" lon="-2.726821">
        <ele>142</ele>
      </trkpt>
      <trkpt lat="54.662897" lon="-2.727139">
        <ele>142.75</ele>
      </trkpt>
      <trkpt lat="54.662886" lon="-2.727371">
        <ele>143</ele>
      </trkpt>
      <trkpt lat="54.662868" lon="-2.727539">
        <ele>143.25</ele>
      </trkpt>
      <trkpt lat="54.662841" lon="-2.727692">
        <ele>143.25</ele>
      </trkpt>
      <trkpt lat="54.662798" lon="-2.727898">
        <ele>143.25</ele>
      </trkpt>
      <trkpt lat="54.662725" lon="-2.728137">
        <ele>143.25</ele>
      </trkpt>
      <trkpt lat="54.662656" lon="-2.728332">
        <ele>143.25</ele>
      </trkpt>
      <trkpt lat="54.662609" lon="-2.728435">
        <ele>143.5</ele>
      </trkpt>
      <trkpt lat="54.662535" lon="-2.728572">
        <ele>143.5</ele>
      </trkpt>
      <trkpt lat="54.66246" lon="-2.728689">
        <ele>143.75</ele>
      </trkpt>
      <trkpt lat="54.662376" lon="-2.728798">
        <ele>144</ele>
      </trkpt>
      <trkpt lat="54.662194" lon="-2.728974">
        <ele>144.5</ele>
      </trkpt>
      <trkpt lat="54.661977" lon="-2.729141">
        <ele>144.75</ele>
      </trkpt>
      <trkpt lat="54.661099" lon="-2.729821">
        <ele>143.25</ele>
      </trkpt>
      <trkpt lat="54.660715" lon="-2.73018">
        <ele>143.25</ele>
      </trkpt>
      <trkpt lat="54.660692" lon="-2.730206">
        <ele>143.25</ele>
      </trkpt>
      <trkpt lat="54.660369" lon="-2.73057">
        <ele>143.5</ele>
      </trkpt>
      <trkpt lat="54.660156" lon="-2.730823">
        <ele>143.5</ele>
      </trkpt>
      <trkpt lat="54.659954" lon="-2.731064">
        <ele>143.25</ele>
      </trkpt>
      <trkpt lat="54.659501" lon="-2.731578">
        <ele>141.75</ele>
      </trkpt>
      <trkpt lat="54.659444" lon="-2.731646">
        <ele>141.5</ele>
      </trkpt>
      <trkpt lat="54.659242" lon="-2.731944">
        <ele>140.75</ele>
      </trkpt>
      <trkpt lat="54.658868" lon="-2.732586">
        <ele>138.25</ele>
      </trkpt>
      <trkpt lat="54.658691" lon="-2.732947">
        <ele>137</ele>
      </trkpt>
      <trkpt lat="54.658121" lon="-2.734336">
        <ele>132.75</ele>
      </trkpt>
      <trkpt lat="54.657844" lon="-2.734989">
        <ele>131.25</ele>
      </trkpt>
      <trkpt lat="54.657551" lon="-2.735871">
        <ele>130.25</ele>
      </trkpt>
      <trkpt lat="54.657395" lon="-2.736408">
        <ele>129.75</ele>
      </trkpt>
      <trkpt lat="54.657317" lon="-2.736704">
        <ele>129.25</ele>
      </trkpt>
      <trkpt lat="54.656978" lon="-2.738143">
        <ele>128.75</ele>
      </trkpt>
      <trkpt lat="54.65667" lon="-2.739382">
        <ele>127</ele>
      </trkpt>
      <trkpt lat="54.656521" lon="-2.739916">
        <ele>127.75</ele>
      </trkpt>
      <trkpt lat="54.656338" lon="-2.740498">
        <ele>129.75</ele>
      </trkpt>
      <trkpt lat="54.65613" lon="-2.741126">
        <ele>131.75</ele>
      </trkpt>
      <trkpt lat="54.655858" lon="-2.741825">
        <ele>133</ele>
      </trkpt>
      <trkpt lat="54.655819" lon="-2.741916">
        <ele>133.25</ele>
      </trkpt>
      <trkpt lat="54.65567" lon="-2.742112">
        <ele>133.5</ele>
      </trkpt>
      <trkpt lat="54.655623" lon="-2.742161">
        <ele>133.5</ele>
      </trkpt>
      <trkpt lat="54.655562" lon="-2.742189">
        <ele>133.5</ele>
      </trkpt>
      <trkpt lat="54.655497" lon="-2.742185">
        <ele>133.5</ele>
      </trkpt>
      <trkpt lat="54.65546" lon="-2.742157">
        <ele>133.5</ele>
      </trkpt>
      <trkpt lat="54.655411" lon="-2.742113">
        <ele>133.5</ele>
      </trkpt>
      <trkpt lat="54.655305" lon="-2.741974">
        <ele>133.25</ele>
      </trkpt>
      <trkpt lat="54.655296" lon="-2.741941">
        <ele>133.25</ele>
      </trkpt>
      <trkpt lat="54.65526" lon="-2.741836">
        <ele>133</ele>
      </trkpt>
      <trkpt lat="54.65522" lon="-2.741756">
        <ele>133</ele>
      </trkpt>
      <trkpt lat="54.655176" lon="-2.741681">
        <ele>133</ele>
      </trkpt>
      <trkpt lat="54.655127" lon="-2.741615">
        <ele>133</ele>
      </trkpt>
      <trkpt lat="54.655075" lon="-2.741558">
        <ele>133</ele>
      </trkpt>
      <trkpt lat="54.655019" lon="-2.741512">
        <ele>133</ele>
      </trkpt>
      <trkpt lat="54.654992" lon="-2.741494">
        <ele>133</ele>
      </trkpt>
      <trkpt lat="54.654874" lon="-2.741446">
        <ele>133</ele>
      </trkpt>
      <trkpt lat="54.654754" lon="-2.741443">
        <ele>133.25</ele>
      </trkpt>
      <trkpt lat="54.654685" lon="-2.741473">
        <ele>133.25</ele>
      </trkpt>
      <trkpt lat="54.654619" lon="-2.741517">
        <ele>133.25</ele>
      </trkpt>
      <trkpt lat="54.654556" lon="-2.741576">
        <ele>133.5</ele>
      </trkpt>
      <trkpt lat="54.654501" lon="-2.741643">
        <ele>133.5</ele>
      </trkpt>
      <trkpt lat="54.654451" lon="-2.741721">
        <ele>133.5</ele>
      </trkpt>
      <trkpt lat="54.654406" lon="-2.741809">
        <ele>133.75</ele>
      </trkpt>
      <trkpt lat="54.654346" lon="-2.741965">
        <ele>134</ele>
      </trkpt>
      <trkpt lat="54.654204" lon="-2.742343">
        <ele>134.75</ele>
      </trkpt>
      <trkpt lat="54.654182" lon="-2.742425">
        <ele>134.75</ele>
      </trkpt>
      <trkpt lat="54.654159" lon="-2.742548">
        <ele>135</ele>
      </trkpt>
      <trkpt lat="54.654151" lon="-2.742624">
        <ele>135</ele>
      </trkpt>
      <trkpt lat="54.654144" lon="-2.742753">
        <ele>135.25</ele>
      </trkpt>
      <trkpt lat="54.654151" lon="-2.74292">
        <ele>135.25</ele>
      </trkpt>
      <trkpt lat="54.654179" lon="-2.743105">
        <ele>135.5</ele>
      </trkpt>
      <trkpt lat="54.654213" lon="-2.743233">
        <ele>135.75</ele>
      </trkpt>
      <trkpt lat="54.654264" lon="-2.743522">
        <ele>136</ele>
      </trkpt>
      <trkpt lat="54.654275" lon="-2.743646">
        <ele>136.25</ele>
      </trkpt>
      <trkpt lat="54.65428" lon="-2.743772">
        <ele>136.25</ele>
      </trkpt>
      <trkpt lat="54.654273" lon="-2.74397">
        <ele>136.5</ele>
      </trkpt>
      <trkpt lat="54.65427" lon="-2.744022">
        <ele>136.75</ele>
      </trkpt>
      <trkpt lat="54.654234" lon="-2.744265">
        <ele>137</ele>
      </trkpt>
      <trkpt lat="54.653988" lon="-2.74524">
        <ele>137</ele>
      </trkpt>
      <trkpt lat="54.653793" lon="-2.746052">
        <ele>137.75</ele>
      </trkpt>
      <trkpt lat="54.653621" lon="-2.746842">
        <ele>137.5</ele>
      </trkpt>
      <trkpt lat="54.653533" lon="-2.747336">
        <ele>137.5</ele>
      </trkpt>
      <trkpt lat="54.653454" lon="-2.747835">
        <ele>137</ele>
      </trkpt>
      <trkpt lat="54.653383" lon="-2.748338">
        <ele>136.5</ele>
      </trkpt>
      <trkpt lat="54.65332" lon="-2.748844">
        <ele>135</ele>
      </trkpt>
      <trkpt lat="54.653277" lon="-2.749246">
        <ele>134.25</ele>
      </trkpt>
      <trkpt lat="54.653208" lon="-2.750055">
        <ele>133.25</ele>
      </trkpt>
      <trkpt lat="54.653182" lon="-2.750514">
        <ele>133.25</ele>
      </trkpt>
      <trkpt lat="54.65315" lon="-2.751433">
        <ele>133.5</ele>
      </trkpt>
      <trkpt lat="54.653145" lon="-2.751893">
        <ele>134.25</ele>
      </trkpt>
      <trkpt lat="54.653148" lon="-2.752408">
        <ele>135.75</ele>
      </trkpt>
      <trkpt lat="54.653159" lon="-2.752922">
        <ele>137</ele>
      </trkpt>
      <trkpt lat="54.653179" lon="-2.753435">
        <ele>138</ele>
      </trkpt>
      <trkpt lat="54.653207" lon="-2.753947">
        <ele>137.5</ele>
      </trkpt>
      <trkpt lat="54.653228" lon="-2.754227">
        <ele>137.25</ele>
      </trkpt>
      <trkpt lat="54.65329" lon="-2.754966">
        <ele>136.75</ele>
      </trkpt>
      <trkpt lat="54.653331" lon="-2.755336">
        <ele>136.5</ele>
      </trkpt>
      <trkpt lat="54.653369" lon="-2.75565">
        <ele>136.25</ele>
      </trkpt>
      <trkpt lat="54.65342" lon="-2.756042">
        <ele>136</ele>
      </trkpt>
      <trkpt lat="54.653551" lon="-2.756915">
        <ele>136.5</ele>
      </trkpt>
      <trkpt lat="54.653614" lon="-2.757376">
        <ele>138</ele>
      </trkpt>
      <trkpt lat="54.653623" lon="-2.757493">
        <ele>138.25</ele>
      </trkpt>
      <trkpt lat="54.653623" lon="-2.757611">
        <ele>138.5</ele>
      </trkpt>
      <trkpt lat="54.653615" lon="-2.757727">
        <ele>138.5</ele>
      </trkpt>
      <trkpt lat="54.653599" lon="-2.757842">
        <ele>138.5</ele>
      </trkpt>
      <trkpt lat="54.653575" lon="-2.757952">
        <ele>138.5</ele>
      </trkpt>
      <trkpt lat="54.653543" lon="-2.758058">
        <ele>138.5</ele>
      </trkpt>
      <trkpt lat="54.653503" lon="-2.75816">
        <ele>138.5</ele>
      </trkpt>
      <trkpt lat="54.653455" lon="-2.758252">
        <ele>138.25</ele>
      </trkpt>
      <trkpt lat="54.653342" lon="-2.758412">
        <ele>137.75</ele>
      </trkpt>
      <trkpt lat="54.653231" lon="-2.758476">
        <ele>137.5</ele>
      </trkpt>
      <trkpt lat="54.653139" lon="-2.758586">
        <ele>137.25</ele>
      </trkpt>
      <trkpt lat="54.653052" lon="-2.758712">
        <ele>137</ele>
      </trkpt>
      <trkpt lat="54.652862" lon="-2.759058">
        <ele>136.25</ele>
      </trkpt>
      <trkpt lat="54.65246" lon="-2.759884">
        <ele>136</ele>
      </trkpt>
      <trkpt lat="54.652421" lon="-2.759961">
        <ele>136.25</ele>
      </trkpt>
      <trkpt lat="54.652381" lon="-2.760064">
        <ele>136.75</ele>
      </trkpt>
      <trkpt lat="54.652341" lon="-2.760219">
        <ele>137.25</ele>
      </trkpt>
      <trkpt lat="54.652321" lon="-2.760389">
        <ele>137.75</ele>
      </trkpt>
      <trkpt lat="54.65232" lon="-2.760608">
        <ele>138.5</ele>
      </trkpt>
      <trkpt lat="54.65233" lon="-2.760794">
        <ele>139</ele>
      </trkpt>
      <trkpt lat="54.652337" lon="-2.761231">
        <ele>139.75</ele>
      </trkpt>
      <trkpt lat="54.652371" lon="-2.761707">
        <ele>140.75</ele>
      </trkpt>
      <trkpt lat="54.652376" lon="-2.761778">
        <ele>140.75</ele>
      </trkpt>
      <trkpt lat="54.652371" lon="-2.7622">
        <ele>141.25</ele>
      </trkpt>
      <trkpt lat="54.652353" lon="-2.762463">
        <ele>141.75</ele>
      </trkpt>
      <trkpt lat="54.652308" lon="-2.762842">
        <ele>141.75</ele>
      </trkpt>
      <trkpt lat="54.652085" lon="-2.764186">
        <ele>142.5</ele>
      </trkpt>
      <trkpt lat="54.652046" lon="-2.764356">
        <ele>142.25</ele>
      </trkpt>
      <trkpt lat="54.651972" lon="-2.764685">
        <ele>142.25</ele>
      </trkpt>
      <trkpt lat="54.651643" lon="-2.766036">
        <ele>143</ele>
      </trkpt>
      <trkpt lat="54.651428" lon="-2.766862">
        <ele>144.5</ele>
      </trkpt>
      <trkpt lat="54.6509" lon="-2.769042">
        <ele>145.75</ele>
      </trkpt>
      <trkpt lat="54.650778" lon="-2.76967">
        <ele>147.25</ele>
      </trkpt>
      <trkpt lat="54.650585" lon="-2.770659">
        <ele>151</ele>
      </trkpt>
      <trkpt lat="54.649978" lon="-2.774017">
        <ele>153.75</ele>
      </trkpt>
      <trkpt lat="54.649602" lon="-2.775948">
        <ele>156.75</ele>
      </trkpt>
      <trkpt lat="54.649559" lon="-2.776167">
        <ele>156.75</ele>
      </trkpt>
      <trkpt lat="54.649342" lon="-2.777203">
        <ele>156.5</ele>
      </trkpt>
      <trkpt lat="54.649222" lon="-2.777723">
        <ele>156.5</ele>
      </trkpt>
      <trkpt lat="54.649077" lon="-2.77832">
        <ele>156.25</ele>
      </trkpt>
      <trkpt lat="54.648829" lon="-2.779284">
        <ele>157</ele>
      </trkpt>
      <trkpt lat="54.648567" lon="-2.780297">
        <ele>157.25</ele>
      </trkpt>
      <trkpt lat="54.648506" lon="-2.780463">
        <ele>157.25</ele>
      </trkpt>
      <trkpt lat="54.648428" lon="-2.780617">
        <ele>157</ele>
      </trkpt>
      <trkpt lat="54.648383" lon="-2.780685">
        <ele>157</ele>
      </trkpt>
      <trkpt lat="54.648326" lon="-2.7807">
        <ele>156.75</ele>
      </trkpt>
      <trkpt lat="54.64827" lon="-2.780729">
        <ele>156.5</ele>
      </trkpt>
      <trkpt lat="54.648217" lon="-2.780772">
        <ele>156.25</ele>
      </trkpt>
      <trkpt lat="54.648168" lon="-2.780827">
        <ele>156.25</ele>
      </trkpt>
      <trkpt lat="54.64812" lon="-2.780901">
        <ele>156.25</ele>
      </trkpt>
      <trkpt lat="54.648082" lon="-2.780982">
        <ele>156</ele>
      </trkpt>
      <trkpt lat="54.648051" lon="-2.781072">
        <ele>156</ele>
      </trkpt>
      <trkpt lat="54.648028" lon="-2.781169">
        <ele>156</ele>
      </trkpt>
      <trkpt lat="54.648017" lon="-2.781239">
        <ele>156</ele>
      </trkpt>
      <trkpt lat="54.648008" lon="-2.781373">
        <ele>156.25</ele>
      </trkpt>
      <trkpt lat="54.648014" lon="-2.781508">
        <ele>156.25</ele>
      </trkpt>
      <trkpt lat="54.648035" lon="-2.781639">
        <ele>156.5</ele>
      </trkpt>
      <trkpt lat="54.64807" lon="-2.78176">
        <ele>156.75</ele>
      </trkpt>
      <trkpt lat="54.648106" lon="-2.781845">
        <ele>157</ele>
      </trkpt>
      <trkpt lat="54.648149" lon="-2.78192">
        <ele>157</ele>
      </trkpt>
      <trkpt lat="54.64825" lon="-2.78219">
        <ele>157.5</ele>
      </trkpt>
      <trkpt lat="54.648282" lon="-2.782313">
        <ele>157.75</ele>
      </trkpt>
      <trkpt lat="54.64832" lon="-2.782558">
        <ele>158</ele>
      </trkpt>
      <trkpt lat="54.648329" lon="-2.782695">
        <ele>158</ele>
      </trkpt>
      <trkpt lat="54.648331" lon="-2.782808">
        <ele>158.25</ele>
      </trkpt>
      <trkpt lat="54.648287" lon="-2.783726">
        <ele>160.25</ele>
      </trkpt>
      <trkpt lat="54.648269" lon="-2.784259">
        <ele>162.25</ele>
      </trkpt>
      <trkpt lat="54.648256" lon="-2.784774">
        <ele>164.25</ele>
      </trkpt>
      <trkpt lat="54.648248" lon="-2.785423">
        <ele>165.5</ele>
      </trkpt>
      <trkpt lat="54.648259" lon="-2.786607">
        <ele>166.75</ele>
      </trkpt>
      <trkpt lat="54.648272" lon="-2.787123">
        <ele>166.25</ele>
      </trkpt>
      <trkpt lat="54.648367" lon="-2.789097">
        <ele>166.75</ele>
      </trkpt>
      <trkpt lat="54.648474" lon="-2.790276">
        <ele>168</ele>
      </trkpt>
      <trkpt lat="54.648594" lon="-2.791362">
        <ele>170.25</ele>
      </trkpt>
      <trkpt lat="54.648772" lon="-2.792643">
        <ele>173</ele>
      </trkpt>
      <trkpt lat="54.649098" lon="-2.794801">
        <ele>176</ele>
      </trkpt>
      <trkpt lat="54.649257" lon="-2.79593">
        <ele>175</ele>
      </trkpt>
      <trkpt lat="54.649326" lon="-2.796554">
        <ele>174</ele>
      </trkpt>
      <trkpt lat="54.649373" lon="-2.797055">
        <ele>173.25</ele>
      </trkpt>
      <trkpt lat="54.649404" lon="-2.797521">
        <ele>172.25</ele>
      </trkpt>
      <trkpt lat="54.649421" lon="-2.797994">
        <ele>171.75</ele>
      </trkpt>
      <trkpt lat="54.649432" lon="-2.79891">
        <ele>172.5</ele>
      </trkpt>
      <trkpt lat="54.649427" lon="-2.79942">
        <ele>173</ele>
      </trkpt>
      <trkpt lat="54.649373" lon="-2.80047">
        <ele>176</ele>
      </trkpt>
      <trkpt lat="54.649322" lon="-2.80111">
        <ele>179.5</ele>
      </trkpt>
      <trkpt lat="54.649282" lon="-2.80149">
        <ele>181.25</ele>
      </trkpt>
      <trkpt lat="54.649226" lon="-2.801912">
        <ele>182.25</ele>
      </trkpt>
      <trkpt lat="54.649151" lon="-2.802396">
        <ele>182.75</ele>
      </trkpt>
      <trkpt lat="54.649054" lon="-2.802919">
        <ele>183.25</ele>
      </trkpt>
      <trkpt lat="54.648903" lon="-2.803633">
        <ele>184.5</ele>
      </trkpt>
      <trkpt lat="54.64863" lon="-2.804718">
        <ele>188.25</ele>
      </trkpt>
      <trkpt lat="54.648224" lon="-2.80609">
        <ele>194</ele>
      </trkpt>
      <trkpt lat="54.648079" lon="-2.806596">
        <ele>196</ele>
      </trkpt>
      <trkpt lat="54.647882" lon="-2.807331">
        <ele>199.25</ele>
      </trkpt>
      <trkpt lat="54.647695" lon="-2.808111">
        <ele>203</ele>
      </trkpt>
      <trkpt lat="54.647442" lon="-2.809653">
        <ele>209.75</ele>
      </trkpt>
      <trkpt lat="54.647228" lon="-2.811205">
        <ele>215.5</ele>
      </trkpt>
      <trkpt lat="54.647087" lon="-2.812773">
        <ele>219.75</ele>
      </trkpt>
      <trkpt lat="54.646674" lon="-2.816996">
        <ele>233</ele>
      </trkpt>
      <trkpt lat="54.646329" lon="-2.82063">
        <ele>243.25</ele>
      </trkpt>
      <trkpt lat="54.646305" lon="-2.820884">
        <ele>244</ele>
      </trkpt>
      <trkpt lat="54.64613" lon="-2.822982">
        <ele>248.5</ele>
      </trkpt>
      <trkpt lat="54.645541" lon="-2.829463">
        <ele>255.5</ele>
      </trkpt>
      <trkpt lat="54.64529" lon="-2.831954">
        <ele>254.75</ele>
      </trkpt>
      <trkpt lat="54.644905" lon="-2.836104">
        <ele>254.5</ele>
      </trkpt>
      <trkpt lat="54.644354" lon="-2.841682">
        <ele>262.5</ele>
      </trkpt>
      <trkpt lat="54.644168" lon="-2.84297">
        <ele>264.75</ele>
      </trkpt>
      <trkpt lat="54.643979" lon="-2.843956">
        <ele>264.5</ele>
      </trkpt>
      <trkpt lat="54.643711" lon="-2.845261">
        <ele>264</ele>
      </trkpt>
      <trkpt lat="54.643529" lon="-2.846047">
        <ele>265.25</ele>
      </trkpt>
      <trkpt lat="54.64324" lon="-2.847267">
        <ele>265.25</ele>
      </trkpt>
      <trkpt lat="54.642936" lon="-2.848445">
        <ele>265.25</ele>
      </trkpt>
      <trkpt lat="54.642661" lon="-2.849445">
        <ele>269.25</ele>
      </trkpt>
      <trkpt lat="54.642087" lon="-2.851408">
        <ele>276.5</ele>
      </trkpt>
      <trkpt lat="54.641979" lon="-2.851886">
        <ele>278.5</ele>
      </trkpt>
      <trkpt lat="54.641819" lon="-2.852816">
        <ele>280.75</ele>
      </trkpt>
      <trkpt lat="54.641701" lon="-2.85357">
        <ele>282.5</ele>
      </trkpt>
      <trkpt lat="54.641324" lon="-2.856397">
        <ele>284.5</ele>
      </trkpt>
      <trkpt lat="54.641273" lon="-2.85666">
        <ele>284.75</ele>
      </trkpt>
      <trkpt lat="54.641215" lon="-2.856884">
        <ele>284.25</ele>
      </trkpt>
      <trkpt lat="54.641049" lon="-2.85743">
        <ele>283.5</ele>
      </trkpt>
      <trkpt lat="54.640954" lon="-2.857813">
        <ele>282.5</ele>
      </trkpt>
      <trkpt lat="54.640897" lon="-2.858082">
        <ele>281.5</ele>
      </trkpt>
      <trkpt lat="54.640848" lon="-2.858377">
        <ele>280.5</ele>
      </trkpt>
      <trkpt lat="54.640619" lon="-2.860024">
        <ele>276.25</ele>
      </trkpt>
      <trkpt lat="54.640457" lon="-2.861315">
        <ele>273.5</ele>
      </trkpt>
      <trkpt lat="54.640416" lon="-2.861697">
        <ele>272.75</ele>
      </trkpt>
      <trkpt lat="54.640359" lon="-2.862441">
        <ele>272.75</ele>
      </trkpt>
      <trkpt lat="54.640298" lon="-2.863781">
        <ele>270.5</ele>
      </trkpt>
      <trkpt lat="54.64027" lon="-2.864103">
        <ele>269.5</ele>
      </trkpt>
      <trkpt lat="54.64023" lon="-2.864413">
        <ele>268.5</ele>
      </trkpt>
      <trkpt lat="54.639891" lon="-2.866218">
        <ele>264</ele>
      </trkpt>
      <trkpt lat="54.639579" lon="-2.867902">
        <ele>262.25</ele>
      </trkpt>
      <trkpt lat="54.639506" lon="-2.868273">
        <ele>262</ele>
      </trkpt>
      <trkpt lat="54.639456" lon="-2.868527">
        <ele>262.25</ele>
      </trkpt>
      <trkpt lat="54.639421" lon="-2.868709">
        <ele>262.25</ele>
      </trkpt>
      <trkpt lat="54.639377" lon="-2.868932">
        <ele>262.25</ele>
      </trkpt>
      <trkpt lat="54.639142" lon="-2.870085">
        <ele>263.25</ele>
      </trkpt>
      <trkpt lat="54.639003" lon="-2.870832">
        <ele>264.5</ele>
      </trkpt>
      <trkpt lat="54.638886" lon="-2.871511">
        <ele>264.5</ele>
      </trkpt>
      <trkpt lat="54.638623" lon="-2.87318">
        <ele>261</ele>
      </trkpt>
      <trkpt lat="54.638461" lon="-2.874363">
        <ele>259</ele>
      </trkpt>
      <trkpt lat="54.638393" lon="-2.874766">
        <ele>258.25</ele>
      </trkpt>
      <trkpt lat="54.638357" lon="-2.875001">
        <ele>258</ele>
      </trkpt>
      <trkpt lat="54.63827" lon="-2.875577">
        <ele>258.75</ele>
      </trkpt>
      <trkpt lat="54.638229" lon="-2.875895">
        <ele>259.25</ele>
      </trkpt>
      <trkpt lat="54.638186" lon="-2.876215">
        <ele>259.5</ele>
      </trkpt>
      <trkpt lat="54.638125" lon="-2.876799">
        <ele>260</ele>
      </trkpt>
      <trkpt lat="54.638074" lon="-2.877401">
        <ele>260.25</ele>
      </trkpt>
      <trkpt lat="54.638047" lon="-2.877826">
        <ele>260</ele>
      </trkpt>
      <trkpt lat="54.638003" lon="-2.878936">
        <ele>260.5</ele>
      </trkpt>
      <trkpt lat="54.637994" lon="-2.879734">
        <ele>261</ele>
      </trkpt>
      <trkpt lat="54.637999" lon="-2.880012">
        <ele>261</ele>
      </trkpt>
      <trkpt lat="54.638006" lon="-2.880361">
        <ele>260.25</ele>
      </trkpt>
      <trkpt lat="54.638019" lon="-2.880657">
        <ele>259.75</ele>
      </trkpt>
      <trkpt lat="54.638066" lon="-2.881555">
        <ele>258.25</ele>
      </trkpt>
      <trkpt lat="54.638113" lon="-2.882127">
        <ele>257.75</ele>
      </trkpt>
      <trkpt lat="54.63818" lon="-2.882982">
        <ele>257.75</ele>
      </trkpt>
      <trkpt lat="54.638249" lon="-2.883948">
        <ele>256.5</ele>
      </trkpt>
      <trkpt lat="54.638271" lon="-2.884407">
        <ele>255.5</ele>
      </trkpt>
      <trkpt lat="54.638291" lon="-2.885028">
        <ele>254</ele>
      </trkpt>
      <trkpt lat="54.638302" lon="-2.885615">
        <ele>253.5</ele>
      </trkpt>
      <trkpt lat="54.638301" lon="-2.886122">
        <ele>253.25</ele>
      </trkpt>
      <trkpt lat="54.638293" lon="-2.886467">
        <ele>253.25</ele>
      </trkpt>
      <trkpt lat="54.638257" lon="-2.887396">
        <ele>254.25</ele>
      </trkpt>
      <trkpt lat="54.638203" lon="-2.888149">
        <ele>255</ele>
      </trkpt>
      <trkpt lat="54.638151" lon="-2.888777">
        <ele>256.75</ele>
      </trkpt>
      <trkpt lat="54.638038" lon="-2.889858">
        <ele>259.75</ele>
      </trkpt>
      <trkpt lat="54.63777" lon="-2.891884">
        <ele>262.75</ele>
      </trkpt>
      <trkpt lat="54.637688" lon="-2.892564">
        <ele>263.25</ele>
      </trkpt>
      <trkpt lat="54.637607" lon="-2.893388">
        <ele>264</ele>
      </trkpt>
      <trkpt lat="54.637573" lon="-2.893868">
        <ele>264.25</ele>
      </trkpt>
      <trkpt lat="54.637525" lon="-2.894833">
        <ele>264</ele>
      </trkpt>
      <trkpt lat="54.637505" lon="-2.895799">
        <ele>262</ele>
      </trkpt>
      <trkpt lat="54.637505" lon="-2.896283">
        <ele>260.75</ele>
      </trkpt>
      <trkpt lat="54.637513" lon="-2.896808">
        <ele>259.5</ele>
      </trkpt>
      <trkpt lat="54.637529" lon="-2.897332">
        <ele>257.75</ele>
      </trkpt>
      <trkpt lat="54.637553" lon="-2.897855">
        <ele>256.25</ele>
      </trkpt>
      <trkpt lat="54.637586" lon="-2.898403">
        <ele>255.25</ele>
      </trkpt>
      <trkpt lat="54.637629" lon="-2.898949">
        <ele>254</ele>
      </trkpt>
      <trkpt lat="54.63768" lon="-2.899492">
        <ele>253</ele>
      </trkpt>
      <trkpt lat="54.63774" lon="-2.900034">
        <ele>252.25</ele>
      </trkpt>
      <trkpt lat="54.637808" lon="-2.900571">
        <ele>253</ele>
      </trkpt>
      <trkpt lat="54.637886" lon="-2.901106">
        <ele>253.75</ele>
      </trkpt>
      <trkpt lat="54.637971" lon="-2.901637">
        <ele>254.5</ele>
      </trkpt>
      <trkpt lat="54.638066" lon="-2.902163">
        <ele>255.5</ele>
      </trkpt>
      <trkpt lat="54.638168" lon="-2.902684">
        <ele>256.5</ele>
      </trkpt>
      <trkpt lat="54.63828" lon="-2.903201">
        <ele>257</ele>
      </trkpt>
      <trkpt lat="54.638382" lon="-2.903642">
        <ele>257.25</ele>
      </trkpt>
      <trkpt lat="54.638605" lon="-2.904511">
        <ele>257.75</ele>
      </trkpt>
      <trkpt lat="54.638847" lon="-2.905346">
        <ele>258.25</ele>
      </trkpt>
      <trkpt lat="54.638939" lon="-2.905631">
        <ele>258.75</ele>
      </trkpt>
      <trkpt lat="54.639226" lon="-2.906478">
        <ele>259.75</ele>
      </trkpt>
      <trkpt lat="54.639271" lon="-2.906596">
        <ele>260.25</ele>
      </trkpt>
      <trkpt lat="54.639346" lon="-2.906796">
        <ele>260.25</ele>
      </trkpt>
      <trkpt lat="54.639445" lon="-2.907057">
        <ele>260.5</ele>
      </trkpt>
      <trkpt lat="54.639891" lon="-2.908386">
        <ele>261.5</ele>
      </trkpt>
      <trkpt lat="54.640415" lon="-2.910037">
        <ele>264.25</ele>
      </trkpt>
      <trkpt lat="54.640589" lon="-2.910583">
        <ele>265.5</ele>
      </trkpt>
      <trkpt lat="54.640774" lon="-2.911198">
        <ele>266.5</ele>
      </trkpt>
      <trkpt lat="54.640954" lon="-2.911827">
        <ele>267.75</ele>
      </trkpt>
      <trkpt lat="54.64124" lon="-2.912793">
        <ele>269.5</ele>
      </trkpt>
      <trkpt lat="54.641495" lon="-2.913738">
        <ele>269.5</ele>
      </trkpt>
      <trkpt lat="54.641646" lon="-2.914342">
        <ele>268</ele>
      </trkpt>
      <trkpt lat="54.641783" lon="-2.914957">
        <ele>266.5</ele>
      </trkpt>
      <trkpt lat="54.641932" lon="-2.915732">
        <ele>267.25</ele>
      </trkpt>
      <trkpt lat="54.642058" lon="-2.91652">
        <ele>267.75</ele>
      </trkpt>
      <trkpt lat="54.642161" lon="-2.917322">
        <ele>268.75</ele>
      </trkpt>
      <trkpt lat="54.642241" lon="-2.918133">
        <ele>269.5</ele>
      </trkpt>
      <trkpt lat="54.642297" lon="-2.918949">
        <ele>269</ele>
      </trkpt>
      <trkpt lat="54.642329" lon="-2.919769">
        <ele>268.5</ele>
      </trkpt>
      <trkpt lat="54.642336" lon="-2.920592">
        <ele>269.25</ele>
      </trkpt>
      <trkpt lat="54.642319" lon="-2.921413">
        <ele>269.5</ele>
      </trkpt>
      <trkpt lat="54.642278" lon="-2.922232">
        <ele>270.75</ele>
      </trkpt>
      <trkpt lat="54.642198" lon="-2.92305">
        <ele>271.5</ele>
      </trkpt>
      <trkpt lat="54.642116" lon="-2.923793">
        <ele>271.5</ele>
      </trkpt>
      <trkpt lat="54.642081" lon="-2.924047">
        <ele>271.25</ele>
      </trkpt>
      <trkpt lat="54.642012" lon="-2.924549">
        <ele>271.5</ele>
      </trkpt>
      <trkpt lat="54.641893" lon="-2.925286">
        <ele>271.5</ele>
      </trkpt>
      <trkpt lat="54.641649" lon="-2.926625">
        <ele>271</ele>
      </trkpt>
      <trkpt lat="54.641173" lon="-2.928886">
        <ele>273</ele>
      </trkpt>
      <trkpt lat="54.640938" lon="-2.929898">
        <ele>273.25</ele>
      </trkpt>
      <trkpt lat="54.640002" lon="-2.933631">
        <ele>272.5</ele>
      </trkpt>
      <trkpt lat="54.639215" lon="-2.936568">
        <ele>278.75</ele>
      </trkpt>
      <trkpt lat="54.639159" lon="-2.936778">
        <ele>279.25</ele>
      </trkpt>
      <trkpt lat="54.638554" lon="-2.93896">
        <ele>283</ele>
      </trkpt>
      <trkpt lat="54.637832" lon="-2.941595">
        <ele>284.5</ele>
      </trkpt>
      <trkpt lat="54.637526" lon="-2.942757">
        <ele>283.75</ele>
      </trkpt>
      <trkpt lat="54.637224" lon="-2.943974">
        <ele>282.5</ele>
      </trkpt>
      <trkpt lat="54.637025" lon="-2.944809">
        <ele>281.25</ele>
      </trkpt>
      <trkpt lat="54.636611" lon="-2.94685">
        <ele>279.5</ele>
      </trkpt>
      <trkpt lat="54.636574" lon="-2.947057">
        <ele>279.5</ele>
      </trkpt>
      <trkpt lat="54.63643" lon="-2.947976">
        <ele>279.25</ele>
      </trkpt>
      <trkpt lat="54.636342" lon="-2.948478">
        <ele>278.5</ele>
      </trkpt>
      <trkpt lat="54.636133" lon="-2.949726">
        <ele>275.25</ele>
      </trkpt>
      <trkpt lat="54.635965" lon="-2.950737">
        <ele>272.75</ele>
      </trkpt>
      <trkpt lat="54.635793" lon="-2.951838">
        <ele>270.25</ele>
      </trkpt>
      <trkpt lat="54.635666" lon="-2.952736">
        <ele>267.75</ele>
      </trkpt>
      <trkpt lat="54.635566" lon="-2.953575">
        <ele>265.75</ele>
      </trkpt>
      <trkpt lat="54.635344" lon="-2.955779">
        <ele>261.75</ele>
      </trkpt>
      <trkpt lat="54.635262" lon="-2.956743">
        <ele>260</ele>
      </trkpt>
      <trkpt lat="54.635229" lon="-2.957222">
        <ele>259</ele>
      </trkpt>
      <trkpt lat="54.635203" lon="-2.957849">
        <ele>258.25</ele>
      </trkpt>
      <trkpt lat="54.635203" lon="-2.958833">
        <ele>257.5</ele>
      </trkpt>
      <trkpt lat="54.635219" lon="-2.959344">
        <ele>257</ele>
      </trkpt>
      <trkpt lat="54.635236" lon="-2.95974">
        <ele>257</ele>
      </trkpt>
      <trkpt lat="54.635288" lon="-2.96055">
        <ele>255</ele>
      </trkpt>
      <trkpt lat="54.635349" lon="-2.961251">
        <ele>253</ele>
      </trkpt>
      <trkpt lat="54.636064" lon="-2.967885">
        <ele>239.75</ele>
      </trkpt>
      <trkpt lat="54.63613" lon="-2.968509">
        <ele>237.5</ele>
      </trkpt>
      <trkpt lat="54.636598" lon="-2.972777">
        <ele>228.25</ele>
      </trkpt>
      <trkpt lat="54.636809" lon="-2.974629">
        <ele>223</ele>
      </trkpt>
      <trkpt lat="54.636945" lon="-2.976074">
        <ele>218.5</ele>
      </trkpt>
      <trkpt lat="54.636994" lon="-2.976789">
        <ele>216.25</ele>
      </trkpt>
      <trkpt lat="54.637022" lon="-2.977524">
        <ele>214.25</ele>
      </trkpt>
      <trkpt lat="54.637036" lon="-2.978211">
        <ele>212.5</ele>
      </trkpt>
      <trkpt lat="54.637032" lon="-2.978457">
        <ele>212</ele>
      </trkpt>
      <trkpt lat="54.637013" lon="-2.979366">
        <ele>209.75</ele>
      </trkpt>
      <trkpt lat="54.636994" lon="-2.979792">
        <ele>208.75</ele>
      </trkpt>
      <trkpt lat="54.636967" lon="-2.980237">
        <ele>207.5</ele>
      </trkpt>
      <trkpt lat="54.636918" lon="-2.980835">
        <ele>205.5</ele>
      </trkpt>
      <trkpt lat="54.636856" lon="-2.981477">
        <ele>204</ele>
      </trkpt>
      <trkpt lat="54.636799" lon="-2.981954">
        <ele>202.5</ele>
      </trkpt>
      <trkpt lat="54.636723" lon="-2.982499">
        <ele>200.75</ele>
      </trkpt>
      <trkpt lat="54.636663" lon="-2.98288">
        <ele>200</ele>
      </trkpt>
      <trkpt lat="54.636611" lon="-2.983209">
        <ele>199</ele>
      </trkpt>
      <trkpt lat="54.636473" lon="-2.983944">
        <ele>195.5</ele>
      </trkpt>
      <trkpt lat="54.636378" lon="-2.984384">
        <ele>193.75</ele>
      </trkpt>
      <trkpt lat="54.6362" lon="-2.985121">
        <ele>191.25</ele>
      </trkpt>
      <trkpt lat="54.63569" lon="-2.987142">
        <ele>182.75</ele>
      </trkpt>
      <trkpt lat="54.635455" lon="-2.988168">
        <ele>179.5</ele>
      </trkpt>
      <trkpt lat="54.635263" lon="-2.989142">
        <ele>176.75</ele>
      </trkpt>
      <trkpt lat="54.635104" lon="-2.990052">
        <ele>174.75</ele>
      </trkpt>
      <trkpt lat="54.635009" lon="-2.990641">
        <ele>174</ele>
      </trkpt>
      <trkpt lat="54.634921" lon="-2.991267">
        <ele>173.75</ele>
      </trkpt>
      <trkpt lat="54.634787" lon="-2.992367">
        <ele>172.5</ele>
      </trkpt>
      <trkpt lat="54.634645" lon="-2.993969">
        <ele>173</ele>
      </trkpt>
      <trkpt lat="54.634538" lon="-2.995826">
        <ele>176.25</ele>
      </trkpt>
      <trkpt lat="54.63451" lon="-2.997514">
        <ele>181.25</ele>
      </trkpt>
      <trkpt lat="54.634514" lon="-2.997814">
        <ele>182</ele>
      </trkpt>
      <trkpt lat="54.634516" lon="-2.998004">
        <ele>182.5</ele>
      </trkpt>
      <trkpt lat="54.634564" lon="-3.000254">
        <ele>191.75</ele>
      </trkpt>
      <trkpt lat="54.634581" lon="-3.001472">
        <ele>194.75</ele>
      </trkpt>
      <trkpt lat="54.634574" lon="-3.002618">
        <ele>198</ele>
      </trkpt>
      <trkpt lat="54.634564" lon="-3.003556">
        <ele>200.75</ele>
      </trkpt>
      <trkpt lat="54.634523" lon="-3.00492">
        <ele>204</ele>
      </trkpt>
      <trkpt lat="54.634478" lon="-3.005953">
        <ele>206</ele>
      </trkpt>
      <trkpt lat="54.634428" lon="-3.006951">
        <ele>207.75</ele>
      </trkpt>
      <trkpt lat="54.634301" lon="-3.008812">
        <ele>212.25</ele>
      </trkpt>
      <trkpt lat="54.634129" lon="-3.01059">
        <ele>216.5</ele>
      </trkpt>
      <trkpt lat="54.633951" lon="-3.012102">
        <ele>219.5</ele>
      </trkpt>
      <trkpt lat="54.633794" lon="-3.01328">
        <ele>222</ele>
      </trkpt>
      <trkpt lat="54.633544" lon="-3.014948">
        <ele>224.5</ele>
      </trkpt>
      <trkpt lat="54.633492" lon="-3.015259">
        <ele>225</ele>
      </trkpt>
      <trkpt lat="54.633287" lon="-3.016401">
        <ele>226.25</ele>
      </trkpt>
      <trkpt lat="54.633082" lon="-3.017454">
        <ele>227.5</ele>
      </trkpt>
      <trkpt lat="54.632647" lon="-3.019699">
        <ele>230.25</ele>
      </trkpt>
      <trkpt lat="54.632473" lon="-3.020586">
        <ele>229.25</ele>
      </trkpt>
      <trkpt lat="54.632333" lon="-3.021154">
        <ele>228.25</ele>
      </trkpt>
      <trkpt lat="54.632154" lon="-3.021761">
        <ele>226.25</ele>
      </trkpt>
      <trkpt lat="54.631653" lon="-3.023538">
        <ele>223.75</ele>
      </trkpt>
      <trkpt lat="54.631628" lon="-3.023627">
        <ele>223.75</ele>
      </trkpt>
      <trkpt lat="54.631381" lon="-3.024489">
        <ele>223</ele>
      </trkpt>
      <trkpt lat="54.631119" lon="-3.025288">
        <ele>220.75</ele>
      </trkpt>
      <trkpt lat="54.629071" lon="-3.030999">
        <ele>208.75</ele>
      </trkpt>
      <trkpt lat="54.628647" lon="-3.032089">
        <ele>208.5</ele>
      </trkpt>
      <trkpt lat="54.628473" lon="-3.032489">
        <ele>207.25</ele>
      </trkpt>
      <trkpt lat="54.627691" lon="-3.034262">
        <ele>201</ele>
      </trkpt>
      <trkpt lat="54.627295" lon="-3.035136">
        <ele>196.5</ele>
      </trkpt>
      <trkpt lat="54.626637" lon="-3.036386">
        <ele>190.5</ele>
      </trkpt>
      <trkpt lat="54.626186" lon="-3.037187">
        <ele>187.25</ele>
      </trkpt>
      <trkpt lat="54.625935" lon="-3.037632">
        <ele>184.5</ele>
      </trkpt>
      <trkpt lat="54.624998" lon="-3.039245">
        <ele>177.25</ele>
      </trkpt>
      <trkpt lat="54.62298" lon="-3.041912">
        <ele>168.25</ele>
      </trkpt>
      <trkpt lat="54.621881" lon="-3.043298">
        <ele>164</ele>
      </trkpt>
      <trkpt lat="54.620202" lon="-3.045355">
        <ele>155</ele>
      </trkpt>
      <trkpt lat="54.619893" lon="-3.045741">
        <ele>153.25</ele>
      </trkpt>
      <trkpt lat="54.619339" lon="-3.046444">
        <ele>150</ele>
      </trkpt>
      <trkpt lat="54.619238" lon="-3.046583">
        <ele>149.25</ele>
      </trkpt>
      <trkpt lat="54.619045" lon="-3.046868">
        <ele>147.75</ele>
      </trkpt>
      <trkpt lat="54.618833" lon="-3.047197">
        <ele>146.25</ele>
      </trkpt>
      <trkpt lat="54.618764" lon="-3.047305">
        <ele>146</ele>
      </trkpt>
      <trkpt lat="54.618728" lon="-3.047362">
        <ele>145.75</ele>
      </trkpt>
      <trkpt lat="54.618569" lon="-3.047605">
        <ele>145</ele>
      </trkpt>
      <trkpt lat="54.618407" lon="-3.047883">
        <ele>144.75</ele>
      </trkpt>
      <trkpt lat="54.618036" lon="-3.048553">
        <ele>144.75</ele>
      </trkpt>
      <trkpt lat="54.617671" lon="-3.049364">
        <ele>144.5</ele>
      </trkpt>
      <trkpt lat="54.617623" lon="-3.049471">
        <ele>144.25</ele>
      </trkpt>
      <trkpt lat="54.617594" lon="-3.049566">
        <ele>144.25</ele>
      </trkpt>
      <trkpt lat="54.617367" lon="-3.050163">
        <ele>143.75</ele>
      </trkpt>
      <trkpt lat="54.617168" lon="-3.050756">
        <ele>143.75</ele>
      </trkpt>
      <trkpt lat="54.616988" lon="-3.051366">
        <ele>143.25</ele>
      </trkpt>
      <trkpt lat="54.616826" lon="-3.05199">
        <ele>143.25</ele>
      </trkpt>
      <trkpt lat="54.616683" lon="-3.052628">
        <ele>144.25</ele>
      </trkpt>
      <trkpt lat="54.616559" lon="-3.053278">
        <ele>145</ele>
      </trkpt>
      <trkpt lat="54.616486" lon="-3.053752">
        <ele>145</ele>
      </trkpt>
      <trkpt lat="54.61645" lon="-3.053996">
        <ele>145</ele>
      </trkpt>
      <trkpt lat="54.616418" lon="-3.054238">
        <ele>145.25</ele>
      </trkpt>
      <trkpt lat="54.616371" lon="-3.054613">
        <ele>145</ele>
      </trkpt>
      <trkpt lat="54.6163" lon="-3.055312">
        <ele>144.75</ele>
      </trkpt>
      <trkpt lat="54.616156" lon="-3.056777">
        <ele>143.25</ele>
      </trkpt>
      <trkpt lat="54.616109" lon="-3.05712">
        <ele>143.5</ele>
      </trkpt>
      <trkpt lat="54.61605" lon="-3.057457">
        <ele>143.5</ele>
      </trkpt>
      <trkpt lat="54.615979" lon="-3.057787">
        <ele>143.75</ele>
      </trkpt>
      <trkpt lat="54.615896" lon="-3.058108">
        <ele>143.75</ele>
      </trkpt>
      <trkpt lat="54.615802" lon="-3.058421">
        <ele>144</ele>
      </trkpt>
      <trkpt lat="54.615697" lon="-3.058722">
        <ele>144.25</ele>
      </trkpt>
      <trkpt lat="54.615592" lon="-3.058995">
        <ele>144.5</ele>
      </trkpt>
      <trkpt lat="54.615454" lon="-3.059287">
        <ele>144.5</ele>
      </trkpt>
      <trkpt lat="54.61523" lon="-3.059703">
        <ele>144</ele>
      </trkpt>
      <trkpt lat="54.614838" lon="-3.060382">
        <ele>144.5</ele>
      </trkpt>
      <trkpt lat="54.614582" lon="-3.060858">
        <ele>146</ele>
      </trkpt>
      <trkpt lat="54.614487" lon="-3.061037">
        <ele>146.25</ele>
      </trkpt>
      <trkpt lat="54.614242" lon="-3.061525">
        <ele>147</ele>
      </trkpt>
      <trkpt lat="54.614165" lon="-3.061681">
        <ele>147</ele>
      </trkpt>
      <trkpt lat="54.614011" lon="-3.062022">
        <ele>147.25</ele>
      </trkpt>
      <trkpt lat="54.613796" lon="-3.062542">
        <ele>146.75</ele>
      </trkpt>
      <trkpt lat="54.61366" lon="-3.062925">
        <ele>147.75</ele>
      </trkpt>
      <trkpt lat="54.613501" lon="-3.06334">
        <ele>148.75</ele>
      </trkpt>
      <trkpt lat="54.613356" lon="-3.063773">
        <ele>150</ele>
      </trkpt>
      <trkpt lat="54.613219" lon="-3.064214">
        <ele>151</ele>
      </trkpt>
      <trkpt lat="54.61309" lon="-3.064661">
        <ele>152.25</ele>
      </trkpt>
      <trkpt lat="54.612968" lon="-3.065115">
        <ele>153.25</ele>
      </trkpt>
      <trkpt lat="54.612897" lon="-3.065379">
        <ele>153.5</ele>
      </trkpt>
      <trkpt lat="54.612787" lon="-3.065787">
        <ele>155.25</ele>
      </trkpt>
      <trkpt lat="54.612446" lon="-3.067175">
        <ele>159.5</ele>
      </trkpt>
      <trkpt lat="54.612298" lon="-3.06785">
        <ele>161</ele>
      </trkpt>
      <trkpt lat="54.612162" lon="-3.06852">
        <ele>163.5</ele>
      </trkpt>
      <trkpt lat="54.611865" lon="-3.070055">
        <ele>170.25</ele>
      </trkpt>
      <trkpt lat="54.611747" lon="-3.070615">
        <ele>169.75</ele>
      </trkpt>
      <trkpt lat="54.611602" lon="-3.07124">
        <ele>170</ele>
      </trkpt>
      <trkpt lat="54.611485" lon="-3.071692">
        <ele>170.5</ele>
      </trkpt>
      <trkpt lat="54.611359" lon="-3.072136">
        <ele>170</ele>
      </trkpt>
      <trkpt lat="54.611223" lon="-3.072573">
        <ele>170</ele>
      </trkpt>
      <trkpt lat="54.611079" lon="-3.073">
        <ele>171</ele>
      </trkpt>
      <trkpt lat="54.610934" lon="-3.073399">
        <ele>172</ele>
      </trkpt>
      <trkpt lat="54.610782" lon="-3.073788">
        <ele>171</ele>
      </trkpt>
      <trkpt lat="54.610622" lon="-3.074169">
        <ele>169.75</ele>
      </trkpt>
      <trkpt lat="54.609826" lon="-3.075934">
        <ele>166.75</ele>
      </trkpt>
      <trkpt lat="54.60965" lon="-3.076381">
        <ele>166</ele>
      </trkpt>
      <trkpt lat="54.609494" lon="-3.07685">
        <ele>165.5</ele>
      </trkpt>
      <trkpt lat="54.60936" lon="-3.077339">
        <ele>164.25</ele>
      </trkpt>
      <trkpt lat="54.609249" lon="-3.077844">
        <ele>162.5</ele>
      </trkpt>
      <trkpt lat="54.609161" lon="-3.078363">
        <ele>160.75</ele>
      </trkpt>
      <trkpt lat="54.609147" lon="-3.078482">
        <ele>160.25</ele>
      </trkpt>
      <trkpt lat="54.609097" lon="-3.078892">
        <ele>159</ele>
      </trkpt>
      <trkpt lat="54.609057" lon="-3.079429">
        <ele>157.25</ele>
      </trkpt>
      <trkpt lat="54.609041" lon="-3.079969">
        <ele>155.5</ele>
      </trkpt>
      <trkpt lat="54.60905" lon="-3.080509">
        <ele>154.75</ele>
      </trkpt>
      <trkpt lat="54.609083" lon="-3.081047">
        <ele>154</ele>
      </trkpt>
      <trkpt lat="54.60914" lon="-3.081578">
        <ele>153</ele>
      </trkpt>
      <trkpt lat="54.609222" lon="-3.0821">
        <ele>151.5</ele>
      </trkpt>
      <trkpt lat="54.609326" lon="-3.08261">
        <ele>150.5</ele>
      </trkpt>
      <trkpt lat="54.609454" lon="-3.083104">
        <ele>150.75</ele>
      </trkpt>
      <trkpt lat="54.609603" lon="-3.083579">
        <ele>152.75</ele>
      </trkpt>
      <trkpt lat="54.610105" lon="-3.084934">
        <ele>158.5</ele>
      </trkpt>
      <trkpt lat="54.610256" lon="-3.085382">
        <ele>159</ele>
      </trkpt>
      <trkpt lat="54.610298" lon="-3.085524">
        <ele>159.25</ele>
      </trkpt>
      <trkpt lat="54.610393" lon="-3.085843">
        <ele>159.75</ele>
      </trkpt>
      <trkpt lat="54.610493" lon="-3.086226">
        <ele>160</ele>
      </trkpt>
      <trkpt lat="54.610626" lon="-3.086799">
        <ele>160.5</ele>
      </trkpt>
      <trkpt lat="54.61072" lon="-3.087291">
        <ele>160.25</ele>
      </trkpt>
      <trkpt lat="54.6108" lon="-3.087791">
        <ele>159.75</ele>
      </trkpt>
      <trkpt lat="54.610864" lon="-3.088298">
        <ele>159.25</ele>
      </trkpt>
      <trkpt lat="54.610913" lon="-3.08881">
        <ele>159</ele>
      </trkpt>
      <trkpt lat="54.610947" lon="-3.089326">
        <ele>159</ele>
      </trkpt>
      <trkpt lat="54.610964" lon="-3.089817">
        <ele>159.5</ele>
      </trkpt>
      <trkpt lat="54.610969" lon="-3.09017">
        <ele>160</ele>
      </trkpt>
      <trkpt lat="54.610953" lon="-3.0911">
        <ele>162</ele>
      </trkpt>
      <trkpt lat="54.610938" lon="-3.091577">
        <ele>162.75</ele>
      </trkpt>
      <trkpt lat="54.610915" lon="-3.092054">
        <ele>162.75</ele>
      </trkpt>
      <trkpt lat="54.610852" lon="-3.093003">
        <ele>163.5</ele>
      </trkpt>
      <trkpt lat="54.610811" lon="-3.093468">
        <ele>164</ele>
      </trkpt>
      <trkpt lat="54.610764" lon="-3.093931">
        <ele>164.25</ele>
      </trkpt>
      <trkpt lat="54.610651" lon="-3.09485">
        <ele>165.25</ele>
      </trkpt>
      <trkpt lat="54.610557" lon="-3.095481">
        <ele>165.25</ele>
      </trkpt>
      <trkpt lat="54.610452" lon="-3.096106">
        <ele>165.75</ele>
      </trkpt>
      <trkpt lat="54.610335" lon="-3.096725">
        <ele>166.75</ele>
      </trkpt>
      <trkpt lat="54.610206" lon="-3.097337">
        <ele>167</ele>
      </trkpt>
      <trkpt lat="54.610065" lon="-3.097941">
        <ele>168</ele>
      </trkpt>
      <trkpt lat="54.609967" lon="-3.098313">
        <ele>168.5</ele>
      </trkpt>
      <trkpt lat="54.609938" lon="-3.098421">
        <ele>168</ele>
      </trkpt>
      <trkpt lat="54.609791" lon="-3.098885">
        <ele>166</ele>
      </trkpt>
      <trkpt lat="54.609624" lon="-3.099328">
        <ele>164.75</ele>
      </trkpt>
      <trkpt lat="54.609439" lon="-3.099749">
        <ele>164.5</ele>
      </trkpt>
      <trkpt lat="54.609237" lon="-3.100146">
        <ele>164</ele>
      </trkpt>
      <trkpt lat="54.609018" lon="-3.100516">
        <ele>162</ele>
      </trkpt>
      <trkpt lat="54.608789" lon="-3.100827">
        <ele>161</ele>
      </trkpt>
      <trkpt lat="54.608466" lon="-3.101235">
        <ele>161.75</ele>
      </trkpt>
      <trkpt lat="54.608263" lon="-3.101459">
        <ele>162.25</ele>
      </trkpt>
      <trkpt lat="54.607666" lon="-3.102083">
        <ele>158.75</ele>
      </trkpt>
      <trkpt lat="54.607208" lon="-3.102587">
        <ele>158.5</ele>
      </trkpt>
      <trkpt lat="54.606996" lon="-3.102853">
        <ele>157.75</ele>
      </trkpt>
      <trkpt lat="54.6065" lon="-3.10357">
        <ele>155.5</ele>
      </trkpt>
      <trkpt lat="54.606372" lon="-3.103805">
        <ele>154.75</ele>
      </trkpt>
      <trkpt lat="54.606152" lon="-3.104259">
        <ele>153</ele>
      </trkpt>
      <trkpt lat="54.605995" lon="-3.104618">
        <ele>151.75</ele>
      </trkpt>
      <trkpt lat="54.605844" lon="-3.105009">
        <ele>149.75</ele>
      </trkpt>
      <trkpt lat="54.605684" lon="-3.105483">
        <ele>149</ele>
      </trkpt>
      <trkpt lat="54.605533" lon="-3.106046">
        <ele>146.75</ele>
      </trkpt>
      <trkpt lat="54.605425" lon="-3.106495">
        <ele>144.5</ele>
      </trkpt>
      <trkpt lat="54.605342" lon="-3.106962">
        <ele>141.5</ele>
      </trkpt>
      <trkpt lat="54.605289" lon="-3.107297">
        <ele>139.25</ele>
      </trkpt>
      <trkpt lat="54.605247" lon="-3.107613">
        <ele>137.25</ele>
      </trkpt>
      <trkpt lat="54.6052" lon="-3.108053">
        <ele>137.5</ele>
      </trkpt>
      <trkpt lat="54.605165" lon="-3.108493">
        <ele>136.25</ele>
      </trkpt>
      <trkpt lat="54.605096" lon="-3.108955">
        <ele>136</ele>
      </trkpt>
      <trkpt lat="54.605089" lon="-3.109171">
        <ele>135.5</ele>
      </trkpt>
      <trkpt lat="54.60509" lon="-3.109728">
        <ele>134.75</ele>
      </trkpt>
      <trkpt lat="54.605115" lon="-3.110192">
        <ele>133.75</ele>
      </trkpt>
      <trkpt lat="54.605149" lon="-3.110562">
        <ele>133</ele>
      </trkpt>
      <trkpt lat="54.605191" lon="-3.110914">
        <ele>132</ele>
      </trkpt>
      <trkpt lat="54.605246" lon="-3.11126">
        <ele>130.75</ele>
      </trkpt>
      <trkpt lat="54.60537" lon="-3.111925">
        <ele>127.75</ele>
      </trkpt>
      <trkpt lat="54.605492" lon="-3.112433">
        <ele>125.5</ele>
      </trkpt>
      <trkpt lat="54.605591" lon="-3.112802">
        <ele>126</ele>
      </trkpt>
      <trkpt lat="54.606045" lon="-3.114277">
        <ele>128.25</ele>
      </trkpt>
      <trkpt lat="54.606265" lon="-3.115066">
        <ele>129.75</ele>
      </trkpt>
      <trkpt lat="54.606462" lon="-3.115856">
        <ele>131</ele>
      </trkpt>
      <trkpt lat="54.606619" lon="-3.1166">
        <ele>131</ele>
      </trkpt>
      <trkpt lat="54.60673" lon="-3.117266">
        <ele>136.25</ele>
      </trkpt>
      <trkpt lat="54.6068" lon="-3.117834">
        <ele>139</ele>
      </trkpt>
      <trkpt lat="54.606861" lon="-3.118409">
        <ele>140.75</ele>
      </trkpt>
      <trkpt lat="54.606995" lon="-3.120592">
        <ele>135.75</ele>
      </trkpt>
      <trkpt lat="54.607065" lon="-3.121337">
        <ele>135</ele>
      </trkpt>
      <trkpt lat="54.607193" lon="-3.122445">
        <ele>132.5</ele>
      </trkpt>
      <trkpt lat="54.607395" lon="-3.12479">
        <ele>125.75</ele>
      </trkpt>
      <trkpt lat="54.607575" lon="-3.126648">
        <ele>120.25</ele>
      </trkpt>
      <trkpt lat="54.607797" lon="-3.128592">
        <ele>113.75</ele>
      </trkpt>
      <trkpt lat="54.608084" lon="-3.130971">
        <ele>106.5</ele>
      </trkpt>
      <trkpt lat="54.608535" lon="-3.133994">
        <ele>99.5</ele>
      </trkpt>
      <trkpt lat="54.608733" lon="-3.135294">
        <ele>93.5</ele>
      </trkpt>
      <trkpt lat="54.60898" lon="-3.136871">
        <ele>92.25</ele>
      </trkpt>
      <trkpt lat="54.609196" lon="-3.138214">
        <ele>95.25</ele>
      </trkpt>
      <trkpt lat="54.609389" lon="-3.139533">
        <ele>92.75</ele>
      </trkpt>
      <trkpt lat="54.609443" lon="-3.140068">
        <ele>92</ele>
      </trkpt>
      <trkpt lat="54.609449" lon="-3.140221">
        <ele>91.75</ele>
      </trkpt>
      <trkpt lat="54.609444" lon="-3.140301">
        <ele>91.5</ele>
      </trkpt>
      <trkpt lat="54.609424" lon="-3.140442">
        <ele>91.5</ele>
      </trkpt>
      <trkpt lat="54.609381" lon="-3.140601">
        <ele>91.5</ele>
      </trkpt>
      <trkpt lat="54.609332" lon="-3.140751">
        <ele>91.75</ele>
      </trkpt>
      <trkpt lat="54.609304" lon="-3.140806">
        <ele>91.75</ele>
      </trkpt>
      <trkpt lat="54.609259" lon="-3.14093">
        <ele>92</ele>
      </trkpt>
      <trkpt lat="54.609238" lon="-3.141024">
        <ele>91.75</ele>
      </trkpt>
      <trkpt lat="54.609224" lon="-3.141121">
        <ele>91.75</ele>
      </trkpt>
      <trkpt lat="54.609219" lon="-3.141221">
        <ele>91.5</ele>
      </trkpt>
      <trkpt lat="54.609222" lon="-3.141321">
        <ele>91.25</ele>
      </trkpt>
      <trkpt lat="54.609234" lon="-3.14142">
        <ele>91</ele>
      </trkpt>
      <trkpt lat="54.609254" lon="-3.141514">
        <ele>90.75</ele>
      </trkpt>
      <trkpt lat="54.609281" lon="-3.141603">
        <ele>90.25</ele>
      </trkpt>
      <trkpt lat="54.609316" lon="-3.141683">
        <ele>90</ele>
      </trkpt>
      <trkpt lat="54.609357" lon="-3.141755">
        <ele>89.75</ele>
      </trkpt>
      <trkpt lat="54.609403" lon="-3.141815">
        <ele>89.5</ele>
      </trkpt>
      <trkpt lat="54.609448" lon="-3.141858">
        <ele>89.25</ele>
      </trkpt>
      <trkpt lat="54.609606" lon="-3.142067">
        <ele>88.25</ele>
      </trkpt>
      <trkpt lat="54.609686" lon="-3.142195">
        <ele>87.5</ele>
      </trkpt>
      <trkpt lat="54.609737" lon="-3.14232">
        <ele>87.25</ele>
      </trkpt>
      <trkpt lat="54.609921" lon="-3.14291">
        <ele>85.5</ele>
      </trkpt>
      <trkpt lat="54.609993" lon="-3.14332">
        <ele>85</ele>
      </trkpt>
      <trkpt lat="54.610116" lon="-3.144124">
        <ele>83.75</ele>
      </trkpt>
      <trkpt lat="54.610229" lon="-3.144933">
        <ele>82.75</ele>
      </trkpt>
      <trkpt lat="54.610321" lon="-3.14577">
        <ele>81.25</ele>
      </trkpt>
      <trkpt lat="54.610394" lon="-3.146572">
        <ele>79.5</ele>
      </trkpt>
      <trkpt lat="54.610438" lon="-3.147357">
        <ele>79.75</ele>
      </trkpt>
      <trkpt lat="54.61046" lon="-3.148214">
        <ele>79.75</ele>
      </trkpt>
      <trkpt lat="54.610462" lon="-3.148851">
        <ele>79.5</ele>
      </trkpt>
      <trkpt lat="54.610448" lon="-3.149339">
        <ele>79.25</ele>
      </trkpt>
      <trkpt lat="54.610425" lon="-3.149835">
        <ele>79.25</ele>
      </trkpt>
      <trkpt lat="54.610382" lon="-3.150531">
        <ele>78.75</ele>
      </trkpt>
      <trkpt lat="54.610324" lon="-3.15116">
        <ele>78.5</ele>
      </trkpt>
      <trkpt lat="54.610246" lon="-3.151828">
        <ele>78</ele>
      </trkpt>
      <trkpt lat="54.610175" lon="-3.152325">
        <ele>77.75</ele>
      </trkpt>
      <trkpt lat="54.610077" lon="-3.152946">
        <ele>77.75</ele>
      </trkpt>
      <trkpt lat="54.60996" lon="-3.153555">
        <ele>77.75</ele>
      </trkpt>
      <trkpt lat="54.609828" lon="-3.154167">
        <ele>77</ele>
      </trkpt>
      <trkpt lat="54.60969" lon="-3.154738">
        <ele>76.5</ele>
      </trkpt>
      <trkpt lat="54.609538" lon="-3.155297">
        <ele>76.25</ele>
      </trkpt>
      <trkpt lat="54.60936" lon="-3.155899">
        <ele>76.5</ele>
      </trkpt>
      <trkpt lat="54.609177" lon="-3.156455">
        <ele>76.75</ele>
      </trkpt>
      <trkpt lat="54.608969" lon="-3.157003">
        <ele>76.5</ele>
      </trkpt>
      <trkpt lat="54.608787" lon="-3.157461">
        <ele>76</ele>
      </trkpt>
      <trkpt lat="54.608652" lon="-3.157781">
        <ele>76</ele>
      </trkpt>
      <trkpt lat="54.608475" lon="-3.158177">
        <ele>76</ele>
      </trkpt>
      <trkpt lat="54.60844" lon="-3.158242">
        <ele>76</ele>
      </trkpt>
      <trkpt lat="54.608231" lon="-3.158697">
        <ele>76</ele>
      </trkpt>
      <trkpt lat="54.607991" lon="-3.159152">
        <ele>76.25</ele>
      </trkpt>
      <trkpt lat="54.607649" lon="-3.159758">
        <ele>77.25</ele>
      </trkpt>
      <trkpt lat="54.607343" lon="-3.16027">
        <ele>77.5</ele>
      </trkpt>
      <trkpt lat="54.606879" lon="-3.161022">
        <ele>77.25</ele>
      </trkpt>
      <trkpt lat="54.606502" lon="-3.161621">
        <ele>77</ele>
      </trkpt>
      <trkpt lat="54.606221" lon="-3.162056">
        <ele>78</ele>
      </trkpt>
      <trkpt lat="54.605931" lon="-3.162523">
        <ele>79.75</ele>
      </trkpt>
      <trkpt lat="54.605647" lon="-3.162966">
        <ele>80.75</ele>
      </trkpt>
      <trkpt lat="54.60492" lon="-3.16413">
        <ele>77.75</ele>
      </trkpt>
      <trkpt lat="54.604648" lon="-3.164562">
        <ele>77</ele>
      </trkpt>
      <trkpt lat="54.603595" lon="-3.16625">
        <ele>76.5</ele>
      </trkpt>
      <trkpt lat="54.602847" lon="-3.167443">
        <ele>79.25</ele>
      </trkpt>
      <trkpt lat="54.602529" lon="-3.167955">
        <ele>80.5</ele>
      </trkpt>
      <trkpt lat="54.602132" lon="-3.168607">
        <ele>80.25</ele>
      </trkpt>
      <trkpt lat="54.602078" lon="-3.168699">
        <ele>80.5</ele>
      </trkpt>
      <trkpt lat="54.601878" lon="-3.169057">
        <ele>80.25</ele>
      </trkpt>
      <trkpt lat="54.601759" lon="-3.169296">
        <ele>79.75</ele>
      </trkpt>
      <trkpt lat="54.60164" lon="-3.169573">
        <ele>79.25</ele>
      </trkpt>
      <trkpt lat="54.60153" lon="-3.169824">
        <ele>79.25</ele>
      </trkpt>
      <trkpt lat="54.601421" lon="-3.170114">
        <ele>79</ele>
      </trkpt>
      <trkpt lat="54.60132" lon="-3.170412">
        <ele>78.75</ele>
      </trkpt>
      <trkpt lat="54.601227" lon="-3.170718">
        <ele>78.25</ele>
      </trkpt>
      <trkpt lat="54.601142" lon="-3.171031">
        <ele>77.75</ele>
      </trkpt>
      <trkpt lat="54.601066" lon="-3.17135">
        <ele>77.5</ele>
      </trkpt>
      <trkpt lat="54.600999" lon="-3.171676">
        <ele>77</ele>
      </trkpt>
      <trkpt lat="54.60094" lon="-3.172006">
        <ele>77</ele>
      </trkpt>
      <trkpt lat="54.600891" lon="-3.172341">
        <ele>77</ele>
      </trkpt>
      <trkpt lat="54.60085" lon="-3.172679">
        <ele>77</ele>
      </trkpt>
      <trkpt lat="54.600819" lon="-3.17302">
        <ele>77</ele>
      </trkpt>
      <trkpt lat="54.600797" lon="-3.173363">
        <ele>77</ele>
      </trkpt>
      <trkpt lat="54.600784" lon="-3.173708">
        <ele>77.25</ele>
      </trkpt>
      <trkpt lat="54.600781" lon="-3.174053">
        <ele>77.75</ele>
      </trkpt>
      <trkpt lat="54.600787" lon="-3.174399">
        <ele>78</ele>
      </trkpt>
      <trkpt lat="54.600802" lon="-3.174743">
        <ele>78</ele>
      </trkpt>
      <trkpt lat="54.600822" lon="-3.17504">
        <ele>78</ele>
      </trkpt>
      <trkpt lat="54.600884" lon="-3.175629">
        <ele>77.75</ele>
      </trkpt>
      <trkpt lat="54.600925" lon="-3.175919">
        <ele>78</ele>
      </trkpt>
      <trkpt lat="54.601025" lon="-3.176485">
        <ele>78</ele>
      </trkpt>
      <trkpt lat="54.601377" lon="-3.178472">
        <ele>79</ele>
      </trkpt>
      <trkpt lat="54.601437" lon="-3.178807">
        <ele>79.25</ele>
      </trkpt>
      <trkpt lat="54.601868" lon="-3.181223">
        <ele>79.5</ele>
      </trkpt>
      <trkpt lat="54.602058" lon="-3.182286">
        <ele>79.25</ele>
      </trkpt>
      <trkpt lat="54.602207" lon="-3.183125">
        <ele>79.75</ele>
      </trkpt>
      <trkpt lat="54.602259" lon="-3.183425">
        <ele>80</ele>
      </trkpt>
      <trkpt lat="54.602267" lon="-3.183744">
        <ele>80.75</ele>
      </trkpt>
      <trkpt lat="54.602281" lon="-3.184072">
        <ele>81.75</ele>
      </trkpt>
      <trkpt lat="54.60228" lon="-3.184388">
        <ele>82.25</ele>
      </trkpt>
      <trkpt lat="54.602264" lon="-3.184756">
        <ele>82.5</ele>
      </trkpt>
      <trkpt lat="54.602282" lon="-3.184915">
        <ele>82.75</ele>
      </trkpt>
      <trkpt lat="54.602274" lon="-3.184982">
        <ele>82.75</ele>
      </trkpt>
      <trkpt lat="54.602248" lon="-3.185226">
        <ele>83.25</ele>
      </trkpt>
      <trkpt lat="54.602215" lon="-3.185578">
        <ele>83.5</ele>
      </trkpt>
      <trkpt lat="54.602196" lon="-3.185969">
        <ele>84</ele>
      </trkpt>
      <trkpt lat="54.602188" lon="-3.186098">
        <ele>84</ele>
      </trkpt>
      <trkpt lat="54.602147" lon="-3.186643">
        <ele>84</ele>
      </trkpt>
      <trkpt lat="54.602156" lon="-3.18695">
        <ele>84</ele>
      </trkpt>
      <trkpt lat="54.602177" lon="-3.187344">
        <ele>84.25</ele>
      </trkpt>
      <trkpt lat="54.602201" lon="-3.187581">
        <ele>84.25</ele>
      </trkpt>
      <trkpt lat="54.60222" lon="-3.187775">
        <ele>84.25</ele>
      </trkpt>
      <trkpt lat="54.602282" lon="-3.188536">
        <ele>84.75</ele>
      </trkpt>
      <trkpt lat="54.602292" lon="-3.188669">
        <ele>85</ele>
      </trkpt>
      <trkpt lat="54.602298" lon="-3.188833">
        <ele>85.5</ele>
      </trkpt>
      <trkpt lat="54.602283" lon="-3.189143">
        <ele>86</ele>
      </trkpt>
      <trkpt lat="54.602272" lon="-3.189306">
        <ele>86.25</ele>
      </trkpt>
      <trkpt lat="54.602249" lon="-3.189676">
        <ele>86.5</ele>
      </trkpt>
      <trkpt lat="54.602244" lon="-3.189935">
        <ele>86.75</ele>
      </trkpt>
      <trkpt lat="54.60225" lon="-3.190097">
        <ele>87.5</ele>
      </trkpt>
      <trkpt lat="54.602283" lon="-3.190501">
        <ele>89.75</ele>
      </trkpt>
      <trkpt lat="54.602335" lon="-3.190872">
        <ele>92.25</ele>
      </trkpt>
      <trkpt lat="54.602364" lon="-3.191014">
        <ele>93.25</ele>
      </trkpt>
      <trkpt lat="54.602387" lon="-3.191171">
        <ele>94.25</ele>
      </trkpt>
      <trkpt lat="54.602402" lon="-3.191337">
        <ele>95.25</ele>
      </trkpt>
      <trkpt lat="54.602406" lon="-3.191502">
        <ele>96.25</ele>
      </trkpt>
      <trkpt lat="54.6024" lon="-3.191623">
        <ele>96.75</ele>
      </trkpt>
      <trkpt lat="54.602389" lon="-3.191743">
        <ele>97.75</ele>
      </trkpt>
      <trkpt lat="54.602368" lon="-3.19219">
        <ele>102.5</ele>
      </trkpt>
      <trkpt lat="54.602349" lon="-3.192271">
        <ele>103</ele>
      </trkpt>
      <trkpt lat="54.60232" lon="-3.192331">
        <ele>103.25</ele>
      </trkpt>
      <trkpt lat="54.602047" lon="-3.192664">
        <ele>102.25</ele>
      </trkpt>
      <trkpt lat="54.601995" lon="-3.192738">
        <ele>101.75</ele>
      </trkpt>
      <trkpt lat="54.60195" lon="-3.192848">
        <ele>101.75</ele>
      </trkpt>
      <trkpt lat="54.601934" lon="-3.192979">
        <ele>102.5</ele>
      </trkpt>
      <trkpt lat="54.601948" lon="-3.1932">
        <ele>104.25</ele>
      </trkpt>
      <trkpt lat="54.601984" lon="-3.193479">
        <ele>106.75</ele>
      </trkpt>
      <trkpt lat="54.602104" lon="-3.194191">
        <ele>112.5</ele>
      </trkpt>
      <trkpt lat="54.602106" lon="-3.194373">
        <ele>113.25</ele>
      </trkpt>
      <trkpt lat="54.602081" lon="-3.194557">
        <ele>113.25</ele>
      </trkpt>
      <trkpt lat="54.601988" lon="-3.194921">
        <ele>112.25</ele>
      </trkpt>
      <trkpt lat="54.601857" lon="-3.195324">
        <ele>111.5</ele>
      </trkpt>
      <trkpt lat="54.601806" lon="-3.195577">
        <ele>112.25</ele>
      </trkpt>
      <trkpt lat="54.601772" lon="-3.195691">
        <ele>112.25</ele>
      </trkpt>
      <trkpt lat="54.601777" lon="-3.195858">
        <ele>113.75</ele>
      </trkpt>
      <trkpt lat="54.601781" lon="-3.195924">
        <ele>114.25</ele>
      </trkpt>
      <trkpt lat="54.601799" lon="-3.196091">
        <ele>115.5</ele>
      </trkpt>
      <trkpt lat="54.601852" lon="-3.196351">
        <ele>117.75</ele>
      </trkpt>
      <trkpt lat="54.601901" lon="-3.196525">
        <ele>119.25</ele>
      </trkpt>
      <trkpt lat="54.60196" lon="-3.196643">
        <ele>120.25</ele>
      </trkpt>
      <trkpt lat="54.602057" lon="-3.19676">
        <ele>123.25</ele>
      </trkpt>
      <trkpt lat="54.602168" lon="-3.196831">
        <ele>125.75</ele>
      </trkpt>
      <trkpt lat="54.602301" lon="-3.196896">
        <ele>128</ele>
      </trkpt>
      <trkpt lat="54.602506" lon="-3.197003">
        <ele>131.25</ele>
      </trkpt>
      <trkpt lat="54.603303" lon="-3.197628">
        <ele>144.5</ele>
      </trkpt>
      <trkpt lat="54.60374" lon="-3.197958">
        <ele>148.25</ele>
      </trkpt>
      <trkpt lat="54.604097" lon="-3.198185">
        <ele>149.5</ele>
      </trkpt>
      <trkpt lat="54.604659" lon="-3.198421">
        <ele>149.5</ele>
      </trkpt>
      <trkpt lat="54.605006" lon="-3.198613">
        <ele>151.25</ele>
      </trkpt>
      <trkpt lat="54.605546" lon="-3.198996">
        <ele>152</ele>
      </trkpt>
      <trkpt lat="54.605838" lon="-3.199324">
        <ele>153.75</ele>
      </trkpt>
      <trkpt lat="54.606398" lon="-3.200441">
        <ele>168.5</ele>
      </trkpt>
      <trkpt lat="54.606515" lon="-3.200665">
        <ele>173.25</ele>
      </trkpt>
      <trkpt lat="54.606788" lon="-3.200901">
        <ele>177.25</ele>
      </trkpt>
      <trkpt lat="54.607184" lon="-3.200986">
        <ele>178</ele>
      </trkpt>
      <trkpt lat="54.60755" lon="-3.20112">
        <ele>179.25</ele>
      </trkpt>
      <trkpt lat="54.607594" lon="-3.201136">
        <ele>178.75</ele>
      </trkpt>
      <trkpt lat="54.60783" lon="-3.201361">
        <ele>179.5</ele>
      </trkpt>
      <trkpt lat="54.608033" lon="-3.201755">
        <ele>185.25</ele>
      </trkpt>
      <trkpt lat="54.60834" lon="-3.202327">
        <ele>192.25</ele>
      </trkpt>
      <trkpt lat="54.608464" lon="-3.20282">
        <ele>202</ele>
      </trkpt>
      <trkpt lat="54.608659" lon="-3.203293">
        <ele>209.5</ele>
      </trkpt>
      <trkpt lat="54.608839" lon="-3.203421">
        <ele>207.5</ele>
      </trkpt>
      <trkpt lat="54.609011" lon="-3.203447">
        <ele>204</ele>
      </trkpt>
      <trkpt lat="54.609346" lon="-3.203636">
        <ele>199.75</ele>
      </trkpt>
      <trkpt lat="54.60946" lon="-3.203839">
        <ele>200</ele>
      </trkpt>
      <trkpt lat="54.609485" lon="-3.204169">
        <ele>203</ele>
      </trkpt>
      <trkpt lat="54.609449" lon="-3.204796">
        <ele>210.5</ele>
      </trkpt>
      <trkpt lat="54.609402" lon="-3.205277">
        <ele>214.75</ele>
      </trkpt>
      <trkpt lat="54.609395" lon="-3.205476">
        <ele>215.5</ele>
      </trkpt>
      <trkpt lat="54.609368" lon="-3.206287">
        <ele>218.5</ele>
      </trkpt>
      <trkpt lat="54.609353" lon="-3.206503">
        <ele>219.5</ele>
      </trkpt>
      <trkpt lat="54.609316" lon="-3.206726">
        <ele>221</ele>
      </trkpt>
      <trkpt lat="54.609246" lon="-3.206927">
        <ele>222.5</ele>
      </trkpt>
      <trkpt lat="54.609159" lon="-3.207073">
        <ele>224</ele>
      </trkpt>
      <trkpt lat="54.60902" lon="-3.207267">
        <ele>226.5</ele>
      </trkpt>
      <trkpt lat="54.608863" lon="-3.207448">
        <ele>229</ele>
      </trkpt>
      <trkpt lat="54.608671" lon="-3.20759">
        <ele>232</ele>
      </trkpt>
      <trkpt lat="54.608469" lon="-3.207671">
        <ele>235.25</ele>
      </trkpt>
      <trkpt lat="54.608128" lon="-3.207836">
        <ele>238.5</ele>
      </trkpt>
      <trkpt lat="54.608009" lon="-3.207976">
        <ele>238.75</ele>
      </trkpt>
      <trkpt lat="54.607913" lon="-3.20812">
        <ele>238.25</ele>
      </trkpt>
      <trkpt lat="54.607861" lon="-3.208288">
        <ele>238.25</ele>
      </trkpt>
      <trkpt lat="54.607852" lon="-3.208402">
        <ele>238.5</ele>
      </trkpt>
      <trkpt lat="54.607859" lon="-3.208594">
        <ele>238.75</ele>
      </trkpt>
      <trkpt lat="54.607875" lon="-3.208669">
        <ele>238.75</ele>
      </trkpt>
      <trkpt lat="54.607923" lon="-3.20878">
        <ele>239</ele>
      </trkpt>
      <trkpt lat="54.608006" lon="-3.208855">
        <ele>239</ele>
      </trkpt>
      <trkpt lat="54.608089" lon="-3.208922">
        <ele>238.75</ele>
      </trkpt>
      <trkpt lat="54.608305" lon="-3.209142">
        <ele>239</ele>
      </trkpt>
      <trkpt lat="54.608532" lon="-3.209452">
        <ele>240.25</ele>
      </trkpt>
      <trkpt lat="54.608727" lon="-3.209832">
        <ele>243.25</ele>
      </trkpt>
      <trkpt lat="54.608838" lon="-3.209975">
        <ele>244.5</ele>
      </trkpt>
      <trkpt lat="54.60895" lon="-3.210071">
        <ele>246.25</ele>
      </trkpt>
      <trkpt lat="54.60948" lon="-3.210296">
        <ele>249.75</ele>
      </trkpt>
      <trkpt lat="54.609729" lon="-3.210452">
        <ele>252</ele>
      </trkpt>
      <trkpt lat="54.609861" lon="-3.210684">
        <ele>255.25</ele>
      </trkpt>
      <trkpt lat="54.610067" lon="-3.211209">
        <ele>261.75</ele>
      </trkpt>
      <trkpt lat="54.610204" lon="-3.211589">
        <ele>265.5</ele>
      </trkpt>
      <trkpt lat="54.610477" lon="-3.212344">
        <ele>268.25</ele>
      </trkpt>
      <trkpt lat="54.610526" lon="-3.212658">
        <ele>269.25</ele>
      </trkpt>
      <trkpt lat="54.610491" lon="-3.212945">
        <ele>271.75</ele>
      </trkpt>
      <trkpt lat="54.610305" lon="-3.213911">
        <ele>279.75</ele>
      </trkpt>
      <trkpt lat="54.609954" lon="-3.216457">
        <ele>290.25</ele>
      </trkpt>
      <trkpt lat="54.609838" lon="-3.217215">
        <ele>290.5</ele>
      </trkpt>
      <trkpt lat="54.609525" lon="-3.219099">
        <ele>291</ele>
      </trkpt>
      <trkpt lat="54.609233" lon="-3.22025">
        <ele>293.25</ele>
      </trkpt>
      <trkpt lat="54.609053" lon="-3.221148">
        <ele>294</ele>
      </trkpt>
      <trkpt lat="54.608841" lon="-3.222358">
        <ele>295.75</ele>
      </trkpt>
      <trkpt lat="54.608634" lon="-3.223322">
        <ele>298.25</ele>
      </trkpt>
      <trkpt lat="54.608384" lon="-3.224406">
        <ele>301.75</ele>
      </trkpt>
      <trkpt lat="54.608301" lon="-3.224823">
        <ele>301.75</ele>
      </trkpt>
      <trkpt lat="54.608247" lon="-3.225176">
        <ele>303</ele>
      </trkpt>
      <trkpt lat="54.608232" lon="-3.2254">
        <ele>304</ele>
      </trkpt>
      <trkpt lat="54.608225" lon="-3.2257">
        <ele>305.25</ele>
      </trkpt>
      <trkpt lat="54.608234" lon="-3.226004">
        <ele>306.5</ele>
      </trkpt>
      <trkpt lat="54.608268" lon="-3.226287">
        <ele>307.25</ele>
      </trkpt>
      <trkpt lat="54.6083" lon="-3.226555">
        <ele>308.5</ele>
      </trkpt>
      <trkpt lat="54.608308" lon="-3.226618">
        <ele>308.75</ele>
      </trkpt>
      <trkpt lat="54.608338" lon="-3.226861">
        <ele>310.5</ele>
      </trkpt>
      <trkpt lat="54.60868" lon="-3.228944">
        <ele>326</ele>
      </trkpt>
      <trkpt lat="54.608818" lon="-3.229231">
        <ele>327.25</ele>
      </trkpt>
      <trkpt lat="54.609016" lon="-3.229643">
        <ele>328.25</ele>
      </trkpt>
      <trkpt lat="54.609158" lon="-3.229901">
        <ele>328.75</ele>
      </trkpt>
      <trkpt lat="54.609336" lon="-3.230247">
        <ele>332.5</ele>
      </trkpt>
      <trkpt lat="54.609406" lon="-3.230451">
        <ele>334</ele>
      </trkpt>
      <trkpt lat="54.60948" lon="-3.230717">
        <ele>335.75</ele>
      </trkpt>
      <trkpt lat="54.609551" lon="-3.231135">
        <ele>337.5</ele>
      </trkpt>
      <trkpt lat="54.609561" lon="-3.23126">
        <ele>337.75</ele>
      </trkpt>
      <trkpt lat="54.609538" lon="-3.232446">
        <ele>336.75</ele>
      </trkpt>
      <trkpt lat="54.609472" lon="-3.233195">
        <ele>334</ele>
      </trkpt>
      <trkpt lat="54.609407" lon="-3.233684">
        <ele>332</ele>
      </trkpt>
      <trkpt lat="54.609291" lon="-3.234316">
        <ele>332.75</ele>
      </trkpt>
      <trkpt lat="54.609028" lon="-3.235572">
        <ele>349.25</ele>
      </trkpt>
      <trkpt lat="54.60898" lon="-3.235912">
        <ele>346.25</ele>
      </trkpt>
      <trkpt lat="54.608848" lon="-3.237696">
        <ele>313.25</ele>
      </trkpt>
      <trkpt lat="54.608872" lon="-3.2382">
        <ele>312.75</ele>
      </trkpt>
      <trkpt lat="54.608879" lon="-3.238336">
        <ele>312.75</ele>
      </trkpt>
      <trkpt lat="54.608789" lon="-3.239444">
        <ele>313.75</ele>
      </trkpt>
      <trkpt lat="54.608762" lon="-3.240134">
        <ele>314</ele>
      </trkpt>
      <trkpt lat="54.608796" lon="-3.241375">
        <ele>314.5</ele>
      </trkpt>
      <trkpt lat="54.608878" lon="-3.242275">
        <ele>312.5</ele>
      </trkpt>
      <trkpt lat="54.608935" lon="-3.243089">
        <ele>308.5</ele>
      </trkpt>
      <trkpt lat="54.608978" lon="-3.243599">
        <ele>305.75</ele>
      </trkpt>
      <trkpt lat="54.609036" lon="-3.244566">
        <ele>299.75</ele>
      </trkpt>
      <trkpt lat="54.609098" lon="-3.244933">
        <ele>297.5</ele>
      </trkpt>
      <trkpt lat="54.609313" lon="-3.245854">
        <ele>298.25</ele>
      </trkpt>
      <trkpt lat="54.609385" lon="-3.246255">
        <ele>298.5</ele>
      </trkpt>
      <trkpt lat="54.609464" lon="-3.247014">
        <ele>297.25</ele>
      </trkpt>
      <trkpt lat="54.609531" lon="-3.247566">
        <ele>297</ele>
      </trkpt>
      <trkpt lat="54.609583" lon="-3.248149">
        <ele>296</ele>
      </trkpt>
      <trkpt lat="54.609611" lon="-3.248802">
        <ele>295.5</ele>
      </trkpt>
      <trkpt lat="54.609676" lon="-3.25069">
        <ele>292.75</ele>
      </trkpt>
      <trkpt lat="54.609758" lon="-3.252569">
        <ele>288.75</ele>
      </trkpt>
      <trkpt lat="54.609811" lon="-3.252935">
        <ele>288.5</ele>
      </trkpt>
      <trkpt lat="54.609951" lon="-3.253842">
        <ele>286.75</ele>
      </trkpt>
      <trkpt lat="54.610079" lon="-3.2543">
        <ele>287.75</ele>
      </trkpt>
      <trkpt lat="54.610267" lon="-3.255005">
        <ele>289.75</ele>
      </trkpt>
      <trkpt lat="54.610364" lon="-3.25555">
        <ele>289.75</ele>
      </trkpt>
      <trkpt lat="54.610443" lon="-3.256097">
        <ele>288.75</ele>
      </trkpt>
      <trkpt lat="54.610597" lon="-3.256711">
        <ele>286.75</ele>
      </trkpt>
      <trkpt lat="54.610866" lon="-3.258126">
        <ele>274</ele>
      </trkpt>
      <trkpt lat="54.610919" lon="-3.258421">
        <ele>273.5</ele>
      </trkpt>
      <trkpt lat="54.61105" lon="-3.25885">
        <ele>275.25</ele>
      </trkpt>
      <trkpt lat="54.611242" lon="-3.259408">
        <ele>275.75</ele>
      </trkpt>
      <trkpt lat="54.611423" lon="-3.260307">
        <ele>269.75</ele>
      </trkpt>
      <trkpt lat="54.611588" lon="-3.26089">
        <ele>264.25</ele>
      </trkpt>
      <trkpt lat="54.611769" lon="-3.261473">
        <ele>260.5</ele>
      </trkpt>
      <trkpt lat="54.612169" lon="-3.262485">
        <ele>260</ele>
      </trkpt>
      <trkpt lat="54.612455" lon="-3.263497">
        <ele>253.5</ele>
      </trkpt>
      <trkpt lat="54.612876" lon="-3.264368">
        <ele>253.5</ele>
      </trkpt>
      <trkpt lat="54.612922" lon="-3.264548">
        <ele>252.25</ele>
      </trkpt>
      <trkpt lat="54.612955" lon="-3.264677">
        <ele>251.25</ele>
      </trkpt>
      <trkpt lat="54.613476" lon="-3.265852">
        <ele>246.25</ele>
      </trkpt>
      <trkpt lat="54.613705" lon="-3.266301">
        <ele>244</ele>
      </trkpt>
      <trkpt lat="54.613788" lon="-3.266576">
        <ele>240.75</ele>
      </trkpt>
      <trkpt lat="54.613862" lon="-3.266906">
        <ele>239</ele>
      </trkpt>
      <trkpt lat="54.613952" lon="-3.267199">
        <ele>238.25</ele>
      </trkpt>
      <trkpt lat="54.614059" lon="-3.267781">
        <ele>234.25</ele>
      </trkpt>
      <trkpt lat="54.614271" lon="-3.26835">
        <ele>228.5</ele>
      </trkpt>
      <trkpt lat="54.614296" lon="-3.268449">
        <ele>230.25</ele>
      </trkpt>
      <trkpt lat="54.61437" lon="-3.268582">
        <ele>232.25</ele>
      </trkpt>
      <trkpt lat="54.614515" lon="-3.268794">
        <ele>234.25</ele>
      </trkpt>
      <trkpt lat="54.61485" lon="-3.2691">
        <ele>234.5</ele>
      </trkpt>
      <trkpt lat="54.615187" lon="-3.269266">
        <ele>232</ele>
      </trkpt>
      <trkpt lat="54.615353" lon="-3.269456">
        <ele>231.5</ele>
      </trkpt>
      <trkpt lat="54.615472" lon="-3.269686">
        <ele>231.25</ele>
      </trkpt>
      <trkpt lat="54.61573" lon="-3.270341">
        <ele>234</ele>
      </trkpt>
      <trkpt lat="54.616152" lon="-3.271271">
        <ele>238.75</ele>
      </trkpt>
      <trkpt lat="54.616531" lon="-3.271991">
        <ele>236.25</ele>
      </trkpt>
      <trkpt lat="54.616707" lon="-3.272405">
        <ele>236.5</ele>
      </trkpt>
      <trkpt lat="54.616746" lon="-3.272725">
        <ele>239.5</ele>
      </trkpt>
      <trkpt lat="54.616778" lon="-3.273215">
        <ele>244.75</ele>
      </trkpt>
      <trkpt lat="54.617005" lon="-3.275207">
        <ele>242.5</ele>
      </trkpt>
      <trkpt lat="54.617086" lon="-3.278428">
        <ele>220.75</ele>
      </trkpt>
      <trkpt lat="54.617117" lon="-3.279314">
        <ele>215.25</ele>
      </trkpt>
      <trkpt lat="54.617157" lon="-3.279952">
        <ele>210.75</ele>
      </trkpt>
      <trkpt lat="54.617131" lon="-3.280611">
        <ele>206.75</ele>
      </trkpt>
      <trkpt lat="54.617158" lon="-3.280968">
        <ele>203.75</ele>
      </trkpt>
      <trkpt lat="54.61725" lon="-3.281515">
        <ele>198.5</ele>
      </trkpt>
      <trkpt lat="54.617282" lon="-3.281998">
        <ele>194.5</ele>
      </trkpt>
      <trkpt lat="54.617297" lon="-3.282425">
        <ele>191</ele>
      </trkpt>
      <trkpt lat="54.617298" lon="-3.282792">
        <ele>188.5</ele>
      </trkpt>
      <trkpt lat="54.617171" lon="-3.2845">
        <ele>177.5</ele>
      </trkpt>
      <trkpt lat="54.617123" lon="-3.286272">
        <ele>164.5</ele>
      </trkpt>
      <trkpt lat="54.61729" lon="-3.2873">
        <ele>154.75</ele>
      </trkpt>
      <trkpt lat="54.61738" lon="-3.288446">
        <ele>146.25</ele>
      </trkpt>
      <trkpt lat="54.617614" lon="-3.290411">
        <ele>135.75</ele>
      </trkpt>
      <trkpt lat="54.617631" lon="-3.290634">
        <ele>134.75</ele>
      </trkpt>
      <trkpt lat="54.617631" lon="-3.290878">
        <ele>133.75</ele>
      </trkpt>
      <trkpt lat="54.617545" lon="-3.291862">
        <ele>130.75</ele>
      </trkpt>
      <trkpt lat="54.617499" lon="-3.291975">
        <ele>130.5</ele>
      </trkpt>
      <trkpt lat="54.617407" lon="-3.292056">
        <ele>130</ele>
      </trkpt>
      <trkpt lat="54.617441" lon="-3.292312">
        <ele>128.75</ele>
      </trkpt>
      <trkpt lat="54.617586" lon="-3.292991">
        <ele>125</ele>
      </trkpt>
      <trkpt lat="54.617605" lon="-3.293184">
        <ele>124</ele>
      </trkpt>
      <trkpt lat="54.617653" lon="-3.294745">
        <ele>120.75</ele>
      </trkpt>
      <trkpt lat="54.617545" lon="-3.295423">
        <ele>118.75</ele>
      </trkpt>
      <trkpt lat="54.617442" lon="-3.296227">
        <ele>115</ele>
      </trkpt>
      <trkpt lat="54.617428" lon="-3.296489">
        <ele>114</ele>
      </trkpt>
      <trkpt lat="54.617435" lon="-3.296752">
        <ele>112.75</ele>
      </trkpt>
      <trkpt lat="54.61746" lon="-3.297104">
        <ele>110.5</ele>
      </trkpt>
      <trkpt lat="54.617533" lon="-3.297672">
        <ele>106.5</ele>
      </trkpt>
      <trkpt lat="54.617563" lon="-3.298051">
        <ele>103.75</ele>
      </trkpt>
      <trkpt lat="54.617563" lon="-3.298261">
        <ele>102.25</ele>
      </trkpt>
      <trkpt lat="54.61755" lon="-3.298439">
        <ele>101.5</ele>
      </trkpt>
      <trkpt lat="54.617509" lon="-3.298602">
        <ele>101</ele>
      </trkpt>
      <trkpt lat="54.617493" lon="-3.298755">
        <ele>100.25</ele>
      </trkpt>
      <trkpt lat="54.617486" lon="-3.299018">
        <ele>99.25</ele>
      </trkpt>
      <trkpt lat="54.617496" lon="-3.299286">
        <ele>98.5</ele>
      </trkpt>
      <trkpt lat="54.617494" lon="-3.299447">
        <ele>97.75</ele>
      </trkpt>
      <trkpt lat="54.61753" lon="-3.299925">
        <ele>96.25</ele>
      </trkpt>
      <trkpt lat="54.617562" lon="-3.299964">
        <ele>96.25</ele>
      </trkpt>
      <trkpt lat="54.617694" lon="-3.299953">
        <ele>96.5</ele>
      </trkpt>
      <trkpt lat="54.617758" lon="-3.300007">
        <ele>96.5</ele>
      </trkpt>
      <trkpt lat="54.617815" lon="-3.300074">
        <ele>96.5</ele>
      </trkpt>
      <trkpt lat="54.617889" lon="-3.300162">
        <ele>96.5</ele>
      </trkpt>
      <trkpt lat="54.617823" lon="-3.300268">
        <ele>96</ele>
      </trkpt>
      <trkpt lat="54.617685" lon="-3.300608">
        <ele>94.75</ele>
      </trkpt>
      <trkpt lat="54.617639" lon="-3.30075">
        <ele>94.5</ele>
      </trkpt>
      <trkpt lat="54.617623" lon="-3.300831">
        <ele>94.25</ele>
      </trkpt>
      <trkpt lat="54.617618" lon="-3.300929">
        <ele>94</ele>
      </trkpt>
      <trkpt lat="54.617624" lon="-3.300991">
        <ele>94</ele>
      </trkpt>
      <trkpt lat="54.617648" lon="-3.301063">
        <ele>94</ele>
      </trkpt>
      <trkpt lat="54.617778" lon="-3.301349">
        <ele>94</ele>
      </trkpt>
      <trkpt lat="54.61793" lon="-3.301683">
        <ele>94</ele>
      </trkpt>
      <trkpt lat="54.61795" lon="-3.301736">
        <ele>93.75</ele>
      </trkpt>
      <trkpt lat="54.618023" lon="-3.3019">
        <ele>93.75</ele>
      </trkpt>
      <trkpt lat="54.618059" lon="-3.301976">
        <ele>93.75</ele>
      </trkpt>
      <trkpt lat="54.618207" lon="-3.302463">
        <ele>93.5</ele>
      </trkpt>
      <trkpt lat="54.618407" lon="-3.303105">
        <ele>93</ele>
      </trkpt>
      <trkpt lat="54.618513" lon="-3.30356">
        <ele>92.25</ele>
      </trkpt>
      <trkpt lat="54.618526" lon="-3.303665">
        <ele>92</ele>
      </trkpt>
      <trkpt lat="54.618544" lon="-3.304597">
        <ele>89.75</ele>
      </trkpt>
      <trkpt lat="54.618519" lon="-3.305261">
        <ele>88.5</ele>
      </trkpt>
      <trkpt lat="54.618527" lon="-3.305514">
        <ele>88.25</ele>
      </trkpt>
      <trkpt lat="54.618573" lon="-3.305823">
        <ele>88</ele>
      </trkpt>
      <trkpt lat="54.618628" lon="-3.30607">
        <ele>88</ele>
      </trkpt>
      <trkpt lat="54.618735" lon="-3.306474">
        <ele>88</ele>
      </trkpt>
      <trkpt lat="54.618882" lon="-3.307598">
        <ele>86.25</ele>
      </trkpt>
      <trkpt lat="54.618948" lon="-3.308273">
        <ele>85.5</ele>
      </trkpt>
      <trkpt lat="54.618991" lon="-3.308419">
        <ele>85.25</ele>
      </trkpt>
      <trkpt lat="54.619028" lon="-3.308453">
        <ele>85.25</ele>
      </trkpt>
      <trkpt lat="54.619071" lon="-3.308556">
        <ele>84.75</ele>
      </trkpt>
      <trkpt lat="54.619085" lon="-3.308648">
        <ele>84.5</ele>
      </trkpt>
      <trkpt lat="54.619084" lon="-3.308767">
        <ele>84.25</ele>
      </trkpt>
      <trkpt lat="54.618977" lon="-3.309544">
        <ele>81.5</ele>
      </trkpt>
      <trkpt lat="54.6189" lon="-3.310188">
        <ele>79.5</ele>
      </trkpt>
      <trkpt lat="54.618873" lon="-3.310341">
        <ele>79</ele>
      </trkpt>
      <trkpt lat="54.618854" lon="-3.310611">
        <ele>78.5</ele>
      </trkpt>
      <trkpt lat="54.618858" lon="-3.310703">
        <ele>78.25</ele>
      </trkpt>
      <trkpt lat="54.618965" lon="-3.311186">
        <ele>77.5</ele>
      </trkpt>
      <trkpt lat="54.618995" lon="-3.311428">
        <ele>77.25</ele>
      </trkpt>
      <trkpt lat="54.619026" lon="-3.311754">
        <ele>77</ele>
      </trkpt>
      <trkpt lat="54.619019" lon="-3.311898">
        <ele>77</ele>
      </trkpt>
      <trkpt lat="54.619008" lon="-3.311974">
        <ele>77</ele>
      </trkpt>
      <trkpt lat="54.618887" lon="-3.311835">
        <ele>77</ele>
      </trkpt>
      <trkpt lat="54.618793" lon="-3.311756">
        <ele>77</ele>
      </trkpt>
      <trkpt lat="54.618673" lon="-3.311679">
        <ele>76.75</ele>
      </trkpt>
      <trkpt lat="54.617992" lon="-3.311319">
        <ele>77</ele>
      </trkpt>
      <trkpt lat="54.617437" lon="-3.311077">
        <ele>77</ele>
      </trkpt>
      <trkpt lat="54.61659" lon="-3.310615">
        <ele>78</ele>
      </trkpt>
      <trkpt lat="54.615651" lon="-3.31014">
        <ele>77.75</ele>
      </trkpt>
      <trkpt lat="54.615258" lon="-3.309894">
        <ele>78</ele>
      </trkpt>
      <trkpt lat="54.615174" lon="-3.309885">
        <ele>78</ele>
      </trkpt>
      <trkpt lat="54.614996" lon="-3.309888">
        <ele>78</ele>
      </trkpt>
      <trkpt lat="54.614627" lon="-3.309859">
        <ele>78</ele>
      </trkpt>
      <trkpt lat="54.61449" lon="-3.309818">
        <ele>78</ele>
      </trkpt>
      <trkpt lat="54.614309" lon="-3.309743">
        <ele>78</ele>
      </trkpt>
      <trkpt lat="54.614142" lon="-3.309641">
        <ele>77.75</ele>
      </trkpt>
      <trkpt lat="54.613051" lon="-3.308671">
        <ele>77.75</ele>
      </trkpt>
      <trkpt lat="54.612817" lon="-3.308432">
        <ele>78.25</ele>
      </trkpt>
      <trkpt lat="54.612653" lon="-3.308277">
        <ele>78.75</ele>
      </trkpt>
      <trkpt lat="54.612516" lon="-3.308185">
        <ele>79</ele>
      </trkpt>
      <trkpt lat="54.612306" lon="-3.308088">
        <ele>79.75</ele>
      </trkpt>
      <trkpt lat="54.612125" lon="-3.308041">
        <ele>80.25</ele>
      </trkpt>
      <trkpt lat="54.611955" lon="-3.308051">
        <ele>80.5</ele>
      </trkpt>
      <trkpt lat="54.611205" lon="-3.30833">
        <ele>81.5</ele>
      </trkpt>
      <trkpt lat="54.611095" lon="-3.308337">
        <ele>81.5</ele>
      </trkpt>
      <trkpt lat="54.610999" lon="-3.308327">
        <ele>81.75</ele>
      </trkpt>
      <trkpt lat="54.610882" lon="-3.308292">
        <ele>82</ele>
      </trkpt>
      <trkpt lat="54.610457" lon="-3.308123">
        <ele>82.5</ele>
      </trkpt>
      <trkpt lat="54.610006" lon="-3.307853">
        <ele>83.5</ele>
      </trkpt>
      <trkpt lat="54.609601" lon="-3.307695">
        <ele>84.75</ele>
      </trkpt>
      <trkpt lat="54.609127" lon="-3.30786">
        <ele>84.5</ele>
      </trkpt>
      <trkpt lat="54.608714" lon="-3.307905">
        <ele>84.5</ele>
      </trkpt>
      <trkpt lat="54.608109" lon="-3.307698">
        <ele>85.25</ele>
      </trkpt>
      <trkpt lat="54.607225" lon="-3.307707">
        <ele>86</ele>
      </trkpt>
      <trkpt lat="54.605687" lon="-3.308146">
        <ele>85.25</ele>
      </trkpt>
      <trkpt lat="54.60535" lon="-3.308166">
        <ele>84</ele>
      </trkpt>
      <trkpt lat="54.605224" lon="-3.308101">
        <ele>83.75</ele>
      </trkpt>
      <trkpt lat="54.605114" lon="-3.30801">
        <ele>83.75</ele>
      </trkpt>
      <trkpt lat="54.604828" lon="-3.307809">
        <ele>84</ele>
      </trkpt>
      <trkpt lat="54.604729" lon="-3.307762">
        <ele>84</ele>
      </trkpt>
      <trkpt lat="54.604586" lon="-3.307731">
        <ele>84</ele>
      </trkpt>
      <trkpt lat="54.604008" lon="-3.307758">
        <ele>83.25</ele>
      </trkpt>
      <trkpt lat="54.603553" lon="-3.307792">
        <ele>83.75</ele>
      </trkpt>
      <trkpt lat="54.603274" lon="-3.307732">
        <ele>84.5</ele>
      </trkpt>
      <trkpt lat="54.602771" lon="-3.307547">
        <ele>85.5</ele>
      </trkpt>
      <trkpt lat="54.602304" lon="-3.307327">
        <ele>87</ele>
      </trkpt>
      <trkpt lat="54.602121" lon="-3.307268">
        <ele>87.5</ele>
      </trkpt>
      <trkpt lat="54.601533" lon="-3.307199">
        <ele>88.5</ele>
      </trkpt>
      <trkpt lat="54.600759" lon="-3.307124">
        <ele>85.75</ele>
      </trkpt>
      <trkpt lat="54.60018" lon="-3.307117">
        <ele>85</ele>
      </trkpt>
      <trkpt lat="54.59964" lon="-3.307147">
        <ele>83.5</ele>
      </trkpt>
      <trkpt lat="54.599294" lon="-3.307034">
        <ele>82.5</ele>
      </trkpt>
      <trkpt lat="54.599152" lon="-3.306892">
        <ele>82.25</ele>
      </trkpt>
      <trkpt lat="54.599024" lon="-3.306763">
        <ele>82.75</ele>
      </trkpt>
      <trkpt lat="54.598746" lon="-3.306512">
        <ele>83.5</ele>
      </trkpt>
      <trkpt lat="54.59846" lon="-3.306384">
        <ele>84</ele>
      </trkpt>
      <trkpt lat="54.597656" lon="-3.306129">
        <ele>85.5</ele>
      </trkpt>
      <trkpt lat="54.597288" lon="-3.306069">
        <ele>86.75</ele>
      </trkpt>
      <trkpt lat="54.596011" lon="-3.306076">
        <ele>91.5</ele>
      </trkpt>
      <trkpt lat="54.595291" lon="-3.306126">
        <ele>91.75</ele>
      </trkpt>
      <trkpt lat="54.595012" lon="-3.306166">
        <ele>91.25</ele>
      </trkpt>
      <trkpt lat="54.594584" lon="-3.306204">
        <ele>91.5</ele>
      </trkpt>
      <trkpt lat="54.594471" lon="-3.306241">
        <ele>91.5</ele>
      </trkpt>
      <trkpt lat="54.594088" lon="-3.306715">
        <ele>90</ele>
      </trkpt>
      <trkpt lat="54.59378" lon="-3.306917">
        <ele>90.25</ele>
      </trkpt>
      <trkpt lat="54.59348" lon="-3.307195">
        <ele>90.5</ele>
      </trkpt>
      <trkpt lat="54.593172" lon="-3.30772">
        <ele>89.5</ele>
      </trkpt>
      <trkpt lat="54.592954" lon="-3.307967">
        <ele>89.25</ele>
      </trkpt>
      <trkpt lat="54.592433" lon="-3.308472">
        <ele>90</ele>
      </trkpt>
      <trkpt lat="54.59238" lon="-3.308445">
        <ele>90.25</ele>
      </trkpt>
      <trkpt lat="54.592062" lon="-3.308422">
        <ele>91.75</ele>
      </trkpt>
      <trkpt lat="54.591627" lon="-3.308351">
        <ele>94</ele>
      </trkpt>
      <trkpt lat="54.591349" lon="-3.308239">
        <ele>94.75</ele>
      </trkpt>
      <trkpt lat="54.591117" lon="-3.308086">
        <ele>95.75</ele>
      </trkpt>
      <trkpt lat="54.590988" lon="-3.307986">
        <ele>96.25</ele>
      </trkpt>
      <trkpt lat="54.590866" lon="-3.307875">
        <ele>97</ele>
      </trkpt>
      <trkpt lat="54.590666" lon="-3.307833">
        <ele>97.75</ele>
      </trkpt>
      <trkpt lat="54.590244" lon="-3.30778">
        <ele>99.75</ele>
      </trkpt>
      <trkpt lat="54.590052" lon="-3.307789">
        <ele>100.5</ele>
      </trkpt>
      <trkpt lat="54.589621" lon="-3.307859">
        <ele>102.5</ele>
      </trkpt>
      <trkpt lat="54.589493" lon="-3.307839">
        <ele>103</ele>
      </trkpt>
      <trkpt lat="54.589245" lon="-3.307703">
        <ele>104.75</ele>
      </trkpt>
      <trkpt lat="54.589034" lon="-3.307609">
        <ele>105.75</ele>
      </trkpt>
      <trkpt lat="54.588605" lon="-3.30727">
        <ele>108.25</ele>
      </trkpt>
      <trkpt lat="54.588326" lon="-3.307088">
        <ele>109.25</ele>
      </trkpt>
      <trkpt lat="54.588249" lon="-3.307048">
        <ele>109.5</ele>
      </trkpt>
      <trkpt lat="54.588194" lon="-3.307035">
        <ele>109.5</ele>
      </trkpt>
      <trkpt lat="54.587998" lon="-3.306986">
        <ele>109.25</ele>
      </trkpt>
      <trkpt lat="54.587491" lon="-3.306545">
        <ele>110.25</ele>
      </trkpt>
      <trkpt lat="54.587252" lon="-3.306303">
        <ele>111.25</ele>
      </trkpt>
      <trkpt lat="54.587102" lon="-3.306182">
        <ele>111.5</ele>
      </trkpt>
      <trkpt lat="54.586891" lon="-3.306042">
        <ele>111.75</ele>
      </trkpt>
      <trkpt lat="54.586548" lon="-3.305887">
        <ele>113.75</ele>
      </trkpt>
      <trkpt lat="54.586424" lon="-3.305849">
        <ele>115.75</ele>
      </trkpt>
      <trkpt lat="54.586069" lon="-3.305809">
        <ele>121</ele>
      </trkpt>
      <trkpt lat="54.585927" lon="-3.305792">
        <ele>123.25</ele>
      </trkpt>
      <trkpt lat="54.58519" lon="-3.305659">
        <ele>133.5</ele>
      </trkpt>
      <trkpt lat="54.584688" lon="-3.305729">
        <ele>138.25</ele>
      </trkpt>
      <trkpt lat="54.584347" lon="-3.305597">
        <ele>137.5</ele>
      </trkpt>
      <trkpt lat="54.583828" lon="-3.305543">
        <ele>138.25</ele>
      </trkpt>
      <trkpt lat="54.583505" lon="-3.305399">
        <ele>137.25</ele>
      </trkpt>
      <trkpt lat="54.583061" lon="-3.305281">
        <ele>137.25</ele>
      </trkpt>
      <trkpt lat="54.582315" lon="-3.305215">
        <ele>140</ele>
      </trkpt>
      <trkpt lat="54.58217" lon="-3.305224">
        <ele>140.75</ele>
      </trkpt>
      <trkpt lat="54.58146" lon="-3.305358">
        <ele>145</ele>
      </trkpt>
      <trkpt lat="54.581253" lon="-3.305372">
        <ele>145</ele>
      </trkpt>
      <trkpt lat="54.580891" lon="-3.305372">
        <ele>145</ele>
      </trkpt>
      <trkpt lat="54.580658" lon="-3.305316">
        <ele>144.5</ele>
      </trkpt>
      <trkpt lat="54.580322" lon="-3.305197">
        <ele>144</ele>
      </trkpt>
      <trkpt lat="54.579888" lon="-3.30501">
        <ele>143.75</ele>
      </trkpt>
      <trkpt lat="54.579651" lon="-3.304918">
        <ele>145</ele>
      </trkpt>
      <trkpt lat="54.579101" lon="-3.304844">
        <ele>148.5</ele>
      </trkpt>
      <trkpt lat="54.578859" lon="-3.304786">
        <ele>149.5</ele>
      </trkpt>
      <trkpt lat="54.578677" lon="-3.304685">
        <ele>150.5</ele>
      </trkpt>
      <trkpt lat="54.578386" lon="-3.304471">
        <ele>152.5</ele>
      </trkpt>
      <trkpt lat="54.578266" lon="-3.30433">
        <ele>153.5</ele>
      </trkpt>
      <trkpt lat="54.578197" lon="-3.304193">
        <ele>154</ele>
      </trkpt>
      <trkpt lat="54.578117" lon="-3.304023">
        <ele>155</ele>
      </trkpt>
      <trkpt lat="54.577997" lon="-3.303829">
        <ele>156</ele>
      </trkpt>
      <trkpt lat="54.577849" lon="-3.303719">
        <ele>157</ele>
      </trkpt>
      <trkpt lat="54.577308" lon="-3.30343">
        <ele>158.5</ele>
      </trkpt>
      <trkpt lat="54.577269" lon="-3.303409">
        <ele>158.5</ele>
      </trkpt>
      <trkpt lat="54.576542" lon="-3.302952">
        <ele>157</ele>
      </trkpt>
      <trkpt lat="54.57622" lon="-3.302777">
        <ele>156</ele>
      </trkpt>
      <trkpt lat="54.576157" lon="-3.302744">
        <ele>155.75</ele>
      </trkpt>
      <trkpt lat="54.576048" lon="-3.302668">
        <ele>155.5</ele>
      </trkpt>
      <trkpt lat="54.575736" lon="-3.302535">
        <ele>154.25</ele>
      </trkpt>
      <trkpt lat="54.575631" lon="-3.302488">
        <ele>153.75</ele>
      </trkpt>
      <trkpt lat="54.575428" lon="-3.302435">
        <ele>152.75</ele>
      </trkpt>
      <trkpt lat="54.5754" lon="-3.302427">
        <ele>152.5</ele>
      </trkpt>
      <trkpt lat="54.575084" lon="-3.302365">
        <ele>151</ele>
      </trkpt>
      <trkpt lat="54.574915" lon="-3.302333">
        <ele>150.25</ele>
      </trkpt>
      <trkpt lat="54.574745" lon="-3.302323">
        <ele>149.75</ele>
      </trkpt>
      <trkpt lat="54.574677" lon="-3.302338">
        <ele>149.5</ele>
      </trkpt>
      <trkpt lat="54.574455" lon="-3.302459">
        <ele>148</ele>
      </trkpt>
      <trkpt lat="54.574194" lon="-3.302629">
        <ele>146.5</ele>
      </trkpt>
      <trkpt lat="54.574098" lon="-3.302679">
        <ele>146.5</ele>
      </trkpt>
      <trkpt lat="54.574005" lon="-3.302715">
        <ele>146.75</ele>
      </trkpt>
      <trkpt lat="54.573866" lon="-3.302752">
        <ele>147</ele>
      </trkpt>
      <trkpt lat="54.573549" lon="-3.30281">
        <ele>147.75</ele>
      </trkpt>
      <trkpt lat="54.573139" lon="-3.30282">
        <ele>148.25</ele>
      </trkpt>
      <trkpt lat="54.573004" lon="-3.302799">
        <ele>148.25</ele>
      </trkpt>
      <trkpt lat="54.572747" lon="-3.302734">
        <ele>148.5</ele>
      </trkpt>
      <trkpt lat="54.572468" lon="-3.302714">
        <ele>148.5</ele>
      </trkpt>
      <trkpt lat="54.572238" lon="-3.302745">
        <ele>147.75</ele>
      </trkpt>
      <trkpt lat="54.571966" lon="-3.302759">
        <ele>147</ele>
      </trkpt>
      <trkpt lat="54.571808" lon="-3.302741">
        <ele>146.75</ele>
      </trkpt>
      <trkpt lat="54.571687" lon="-3.30272">
        <ele>146.5</ele>
      </trkpt>
      <trkpt lat="54.571486" lon="-3.302599">
        <ele>145.25</ele>
      </trkpt>
      <trkpt lat="54.57137" lon="-3.302507">
        <ele>144.75</ele>
      </trkpt>
      <trkpt lat="54.571166" lon="-3.302416">
        <ele>143.5</ele>
      </trkpt>
      <trkpt lat="54.57094" lon="-3.302336">
        <ele>142.25</ele>
      </trkpt>
      <trkpt lat="54.570633" lon="-3.302231">
        <ele>139.75</ele>
      </trkpt>
      <trkpt lat="54.570373" lon="-3.302126">
        <ele>137.75</ele>
      </trkpt>
      <trkpt lat="54.569856" lon="-3.30189">
        <ele>134.25</ele>
      </trkpt>
      <trkpt lat="54.56947" lon="-3.301745">
        <ele>131.25</ele>
      </trkpt>
      <trkpt lat="54.569376" lon="-3.301678">
        <ele>131</ele>
      </trkpt>
      <trkpt lat="54.569278" lon="-3.301563">
        <ele>131.5</ele>
      </trkpt>
      <trkpt lat="54.569176" lon="-3.301402">
        <ele>132.5</ele>
      </trkpt>
      <trkpt lat="54.568841" lon="-3.301097">
        <ele>130.25</ele>
      </trkpt>
      <trkpt lat="54.568642" lon="-3.300967">
        <ele>128</ele>
      </trkpt>
      <trkpt lat="54.568524" lon="-3.300901">
        <ele>126.75</ele>
      </trkpt>
      <trkpt lat="54.568374" lon="-3.300759">
        <ele>125.75</ele>
      </trkpt>
      <trkpt lat="54.568098" lon="-3.300555">
        <ele>124.5</ele>
      </trkpt>
      <trkpt lat="54.567912" lon="-3.300397">
        <ele>123.75</ele>
      </trkpt>
      <trkpt lat="54.56758" lon="-3.300034">
        <ele>122.75</ele>
      </trkpt>
      <trkpt lat="54.567434" lon="-3.299916">
        <ele>122.25</ele>
      </trkpt>
      <trkpt lat="54.566981" lon="-3.299653">
        <ele>119.5</ele>
      </trkpt>
      <trkpt lat="54.566734" lon="-3.299485">
        <ele>118</ele>
      </trkpt>
      <trkpt lat="54.566593" lon="-3.299431">
        <ele>117.25</ele>
      </trkpt>
      <trkpt lat="54.566528" lon="-3.299426">
        <ele>116.75</ele>
      </trkpt>
      <trkpt lat="54.566349" lon="-3.29941">
        <ele>116</ele>
      </trkpt>
      <trkpt lat="54.566284" lon="-3.2994">
        <ele>115.5</ele>
      </trkpt>
      <trkpt lat="54.56624" lon="-3.299382">
        <ele>115.5</ele>
      </trkpt>
      <trkpt lat="54.56611" lon="-3.299325">
        <ele>115.25</ele>
      </trkpt>
      <trkpt lat="54.565838" lon="-3.299138">
        <ele>115.25</ele>
      </trkpt>
      <trkpt lat="54.565748" lon="-3.299045">
        <ele>115.75</ele>
      </trkpt>
      <trkpt lat="54.565613" lon="-3.298834">
        <ele>117</ele>
      </trkpt>
      <trkpt lat="54.565529" lon="-3.298729">
        <ele>117.5</ele>
      </trkpt>
      <trkpt lat="54.565296" lon="-3.298483">
        <ele>118.5</ele>
      </trkpt>
      <trkpt lat="54.565166" lon="-3.298393">
        <ele>118.5</ele>
      </trkpt>
      <trkpt lat="54.565058" lon="-3.298342">
        <ele>118.25</ele>
      </trkpt>
      <trkpt lat="54.564952" lon="-3.298322">
        <ele>117.5</ele>
      </trkpt>
      <trkpt lat="54.564882" lon="-3.298292">
        <ele>117</ele>
      </trkpt>
      <trkpt lat="54.564808" lon="-3.298228">
        <ele>117.25</ele>
      </trkpt>
      <trkpt lat="54.564634" lon="-3.298019">
        <ele>118.5</ele>
      </trkpt>
      <trkpt lat="54.564448" lon="-3.297823">
        <ele>119</ele>
      </trkpt>
      <trkpt lat="54.564351" lon="-3.297636">
        <ele>120.5</ele>
      </trkpt>
      <trkpt lat="54.564276" lon="-3.297547">
        <ele>120.75</ele>
      </trkpt>
      <trkpt lat="54.564125" lon="-3.297478">
        <ele>119.75</ele>
      </trkpt>
      <trkpt lat="54.563786" lon="-3.297431">
        <ele>117.5</ele>
      </trkpt>
      <trkpt lat="54.563589" lon="-3.297384">
        <ele>116.25</ele>
      </trkpt>
      <trkpt lat="54.563469" lon="-3.297324">
        <ele>115.75</ele>
      </trkpt>
      <trkpt lat="54.563379" lon="-3.297255">
        <ele>115.75</ele>
      </trkpt>
      <trkpt lat="54.563071" lon="-3.297033">
        <ele>115.5</ele>
      </trkpt>
      <trkpt lat="54.56293" lon="-3.296955">
        <ele>115.25</ele>
      </trkpt>
      <trkpt lat="54.562791" lon="-3.296898">
        <ele>114.75</ele>
      </trkpt>
      <trkpt lat="54.562688" lon="-3.296894">
        <ele>114</ele>
      </trkpt>
      <trkpt lat="54.562508" lon="-3.296999">
        <ele>112</ele>
      </trkpt>
      <trkpt lat="54.562239" lon="-3.297102">
        <ele>110.25</ele>
      </trkpt>
      <trkpt lat="54.561952" lon="-3.297174">
        <ele>108.75</ele>
      </trkpt>
      <trkpt lat="54.561819" lon="-3.29718">
        <ele>108.25</ele>
      </trkpt>
      <trkpt lat="54.561689" lon="-3.297162">
        <ele>108</ele>
      </trkpt>
      <trkpt lat="54.561633" lon="-3.297138">
        <ele>108</ele>
      </trkpt>
      <trkpt lat="54.561542" lon="-3.297117">
        <ele>107.75</ele>
      </trkpt>
      <trkpt lat="54.561441" lon="-3.297163">
        <ele>107.25</ele>
      </trkpt>
      <trkpt lat="54.561294" lon="-3.297197">
        <ele>106.5</ele>
      </trkpt>
      <trkpt lat="54.561213" lon="-3.297182">
        <ele>106.25</ele>
      </trkpt>
      <trkpt lat="54.561029" lon="-3.297107">
        <ele>106</ele>
      </trkpt>
      <trkpt lat="54.560793" lon="-3.296985">
        <ele>105.5</ele>
      </trkpt>
      <trkpt lat="54.560685" lon="-3.296903">
        <ele>105.5</ele>
      </trkpt>
      <trkpt lat="54.560568" lon="-3.296776">
        <ele>105.5</ele>
      </trkpt>
      <trkpt lat="54.560389" lon="-3.296558">
        <ele>106</ele>
      </trkpt>
      <trkpt lat="54.560066" lon="-3.2962">
        <ele>106.5</ele>
      </trkpt>
      <trkpt lat="54.559948" lon="-3.296081">
        <ele>106.5</ele>
      </trkpt>
      <trkpt lat="54.559863" lon="-3.296025">
        <ele>106.5</ele>
      </trkpt>
      <trkpt lat="54.559736" lon="-3.296025">
        <ele>106.25</ele>
      </trkpt>
      <trkpt lat="54.559373" lon="-3.295927">
        <ele>105.25</ele>
      </trkpt>
      <trkpt lat="54.559259" lon="-3.295947">
        <ele>105</ele>
      </trkpt>
      <trkpt lat="54.559135" lon="-3.295991">
        <ele>104.5</ele>
      </trkpt>
      <trkpt lat="54.55888" lon="-3.296125">
        <ele>104.75</ele>
      </trkpt>
      <trkpt lat="54.558773" lon="-3.296138">
        <ele>105</ele>
      </trkpt>
      <trkpt lat="54.558608" lon="-3.296139">
        <ele>105.5</ele>
      </trkpt>
      <trkpt lat="54.558328" lon="-3.296134">
        <ele>106.25</ele>
      </trkpt>
      <trkpt lat="54.557553" lon="-3.296015">
        <ele>107.25</ele>
      </trkpt>
      <trkpt lat="54.557199" lon="-3.29603">
        <ele>107.25</ele>
      </trkpt>
      <trkpt lat="54.557018" lon="-3.296055">
        <ele>107.25</ele>
      </trkpt>
      <trkpt lat="54.556813" lon="-3.296077">
        <ele>107</ele>
      </trkpt>
      <trkpt lat="54.556658" lon="-3.296065">
        <ele>107</ele>
      </trkpt>
      <trkpt lat="54.556466" lon="-3.296038">
        <ele>107.25</ele>
      </trkpt>
      <trkpt lat="54.556361" lon="-3.296003">
        <ele>107.25</ele>
      </trkpt>
      <trkpt lat="54.556306" lon="-3.295985">
        <ele>107.25</ele>
      </trkpt>
      <trkpt lat="54.556167" lon="-3.295939">
        <ele>107.5</ele>
      </trkpt>
      <trkpt lat="54.555444" lon="-3.295647">
        <ele>106.25</ele>
      </trkpt>
      <trkpt lat="54.55517" lon="-3.29557">
        <ele>104.75</ele>
      </trkpt>
      <trkpt lat="54.555015" lon="-3.295549">
        <ele>104</ele>
      </trkpt>
      <trkpt lat="54.554533" lon="-3.295573">
        <ele>105.75</ele>
      </trkpt>
      <trkpt lat="54.554285" lon="-3.295615">
        <ele>106.5</ele>
      </trkpt>
      <trkpt lat="54.554078" lon="-3.295637">
        <ele>108.25</ele>
      </trkpt>
      <trkpt lat="54.553983" lon="-3.295635">
        <ele>110</ele>
      </trkpt>
      <trkpt lat="54.553864" lon="-3.295592">
        <ele>112.25</ele>
      </trkpt>
      <trkpt lat="54.553743" lon="-3.295571">
        <ele>114.75</ele>
      </trkpt>
      <trkpt lat="54.553632" lon="-3.295583">
        <ele>116.5</ele>
      </trkpt>
      <trkpt lat="54.553539" lon="-3.295611">
        <ele>117.75</ele>
      </trkpt>
      <trkpt lat="54.553401" lon="-3.295675">
        <ele>118.75</ele>
      </trkpt>
      <trkpt lat="54.553181" lon="-3.295827">
        <ele>119.5</ele>
      </trkpt>
      <trkpt lat="54.553146" lon="-3.295849">
        <ele>119.75</ele>
      </trkpt>
      <trkpt lat="54.553101" lon="-3.295895">
        <ele>119.5</ele>
      </trkpt>
      <trkpt lat="54.552843" lon="-3.29618">
        <ele>118.5</ele>
      </trkpt>
      <trkpt lat="54.552722" lon="-3.296373">
        <ele>116.75</ele>
      </trkpt>
      <trkpt lat="54.552537" lon="-3.296617">
        <ele>115.25</ele>
      </trkpt>
      <trkpt lat="54.552498" lon="-3.296717">
        <ele>114.5</ele>
      </trkpt>
      <trkpt lat="54.55242" lon="-3.297075">
        <ele>111.75</ele>
      </trkpt>
      <trkpt lat="54.552384" lon="-3.297176">
        <ele>111</ele>
      </trkpt>
      <trkpt lat="54.552199" lon="-3.29757">
        <ele>107.75</ele>
      </trkpt>
      <trkpt lat="54.552149" lon="-3.297695">
        <ele>106.5</ele>
      </trkpt>
      <trkpt lat="54.552095" lon="-3.297795">
        <ele>105.5</ele>
      </trkpt>
      <trkpt lat="54.552066" lon="-3.297812">
        <ele>105.5</ele>
      </trkpt>
      <trkpt lat="54.551944" lon="-3.297826">
        <ele>105.75</ele>
      </trkpt>
      <trkpt lat="54.551856" lon="-3.29782">
        <ele>106.25</ele>
      </trkpt>
      <trkpt lat="54.551818" lon="-3.297803">
        <ele>106.5</ele>
      </trkpt>
      <trkpt lat="54.551792" lon="-3.297778">
        <ele>107</ele>
      </trkpt>
      <trkpt lat="54.551744" lon="-3.297672">
        <ele>108.75</ele>
      </trkpt>
      <trkpt lat="54.551671" lon="-3.297573">
        <ele>110.75</ele>
      </trkpt>
      <trkpt lat="54.551596" lon="-3.297504">
        <ele>111</ele>
      </trkpt>
      <trkpt lat="54.551533" lon="-3.297399">
        <ele>112</ele>
      </trkpt>
      <trkpt lat="54.551453" lon="-3.297211">
        <ele>113.5</ele>
      </trkpt>
      <trkpt lat="54.551385" lon="-3.296903">
        <ele>116.5</ele>
      </trkpt>
      <trkpt lat="54.551338" lon="-3.29679">
        <ele>117</ele>
      </trkpt>
      <trkpt lat="54.551266" lon="-3.296702">
        <ele>116.75</ele>
      </trkpt>
      <trkpt lat="54.551171" lon="-3.29667">
        <ele>115.25</ele>
      </trkpt>
      <trkpt lat="54.551021" lon="-3.296637">
        <ele>113</ele>
      </trkpt>
      <trkpt lat="54.550909" lon="-3.296551">
        <ele>112</ele>
      </trkpt>
      <trkpt lat="54.550753" lon="-3.296346">
        <ele>112.25</ele>
      </trkpt>
      <trkpt lat="54.550479" lon="-3.29604">
        <ele>111.75</ele>
      </trkpt>
      <trkpt lat="54.5504" lon="-3.295963">
        <ele>111.25</ele>
      </trkpt>
      <trkpt lat="54.550322" lon="-3.29591">
        <ele>110.25</ele>
      </trkpt>
      <trkpt lat="54.550244" lon="-3.295831">
        <ele>109.5</ele>
      </trkpt>
      <trkpt lat="54.550186" lon="-3.295724">
        <ele>109.5</ele>
      </trkpt>
      <trkpt lat="54.550059" lon="-3.295255">
        <ele>110.5</ele>
      </trkpt>
      <trkpt lat="54.549946" lon="-3.294967">
        <ele>110.25</ele>
      </trkpt>
      <trkpt lat="54.549779" lon="-3.294365">
        <ele>111.5</ele>
      </trkpt>
      <trkpt lat="54.54968" lon="-3.294062">
        <ele>111</ele>
      </trkpt>
      <trkpt lat="54.549549" lon="-3.293716">
        <ele>109.25</ele>
      </trkpt>
      <trkpt lat="54.549367" lon="-3.293119">
        <ele>107</ele>
      </trkpt>
      <trkpt lat="54.549232" lon="-3.292648">
        <ele>106.75</ele>
      </trkpt>
      <trkpt lat="54.549041" lon="-3.2921">
        <ele>108</ele>
      </trkpt>
      <trkpt lat="54.548759" lon="-3.29113">
        <ele>111.5</ele>
      </trkpt>
      <trkpt lat="54.54858" lon="-3.290428">
        <ele>113.25</ele>
      </trkpt>
      <trkpt lat="54.548458" lon="-3.290121">
        <ele>112.5</ele>
      </trkpt>
      <trkpt lat="54.548356" lon="-3.289837">
        <ele>112</ele>
      </trkpt>
      <trkpt lat="54.548216" lon="-3.289357">
        <ele>113.5</ele>
      </trkpt>
      <trkpt lat="54.548078" lon="-3.288834">
        <ele>115.5</ele>
      </trkpt>
      <trkpt lat="54.548015" lon="-3.288595">
        <ele>116.25</ele>
      </trkpt>
      <trkpt lat="54.547879" lon="-3.288143">
        <ele>118</ele>
      </trkpt>
      <trkpt lat="54.547786" lon="-3.287811">
        <ele>120</ele>
      </trkpt>
      <trkpt lat="54.547737" lon="-3.2877">
        <ele>120.25</ele>
      </trkpt>
      <trkpt lat="54.547676" lon="-3.287594">
        <ele>120</ele>
      </trkpt>
      <trkpt lat="54.547535" lon="-3.287435">
        <ele>118.5</ele>
      </trkpt>
      <trkpt lat="54.547374" lon="-3.287304">
        <ele>118</ele>
      </trkpt>
      <trkpt lat="54.547298" lon="-3.287208">
        <ele>118.5</ele>
      </trkpt>
      <trkpt lat="54.547252" lon="-3.287084">
        <ele>119.25</ele>
      </trkpt>
      <trkpt lat="54.547231" lon="-3.286971">
        <ele>120.25</ele>
      </trkpt>
      <trkpt lat="54.547213" lon="-3.286727">
        <ele>122.25</ele>
      </trkpt>
      <trkpt lat="54.547163" lon="-3.286409">
        <ele>124.75</ele>
      </trkpt>
      <trkpt lat="54.546935" lon="-3.28531">
        <ele>132.75</ele>
      </trkpt>
      <trkpt lat="54.546879" lon="-3.285078">
        <ele>134.5</ele>
      </trkpt>
      <trkpt lat="54.546833" lon="-3.284972">
        <ele>135</ele>
      </trkpt>
      <trkpt lat="54.546775" lon="-3.284875">
        <ele>135.5</ele>
      </trkpt>
      <trkpt lat="54.546737" lon="-3.284855">
        <ele>135.25</ele>
      </trkpt>
      <trkpt lat="54.546674" lon="-3.284845">
        <ele>134.5</ele>
      </trkpt>
      <trkpt lat="54.546574" lon="-3.284845">
        <ele>134.25</ele>
      </trkpt>
      <trkpt lat="54.546319" lon="-3.284891">
        <ele>133.5</ele>
      </trkpt>
      <trkpt lat="54.545973" lon="-3.284931">
        <ele>132.5</ele>
      </trkpt>
      <trkpt lat="54.545766" lon="-3.284903">
        <ele>131.25</ele>
      </trkpt>
      <trkpt lat="54.545655" lon="-3.284818">
        <ele>129.75</ele>
      </trkpt>
      <trkpt lat="54.545574" lon="-3.284695">
        <ele>129</ele>
      </trkpt>
      <trkpt lat="54.545505" lon="-3.28456">
        <ele>128.5</ele>
      </trkpt>
      <trkpt lat="54.545391" lon="-3.28423">
        <ele>128.5</ele>
      </trkpt>
      <trkpt lat="54.545331" lon="-3.28388">
        <ele>130</ele>
      </trkpt>
      <trkpt lat="54.5453" lon="-3.283548">
        <ele>131.75</ele>
      </trkpt>
      <trkpt lat="54.545146" lon="-3.282547">
        <ele>131.5</ele>
      </trkpt>
      <trkpt lat="54.545051" lon="-3.281822">
        <ele>130.5</ele>
      </trkpt>
      <trkpt lat="54.545004" lon="-3.28157">
        <ele>130.75</ele>
      </trkpt>
      <trkpt lat="54.544941" lon="-3.281331">
        <ele>132.5</ele>
      </trkpt>
      <trkpt lat="54.544865" lon="-3.281143">
        <ele>134</ele>
      </trkpt>
      <trkpt lat="54.544782" lon="-3.280994">
        <ele>135</ele>
      </trkpt>
      <trkpt lat="54.544542" lon="-3.280667">
        <ele>136.75</ele>
      </trkpt>
      <trkpt lat="54.544434" lon="-3.280403">
        <ele>138</ele>
      </trkpt>
      <trkpt lat="54.544374" lon="-3.280279">
        <ele>138.5</ele>
      </trkpt>
      <trkpt lat="54.544324" lon="-3.280232">
        <ele>138.5</ele>
      </trkpt>
      <trkpt lat="54.544107" lon="-3.280097">
        <ele>138.25</ele>
      </trkpt>
      <trkpt lat="54.544004" lon="-3.280095">
        <ele>137.5</ele>
      </trkpt>
      <trkpt lat="54.543857" lon="-3.280069">
        <ele>136.5</ele>
      </trkpt>
      <trkpt lat="54.543783" lon="-3.280034">
        <ele>136</ele>
      </trkpt>
      <trkpt lat="54.543736" lon="-3.279974">
        <ele>136</ele>
      </trkpt>
      <trkpt lat="54.543647" lon="-3.279828">
        <ele>136.25</ele>
      </trkpt>
      <trkpt lat="54.543566" lon="-3.279718">
        <ele>136.25</ele>
      </trkpt>
      <trkpt lat="54.543491" lon="-3.27964">
        <ele>136.25</ele>
      </trkpt>
      <trkpt lat="54.543363" lon="-3.279593">
        <ele>135</ele>
      </trkpt>
      <trkpt lat="54.543287" lon="-3.27954">
        <ele>134.75</ele>
      </trkpt>
      <trkpt lat="54.543227" lon="-3.279448">
        <ele>134.75</ele>
      </trkpt>
      <trkpt lat="54.54319" lon="-3.279345">
        <ele>134.75</ele>
      </trkpt>
      <trkpt lat="54.543134" lon="-3.279155">
        <ele>135</ele>
      </trkpt>
      <trkpt lat="54.543077" lon="-3.279042">
        <ele>135</ele>
      </trkpt>
      <trkpt lat="54.542905" lon="-3.278876">
        <ele>133.75</ele>
      </trkpt>
      <trkpt lat="54.542823" lon="-3.278767">
        <ele>133.25</ele>
      </trkpt>
      <trkpt lat="54.54278" lon="-3.27869">
        <ele>133</ele>
      </trkpt>
      <trkpt lat="54.542643" lon="-3.278439">
        <ele>131.75</ele>
      </trkpt>
      <trkpt lat="54.542534" lon="-3.278228">
        <ele>130.5</ele>
      </trkpt>
      <trkpt lat="54.54237" lon="-3.277801">
        <ele>128.75</ele>
      </trkpt>
      <trkpt lat="54.542253" lon="-3.27765">
        <ele>127.25</ele>
      </trkpt>
      <trkpt lat="54.542063" lon="-3.277586">
        <ele>124.5</ele>
      </trkpt>
      <trkpt lat="54.541862" lon="-3.277541">
        <ele>121.75</ele>
      </trkpt>
      <trkpt lat="54.541704" lon="-3.277484">
        <ele>119.5</ele>
      </trkpt>
      <trkpt lat="54.541602" lon="-3.277407">
        <ele>118.75</ele>
      </trkpt>
      <trkpt lat="54.541577" lon="-3.277372">
        <ele>118.5</ele>
      </trkpt>
      <trkpt lat="54.541531" lon="-3.27731">
        <ele>118.5</ele>
      </trkpt>
      <trkpt lat="54.541472" lon="-3.277139">
        <ele>118.5</ele>
      </trkpt>
      <trkpt lat="54.541466" lon="-3.277093">
        <ele>118.5</ele>
      </trkpt>
      <trkpt lat="54.541451" lon="-3.276959">
        <ele>118.75</ele>
      </trkpt>
      <trkpt lat="54.541424" lon="-3.276841">
        <ele>118.75</ele>
      </trkpt>
      <trkpt lat="54.541379" lon="-3.27673">
        <ele>118.75</ele>
      </trkpt>
      <trkpt lat="54.541368" lon="-3.276589">
        <ele>119</ele>
      </trkpt>
      <trkpt lat="54.541339" lon="-3.275957">
        <ele>121.5</ele>
      </trkpt>
      <trkpt lat="54.541342" lon="-3.275823">
        <ele>122.25</ele>
      </trkpt>
      <trkpt lat="54.541367" lon="-3.275733">
        <ele>122.75</ele>
      </trkpt>
      <trkpt lat="54.541397" lon="-3.275669">
        <ele>123.5</ele>
      </trkpt>
      <trkpt lat="54.541572" lon="-3.275414">
        <ele>126</ele>
      </trkpt>
      <trkpt lat="54.541608" lon="-3.275311">
        <ele>127</ele>
      </trkpt>
      <trkpt lat="54.541635" lon="-3.275208">
        <ele>127.5</ele>
      </trkpt>
      <trkpt lat="54.541654" lon="-3.27512">
        <ele>128.25</ele>
      </trkpt>
      <trkpt lat="54.541662" lon="-3.275017">
        <ele>128.75</ele>
      </trkpt>
      <trkpt lat="54.541654" lon="-3.274884">
        <ele>129.5</ele>
      </trkpt>
      <trkpt lat="54.541588" lon="-3.274429">
        <ele>132.5</ele>
      </trkpt>
      <trkpt lat="54.541538" lon="-3.274164">
        <ele>134</ele>
      </trkpt>
      <trkpt lat="54.541335" lon="-3.273545">
        <ele>138</ele>
      </trkpt>
      <trkpt lat="54.541298" lon="-3.273309">
        <ele>140</ele>
      </trkpt>
      <trkpt lat="54.541242" lon="-3.273166">
        <ele>141.25</ele>
      </trkpt>
      <trkpt lat="54.541158" lon="-3.273075">
        <ele>142</ele>
      </trkpt>
      <trkpt lat="54.541077" lon="-3.273006">
        <ele>142.25</ele>
      </trkpt>
      <trkpt lat="54.540949" lon="-3.272933">
        <ele>142.25</ele>
      </trkpt>
      <trkpt lat="54.540874" lon="-3.272857">
        <ele>142.75</ele>
      </trkpt>
      <trkpt lat="54.540809" lon="-3.272752">
        <ele>143.75</ele>
      </trkpt>
      <trkpt lat="54.540662" lon="-3.272448">
        <ele>146.5</ele>
      </trkpt>
      <trkpt lat="54.540488" lon="-3.272206">
        <ele>148</ele>
      </trkpt>
      <trkpt lat="54.540397" lon="-3.272063">
        <ele>148.75</ele>
      </trkpt>
      <trkpt lat="54.540318" lon="-3.27195">
        <ele>149.25</ele>
      </trkpt>
      <trkpt lat="54.540053" lon="-3.271712">
        <ele>149</ele>
      </trkpt>
      <trkpt lat="54.539902" lon="-3.271527">
        <ele>148.25</ele>
      </trkpt>
      <trkpt lat="54.539762" lon="-3.271392">
        <ele>147.25</ele>
      </trkpt>
      <trkpt lat="54.53965" lon="-3.271312">
        <ele>146.25</ele>
      </trkpt>
      <trkpt lat="54.539493" lon="-3.271175">
        <ele>144.75</ele>
      </trkpt>
      <trkpt lat="54.539312" lon="-3.270908">
        <ele>144.25</ele>
      </trkpt>
      <trkpt lat="54.539107" lon="-3.270749">
        <ele>142.75</ele>
      </trkpt>
      <trkpt lat="54.538945" lon="-3.270682">
        <ele>141.5</ele>
      </trkpt>
      <trkpt lat="54.538858" lon="-3.270659">
        <ele>140.75</ele>
      </trkpt>
      <trkpt lat="54.538618" lon="-3.270588">
        <ele>139</ele>
      </trkpt>
      <trkpt lat="54.538319" lon="-3.270483">
        <ele>136.5</ele>
      </trkpt>
      <trkpt lat="54.538135" lon="-3.27039">
        <ele>135</ele>
      </trkpt>
      <trkpt lat="54.537977" lon="-3.270235">
        <ele>134</ele>
      </trkpt>
      <trkpt lat="54.537444" lon="-3.26947">
        <ele>135.75</ele>
      </trkpt>
      <trkpt lat="54.53716" lon="-3.269097">
        <ele>133.5</ele>
      </trkpt>
      <trkpt lat="54.536941" lon="-3.268655">
        <ele>132.75</ele>
      </trkpt>
      <trkpt lat="54.536773" lon="-3.26835">
        <ele>131</ele>
      </trkpt>
      <trkpt lat="54.536676" lon="-3.268132">
        <ele>131.5</ele>
      </trkpt>
      <trkpt lat="54.536597" lon="-3.267855">
        <ele>134</ele>
      </trkpt>
      <trkpt lat="54.536527" lon="-3.267663">
        <ele>135</ele>
      </trkpt>
      <trkpt lat="54.536337" lon="-3.267319">
        <ele>133.75</ele>
      </trkpt>
      <trkpt lat="54.536174" lon="-3.26698">
        <ele>131.5</ele>
      </trkpt>
      <trkpt lat="54.536114" lon="-3.266798">
        <ele>130.75</ele>
      </trkpt>
      <trkpt lat="54.536064" lon="-3.266595">
        <ele>130.75</ele>
      </trkpt>
      <trkpt lat="54.53602" lon="-3.266266">
        <ele>133.5</ele>
      </trkpt>
      <trkpt lat="54.535971" lon="-3.266046">
        <ele>134.25</ele>
      </trkpt>
      <trkpt lat="54.535827" lon="-3.265732">
        <ele>132.25</ele>
      </trkpt>
      <trkpt lat="54.535725" lon="-3.265475">
        <ele>132.75</ele>
      </trkpt>
      <trkpt lat="54.535655" lon="-3.265187">
        <ele>134</ele>
      </trkpt>
      <trkpt lat="54.535575" lon="-3.264817">
        <ele>136.25</ele>
      </trkpt>
      <trkpt lat="54.535501" lon="-3.264537">
        <ele>137.5</ele>
      </trkpt>
      <trkpt lat="54.535446" lon="-3.264402">
        <ele>137.25</ele>
      </trkpt>
      <trkpt lat="54.53497" lon="-3.263356">
        <ele>133</ele>
      </trkpt>
      <trkpt lat="54.534699" lon="-3.262707">
        <ele>135.5</ele>
      </trkpt>
      <trkpt lat="54.534605" lon="-3.262483">
        <ele>136</ele>
      </trkpt>
      <trkpt lat="54.534535" lon="-3.262284">
        <ele>137</ele>
      </trkpt>
      <trkpt lat="54.534462" lon="-3.262023">
        <ele>138.75</ele>
      </trkpt>
      <trkpt lat="54.534392" lon="-3.261854">
        <ele>139.25</ele>
      </trkpt>
      <trkpt lat="54.534299" lon="-3.261712">
        <ele>138.75</ele>
      </trkpt>
      <trkpt lat="54.534051" lon="-3.261228">
        <ele>138.5</ele>
      </trkpt>
      <trkpt lat="54.533985" lon="-3.261022">
        <ele>139.25</ele>
      </trkpt>
      <trkpt lat="54.533909" lon="-3.260868">
        <ele>139</ele>
      </trkpt>
      <trkpt lat="54.533694" lon="-3.260375">
        <ele>138.25</ele>
      </trkpt>
      <trkpt lat="54.533594" lon="-3.260008">
        <ele>138.5</ele>
      </trkpt>
      <trkpt lat="54.53354" lon="-3.259851">
        <ele>138.25</ele>
      </trkpt>
      <trkpt lat="54.533438" lon="-3.259442">
        <ele>138</ele>
      </trkpt>
      <trkpt lat="54.533361" lon="-3.259035">
        <ele>138.75</ele>
      </trkpt>
      <trkpt lat="54.533331" lon="-3.25893">
        <ele>138.5</ele>
      </trkpt>
      <trkpt lat="54.533088" lon="-3.258455">
        <ele>139.5</ele>
      </trkpt>
      <trkpt lat="54.532919" lon="-3.258048">
        <ele>141</ele>
      </trkpt>
      <trkpt lat="54.532854" lon="-3.257784">
        <ele>142.5</ele>
      </trkpt>
      <trkpt lat="54.532781" lon="-3.257375">
        <ele>145</ele>
      </trkpt>
      <trkpt lat="54.532712" lon="-3.257262">
        <ele>145</ele>
      </trkpt>
      <trkpt lat="54.532553" lon="-3.257171">
        <ele>143</ele>
      </trkpt>
      <trkpt lat="54.532403" lon="-3.25716">
        <ele>141.5</ele>
      </trkpt>
      <trkpt lat="54.532142" lon="-3.257289">
        <ele>138.5</ele>
      </trkpt>
      <trkpt lat="54.53193" lon="-3.257385">
        <ele>136.5</ele>
      </trkpt>
      <trkpt lat="54.531762" lon="-3.25731">
        <ele>135.5</ele>
      </trkpt>
      <trkpt lat="54.531629" lon="-3.257104">
        <ele>133.75</ele>
      </trkpt>
      <trkpt lat="54.531581" lon="-3.256986">
        <ele>132.75</ele>
      </trkpt>
      <trkpt lat="54.531469" lon="-3.256718">
        <ele>130.5</ele>
      </trkpt>
      <trkpt lat="54.53142" lon="-3.256591">
        <ele>130.5</ele>
      </trkpt>
      <trkpt lat="54.531289" lon="-3.25628">
        <ele>131</ele>
      </trkpt>
      <trkpt lat="54.531102" lon="-3.256012">
        <ele>130.25</ele>
      </trkpt>
      <trkpt lat="54.530971" lon="-3.255831">
        <ele>129.25</ele>
      </trkpt>
      <trkpt lat="54.530735" lon="-3.255386">
        <ele>129</ele>
      </trkpt>
      <trkpt lat="54.530604" lon="-3.255157">
        <ele>128</ele>
      </trkpt>
      <trkpt lat="54.530394" lon="-3.25469">
        <ele>129</ele>
      </trkpt>
      <trkpt lat="54.530293" lon="-3.254572">
        <ele>128.25</ele>
      </trkpt>
      <trkpt lat="54.530055" lon="-3.254468">
        <ele>124</ele>
      </trkpt>
      <trkpt lat="54.529894" lon="-3.254371">
        <ele>121.75</ele>
      </trkpt>
      <trkpt lat="54.52957" lon="-3.25403">
        <ele>119</ele>
      </trkpt>
      <trkpt lat="54.529118" lon="-3.253654">
        <ele>112</ele>
      </trkpt>
      <trkpt lat="54.528988" lon="-3.2535">
        <ele>111.5</ele>
      </trkpt>
      <trkpt lat="54.528911" lon="-3.253352">
        <ele>111.5</ele>
      </trkpt>
      <trkpt lat="54.528845" lon="-3.253169">
        <ele>111.75</ele>
      </trkpt>
      <trkpt lat="54.528693" lon="-3.252482">
        <ele>114</ele>
      </trkpt>
      <trkpt lat="54.528475" lon="-3.251988">
        <ele>113</ele>
      </trkpt>
      <trkpt lat="54.528399" lon="-3.251729">
        <ele>113</ele>
      </trkpt>
      <trkpt lat="54.528334" lon="-3.251471">
        <ele>115</ele>
      </trkpt>
      <trkpt lat="54.528264" lon="-3.251354">
        <ele>116.25</ele>
      </trkpt>
      <trkpt lat="54.52794" lon="-3.251159">
        <ele>117.25</ele>
      </trkpt>
      <trkpt lat="54.527859" lon="-3.251092">
        <ele>117.5</ele>
      </trkpt>
      <trkpt lat="54.52777" lon="-3.251086">
        <ele>117</ele>
      </trkpt>
      <trkpt lat="54.527302" lon="-3.251254">
        <ele>112.75</ele>
      </trkpt>
      <trkpt lat="54.527125" lon="-3.251284">
        <ele>112.25</ele>
      </trkpt>
      <trkpt lat="54.526988" lon="-3.251323">
        <ele>111.5</ele>
      </trkpt>
      <trkpt lat="54.526839" lon="-3.251335">
        <ele>111.25</ele>
      </trkpt>
      <trkpt lat="54.526737" lon="-3.251317">
        <ele>111</ele>
      </trkpt>
      <trkpt lat="54.526638" lon="-3.251272">
        <ele>111</ele>
      </trkpt>
      <trkpt lat="54.526512" lon="-3.251169">
        <ele>111</ele>
      </trkpt>
      <trkpt lat="54.526409" lon="-3.25093">
        <ele>111.5</ele>
      </trkpt>
      <trkpt lat="54.526358" lon="-3.250763">
        <ele>112</ele>
      </trkpt>
      <trkpt lat="54.526267" lon="-3.250393">
        <ele>113.5</ele>
      </trkpt>
      <trkpt lat="54.526224" lon="-3.250245">
        <ele>113.75</ele>
      </trkpt>
      <trkpt lat="54.526082" lon="-3.24998">
        <ele>114</ele>
      </trkpt>
      <trkpt lat="54.525951" lon="-3.249864">
        <ele>113.5</ele>
      </trkpt>
      <trkpt lat="54.52589" lon="-3.249755">
        <ele>113.25</ele>
      </trkpt>
      <trkpt lat="54.525853" lon="-3.249583">
        <ele>113.5</ele>
      </trkpt>
      <trkpt lat="54.525712" lon="-3.249015">
        <ele>114.75</ele>
      </trkpt>
      <trkpt lat="54.525428" lon="-3.248338">
        <ele>116</ele>
      </trkpt>
      <trkpt lat="54.525218" lon="-3.247777">
        <ele>117</ele>
      </trkpt>
      <trkpt lat="54.525122" lon="-3.247537">
        <ele>117.5</ele>
      </trkpt>
      <trkpt lat="54.525028" lon="-3.24743">
        <ele>117.5</ele>
      </trkpt>
      <trkpt lat="54.524806" lon="-3.247206">
        <ele>116.75</ele>
      </trkpt>
      <trkpt lat="54.524308" lon="-3.246675">
        <ele>114.25</ele>
      </trkpt>
      <trkpt lat="54.524223" lon="-3.246605">
        <ele>113.5</ele>
      </trkpt>
      <trkpt lat="54.523999" lon="-3.246371">
        <ele>112.5</ele>
      </trkpt>
      <trkpt lat="54.523923" lon="-3.24628">
        <ele>112.5</ele>
      </trkpt>
      <trkpt lat="54.523857" lon="-3.246207">
        <ele>112.25</ele>
      </trkpt>
      <trkpt lat="54.523801" lon="-3.246122">
        <ele>112.25</ele>
      </trkpt>
      <trkpt lat="54.523747" lon="-3.24601">
        <ele>112.5</ele>
      </trkpt>
      <trkpt lat="54.523605" lon="-3.245643">
        <ele>113.25</ele>
      </trkpt>
      <trkpt lat="54.523374" lon="-3.244534">
        <ele>116</ele>
      </trkpt>
      <trkpt lat="54.523286" lon="-3.244175">
        <ele>116.25</ele>
      </trkpt>
      <trkpt lat="54.523114" lon="-3.243625">
        <ele>118.75</ele>
      </trkpt>
      <trkpt lat="54.522987" lon="-3.243114">
        <ele>121.75</ele>
      </trkpt>
      <trkpt lat="54.522941" lon="-3.242877">
        <ele>123.25</ele>
      </trkpt>
      <trkpt lat="54.52293" lon="-3.242775">
        <ele>123.75</ele>
      </trkpt>
      <trkpt lat="54.522932" lon="-3.242682">
        <ele>124</ele>
      </trkpt>
      <trkpt lat="54.522945" lon="-3.242565">
        <ele>124</ele>
      </trkpt>
      <trkpt lat="54.522992" lon="-3.242334">
        <ele>124</ele>
      </trkpt>
      <trkpt lat="54.523016" lon="-3.242188">
        <ele>124.25</ele>
      </trkpt>
      <trkpt lat="54.52303" lon="-3.242058">
        <ele>124.5</ele>
      </trkpt>
      <trkpt lat="54.52304" lon="-3.241889">
        <ele>124.75</ele>
      </trkpt>
      <trkpt lat="54.523037" lon="-3.241531">
        <ele>125.75</ele>
      </trkpt>
      <trkpt lat="54.523025" lon="-3.241386">
        <ele>126.25</ele>
      </trkpt>
      <trkpt lat="54.522949" lon="-3.240789">
        <ele>128.75</ele>
      </trkpt>
      <trkpt lat="54.522883" lon="-3.240094">
        <ele>131.5</ele>
      </trkpt>
      <trkpt lat="54.522854" lon="-3.239943">
        <ele>132.5</ele>
      </trkpt>
      <trkpt lat="54.522797" lon="-3.239718">
        <ele>134</ele>
      </trkpt>
      <trkpt lat="54.522774" lon="-3.239531">
        <ele>134.5</ele>
      </trkpt>
      <trkpt lat="54.5228" lon="-3.239043">
        <ele>134</ele>
      </trkpt>
      <trkpt lat="54.5228" lon="-3.238898">
        <ele>134</ele>
      </trkpt>
      <trkpt lat="54.522771" lon="-3.237731">
        <ele>133.75</ele>
      </trkpt>
      <trkpt lat="54.522688" lon="-3.236895">
        <ele>133.5</ele>
      </trkpt>
      <trkpt lat="54.52269" lon="-3.236688">
        <ele>133</ele>
      </trkpt>
      <trkpt lat="54.522725" lon="-3.236255">
        <ele>132.75</ele>
      </trkpt>
      <trkpt lat="54.522715" lon="-3.236015">
        <ele>133</ele>
      </trkpt>
      <trkpt lat="54.522637" lon="-3.235468">
        <ele>133.75</ele>
      </trkpt>
      <trkpt lat="54.522634" lon="-3.235288">
        <ele>134</ele>
      </trkpt>
      <trkpt lat="54.522662" lon="-3.234888">
        <ele>134.25</ele>
      </trkpt>
      <trkpt lat="54.522665" lon="-3.234647">
        <ele>135</ele>
      </trkpt>
      <trkpt lat="54.522647" lon="-3.234134">
        <ele>136.5</ele>
      </trkpt>
      <trkpt lat="54.522646" lon="-3.234095">
        <ele>136.75</ele>
      </trkpt>
      <trkpt lat="54.522659" lon="-3.233778">
        <ele>138</ele>
      </trkpt>
      <trkpt lat="54.522718" lon="-3.233495">
        <ele>138.5</ele>
      </trkpt>
      <trkpt lat="54.522806" lon="-3.232887">
        <ele>138</ele>
      </trkpt>
      <trkpt lat="54.522824" lon="-3.232696">
        <ele>138</ele>
      </trkpt>
      <trkpt lat="54.522809" lon="-3.232404">
        <ele>138.25</ele>
      </trkpt>
      <trkpt lat="54.522762" lon="-3.232089">
        <ele>139.25</ele>
      </trkpt>
      <trkpt lat="54.522717" lon="-3.231868">
        <ele>140</ele>
      </trkpt>
      <trkpt lat="54.522697" lon="-3.231664">
        <ele>140.5</ele>
      </trkpt>
      <trkpt lat="54.522724" lon="-3.231261">
        <ele>141.75</ele>
      </trkpt>
      <trkpt lat="54.522732" lon="-3.23079">
        <ele>143.5</ele>
      </trkpt>
      <trkpt lat="54.522899" lon="-3.229918">
        <ele>144</ele>
      </trkpt>
      <trkpt lat="54.522926" lon="-3.229542">
        <ele>144</ele>
      </trkpt>
      <trkpt lat="54.522926" lon="-3.229377">
        <ele>144.25</ele>
      </trkpt>
      <trkpt lat="54.522883" lon="-3.228832">
        <ele>146</ele>
      </trkpt>
      <trkpt lat="54.522784" lon="-3.228107">
        <ele>148.25</ele>
      </trkpt>
      <trkpt lat="54.522739" lon="-3.227164">
        <ele>149.25</ele>
      </trkpt>
      <trkpt lat="54.522777" lon="-3.226793">
        <ele>149</ele>
      </trkpt>
      <trkpt lat="54.522854" lon="-3.226401">
        <ele>148.75</ele>
      </trkpt>
      <trkpt lat="54.522893" lon="-3.226122">
        <ele>148.75</ele>
      </trkpt>
      <trkpt lat="54.522896" lon="-3.22572">
        <ele>149.25</ele>
      </trkpt>
      <trkpt lat="54.522866" lon="-3.225315">
        <ele>150</ele>
      </trkpt>
      <trkpt lat="54.522791" lon="-3.224879">
        <ele>151</ele>
      </trkpt>
      <trkpt lat="54.522786" lon="-3.224594">
        <ele>151.25</ele>
      </trkpt>
      <trkpt lat="54.522848" lon="-3.22406">
        <ele>151.75</ele>
      </trkpt>
      <trkpt lat="54.522848" lon="-3.223861">
        <ele>152</ele>
      </trkpt>
      <trkpt lat="54.522808" lon="-3.223636">
        <ele>152.5</ele>
      </trkpt>
      <trkpt lat="54.522641" lon="-3.222942">
        <ele>152.75</ele>
      </trkpt>
      <trkpt lat="54.522605" lon="-3.22267">
        <ele>152.5</ele>
      </trkpt>
      <trkpt lat="54.522588" lon="-3.221741">
        <ele>150.75</ele>
      </trkpt>
      <trkpt lat="54.522591" lon="-3.22162">
        <ele>150.75</ele>
      </trkpt>
      <trkpt lat="54.5226" lon="-3.221524">
        <ele>151</ele>
      </trkpt>
      <trkpt lat="54.522622" lon="-3.221391">
        <ele>151.5</ele>
      </trkpt>
      <trkpt lat="54.522667" lon="-3.221168">
        <ele>152.5</ele>
      </trkpt>
      <trkpt lat="54.522685" lon="-3.221024">
        <ele>153</ele>
      </trkpt>
      <trkpt lat="54.522687" lon="-3.220844">
        <ele>153.25</ele>
      </trkpt>
      <trkpt lat="54.522671" lon="-3.220417">
        <ele>154.5</ele>
      </trkpt>
      <trkpt lat="54.52264" lon="-3.220031">
        <ele>155</ele>
      </trkpt>
      <trkpt lat="54.522429" lon="-3.219072">
        <ele>158.75</ele>
      </trkpt>
      <trkpt lat="54.522158" lon="-3.218373">
        <ele>162</ele>
      </trkpt>
      <trkpt lat="54.522123" lon="-3.21826">
        <ele>162.5</ele>
      </trkpt>
      <trkpt lat="54.522099" lon="-3.218136">
        <ele>163.5</ele>
      </trkpt>
      <trkpt lat="54.52208" lon="-3.217704">
        <ele>166.25</ele>
      </trkpt>
      <trkpt lat="54.522068" lon="-3.217585">
        <ele>167</ele>
      </trkpt>
      <trkpt lat="54.522023" lon="-3.217368">
        <ele>168.25</ele>
      </trkpt>
      <trkpt lat="54.521986" lon="-3.217258">
        <ele>168.75</ele>
      </trkpt>
      <trkpt lat="54.521789" lon="-3.216857">
        <ele>168.75</ele>
      </trkpt>
      <trkpt lat="54.521679" lon="-3.216688">
        <ele>168</ele>
      </trkpt>
      <trkpt lat="54.521499" lon="-3.216489">
        <ele>170.25</ele>
      </trkpt>
      <trkpt lat="54.521456" lon="-3.216411">
        <ele>171</ele>
      </trkpt>
      <trkpt lat="54.521308" lon="-3.216081">
        <ele>173.75</ele>
      </trkpt>
      <trkpt lat="54.521093" lon="-3.215748">
        <ele>174.5</ele>
      </trkpt>
      <trkpt lat="54.52095" lon="-3.215464">
        <ele>174.75</ele>
      </trkpt>
      <trkpt lat="54.520831" lon="-3.215147">
        <ele>174.25</ele>
      </trkpt>
      <trkpt lat="54.520769" lon="-3.215046">
        <ele>175</ele>
      </trkpt>
      <trkpt lat="54.520577" lon="-3.214782">
        <ele>178.25</ele>
      </trkpt>
      <trkpt lat="54.52038" lon="-3.214468">
        <ele>181.75</ele>
      </trkpt>
      <trkpt lat="54.520335" lon="-3.214383">
        <ele>182.5</ele>
      </trkpt>
      <trkpt lat="54.520231" lon="-3.214154">
        <ele>184</ele>
      </trkpt>
      <trkpt lat="54.520128" lon="-3.213876">
        <ele>185.75</ele>
      </trkpt>
      <trkpt lat="54.52" lon="-3.213648">
        <ele>186</ele>
      </trkpt>
      <trkpt lat="54.51995" lon="-3.213535">
        <ele>187.25</ele>
      </trkpt>
      <trkpt lat="54.519861" lon="-3.213186">
        <ele>190</ele>
      </trkpt>
      <trkpt lat="54.51983" lon="-3.213096">
        <ele>191.25</ele>
      </trkpt>
      <trkpt lat="54.519683" lon="-3.212841">
        <ele>193.75</ele>
      </trkpt>
      <trkpt lat="54.519583" lon="-3.212627">
        <ele>195.5</ele>
      </trkpt>
      <trkpt lat="54.519521" lon="-3.21251">
        <ele>196</ele>
      </trkpt>
      <trkpt lat="54.519437" lon="-3.212384">
        <ele>196.75</ele>
      </trkpt>
      <trkpt lat="54.519341" lon="-3.212161">
        <ele>197.75</ele>
      </trkpt>
      <trkpt lat="54.519266" lon="-3.211957">
        <ele>198.25</ele>
      </trkpt>
      <trkpt lat="54.519178" lon="-3.211789">
        <ele>198.5</ele>
      </trkpt>
      <trkpt lat="54.519026" lon="-3.211592">
        <ele>201</ele>
      </trkpt>
      <trkpt lat="54.518687" lon="-3.211377">
        <ele>205.5</ele>
      </trkpt>
      <trkpt lat="54.518517" lon="-3.211178">
        <ele>207.75</ele>
      </trkpt>
      <trkpt lat="54.51798" lon="-3.210194">
        <ele>216.5</ele>
      </trkpt>
      <trkpt lat="54.517516" lon="-3.20947">
        <ele>220.5</ele>
      </trkpt>
      <trkpt lat="54.517431" lon="-3.209257">
        <ele>223.25</ele>
      </trkpt>
      <trkpt lat="54.517307" lon="-3.208881">
        <ele>227</ele>
      </trkpt>
      <trkpt lat="54.517209" lon="-3.208655">
        <ele>228.5</ele>
      </trkpt>
      <trkpt lat="54.517058" lon="-3.208456">
        <ele>229</ele>
      </trkpt>
      <trkpt lat="54.516984" lon="-3.208414">
        <ele>228.75</ele>
      </trkpt>
      <trkpt lat="54.516876" lon="-3.208464">
        <ele>229</ele>
      </trkpt>
      <trkpt lat="54.516712" lon="-3.2084">
        <ele>228.5</ele>
      </trkpt>
      <trkpt lat="54.516596" lon="-3.20822">
        <ele>231</ele>
      </trkpt>
      <trkpt lat="54.516303" lon="-3.207451">
        <ele>242</ele>
      </trkpt>
      <trkpt lat="54.516186" lon="-3.207192">
        <ele>244.25</ele>
      </trkpt>
      <trkpt lat="54.516134" lon="-3.207126">
        <ele>245</ele>
      </trkpt>
      <trkpt lat="54.516044" lon="-3.207094">
        <ele>246.25</ele>
      </trkpt>
      <trkpt lat="54.515976" lon="-3.207052">
        <ele>247</ele>
      </trkpt>
      <trkpt lat="54.515907" lon="-3.206971">
        <ele>247.5</ele>
      </trkpt>
      <trkpt lat="54.51587" lon="-3.206868">
        <ele>247.5</ele>
      </trkpt>
      <trkpt lat="54.515831" lon="-3.206657">
        <ele>247.25</ele>
      </trkpt>
      <trkpt lat="54.515613" lon="-3.205963">
        <ele>266.5</ele>
      </trkpt>
      <trkpt lat="54.515505" lon="-3.205751">
        <ele>271.75</ele>
      </trkpt>
      <trkpt lat="54.515309" lon="-3.205526">
        <ele>278.25</ele>
      </trkpt>
      <trkpt lat="54.515252" lon="-3.20545">
        <ele>279.5</ele>
      </trkpt>
      <trkpt lat="54.515179" lon="-3.205281">
        <ele>280.25</ele>
      </trkpt>
      <trkpt lat="54.515009" lon="-3.2048">
        <ele>282</ele>
      </trkpt>
      <trkpt lat="54.514602" lon="-3.204026">
        <ele>296</ele>
      </trkpt>
      <trkpt lat="54.514561" lon="-3.203948">
        <ele>296.5</ele>
      </trkpt>
      <trkpt lat="54.514346" lon="-3.203565">
        <ele>296.5</ele>
      </trkpt>
      <trkpt lat="54.514106" lon="-3.203234">
        <ele>298.25</ele>
      </trkpt>
      <trkpt lat="54.514059" lon="-3.203106">
        <ele>302.5</ele>
      </trkpt>
      <trkpt lat="54.514016" lon="-3.202855">
        <ele>308.75</ele>
      </trkpt>
      <trkpt lat="54.513984" lon="-3.202744">
        <ele>311.5</ele>
      </trkpt>
      <trkpt lat="54.513779" lon="-3.202406">
        <ele>320.25</ele>
      </trkpt>
      <trkpt lat="54.513681" lon="-3.202266">
        <ele>323</ele>
      </trkpt>
      <trkpt lat="54.513571" lon="-3.202162">
        <ele>324.75</ele>
      </trkpt>
      <trkpt lat="54.513295" lon="-3.201865">
        <ele>327.25</ele>
      </trkpt>
      <trkpt lat="54.513147" lon="-3.201664">
        <ele>330.5</ele>
      </trkpt>
      <trkpt lat="54.513046" lon="-3.201487">
        <ele>336.25</ele>
      </trkpt>
      <trkpt lat="54.51287" lon="-3.201274">
        <ele>342.25</ele>
      </trkpt>
      <trkpt lat="54.512674" lon="-3.201067">
        <ele>346.5</ele>
      </trkpt>
      <trkpt lat="54.512466" lon="-3.200879">
        <ele>349</ele>
      </trkpt>
      <trkpt lat="54.512414" lon="-3.200811">
        <ele>350.25</ele>
      </trkpt>
      <trkpt lat="54.512154" lon="-3.200409">
        <ele>354.5</ele>
      </trkpt>
      <trkpt lat="54.51205" lon="-3.2003">
        <ele>355.25</ele>
      </trkpt>
      <trkpt lat="54.511761" lon="-3.199887">
        <ele>355.75</ele>
      </trkpt>
      <trkpt lat="54.511672" lon="-3.199785">
        <ele>356</ele>
      </trkpt>
      <trkpt lat="54.511522" lon="-3.199634">
        <ele>358.25</ele>
      </trkpt>
      <trkpt lat="54.511499" lon="-3.199586">
        <ele>358.5</ele>
      </trkpt>
      <trkpt lat="54.511467" lon="-3.199478">
        <ele>359.25</ele>
      </trkpt>
      <trkpt lat="54.511454" lon="-3.199344">
        <ele>359.75</ele>
      </trkpt>
      <trkpt lat="54.511456" lon="-3.199276">
        <ele>359.75</ele>
      </trkpt>
      <trkpt lat="54.511462" lon="-3.199175">
        <ele>360</ele>
      </trkpt>
      <trkpt lat="54.511484" lon="-3.198954">
        <ele>360.75</ele>
      </trkpt>
      <trkpt lat="54.511485" lon="-3.198887">
        <ele>361</ele>
      </trkpt>
      <trkpt lat="54.511476" lon="-3.198771">
        <ele>361.5</ele>
      </trkpt>
      <trkpt lat="54.511443" lon="-3.198517">
        <ele>362.25</ele>
      </trkpt>
      <trkpt lat="54.511444" lon="-3.198372">
        <ele>362.75</ele>
      </trkpt>
      <trkpt lat="54.511464" lon="-3.198252">
        <ele>362.5</ele>
      </trkpt>
      <trkpt lat="54.511474" lon="-3.198215">
        <ele>362.25</ele>
      </trkpt>
      <trkpt lat="54.51152" lon="-3.198088">
        <ele>362</ele>
      </trkpt>
      <trkpt lat="54.511562" lon="-3.19792">
        <ele>361.25</ele>
      </trkpt>
      <trkpt lat="54.51163" lon="-3.197464">
        <ele>359.5</ele>
      </trkpt>
      <trkpt lat="54.511682" lon="-3.197145">
        <ele>358.5</ele>
      </trkpt>
      <trkpt lat="54.511698" lon="-3.197028">
        <ele>358.5</ele>
      </trkpt>
      <trkpt lat="54.511715" lon="-3.196844">
        <ele>358</ele>
      </trkpt>
      <trkpt lat="54.511739" lon="-3.196678">
        <ele>357.75</ele>
      </trkpt>
      <trkpt lat="54.511799" lon="-3.196374">
        <ele>355</ele>
      </trkpt>
      <trkpt lat="54.511824" lon="-3.196164">
        <ele>352.25</ele>
      </trkpt>
      <trkpt lat="54.511857" lon="-3.196035">
        <ele>351</ele>
      </trkpt>
      <trkpt lat="54.511916" lon="-3.195912">
        <ele>350.5</ele>
      </trkpt>
      <trkpt lat="54.512062" lon="-3.1957">
        <ele>350</ele>
      </trkpt>
      <trkpt lat="54.512122" lon="-3.195634">
        <ele>350.25</ele>
      </trkpt>
      <trkpt lat="54.512219" lon="-3.195558">
        <ele>350.75</ele>
      </trkpt>
      <trkpt lat="54.512261" lon="-3.195495">
        <ele>350.5</ele>
      </trkpt>
      <trkpt lat="54.512327" lon="-3.195289">
        <ele>347.75</ele>
      </trkpt>
      <trkpt lat="54.512368" lon="-3.195185">
        <ele>346.5</ele>
      </trkpt>
      <trkpt lat="54.512414" lon="-3.195088">
        <ele>345.25</ele>
      </trkpt>
      <trkpt lat="54.512531" lon="-3.194902">
        <ele>344</ele>
      </trkpt>
      <trkpt lat="54.512548" lon="-3.194865">
        <ele>344</ele>
      </trkpt>
      <trkpt lat="54.512616" lon="-3.194648">
        <ele>342</ele>
      </trkpt>
      <trkpt lat="54.512673" lon="-3.194496">
        <ele>341</ele>
      </trkpt>
      <trkpt lat="54.512728" lon="-3.194395">
        <ele>340.75</ele>
      </trkpt>
      <trkpt lat="54.512819" lon="-3.19428">
        <ele>341</ele>
      </trkpt>
      <trkpt lat="54.512862" lon="-3.194175">
        <ele>340.25</ele>
      </trkpt>
      <trkpt lat="54.512876" lon="-3.194107">
        <ele>339.5</ele>
      </trkpt>
      <trkpt lat="54.512881" lon="-3.194035">
        <ele>338.25</ele>
      </trkpt>
      <trkpt lat="54.512891" lon="-3.193663">
        <ele>332.25</ele>
      </trkpt>
      <trkpt lat="54.512911" lon="-3.193452">
        <ele>329.25</ele>
      </trkpt>
      <trkpt lat="54.512928" lon="-3.193337">
        <ele>327.75</ele>
      </trkpt>
      <trkpt lat="54.512943" lon="-3.193122">
        <ele>326.5</ele>
      </trkpt>
      <trkpt lat="54.512936" lon="-3.192908">
        <ele>325</ele>
      </trkpt>
      <trkpt lat="54.512928" lon="-3.192806">
        <ele>324</ele>
      </trkpt>
      <trkpt lat="54.512872" lon="-3.192363">
        <ele>320.25</ele>
      </trkpt>
      <trkpt lat="54.512832" lon="-3.191677">
        <ele>314.75</ele>
      </trkpt>
      <trkpt lat="54.512804" lon="-3.191443">
        <ele>313.5</ele>
      </trkpt>
      <trkpt lat="54.51276" lon="-3.191256">
        <ele>312.25</ele>
      </trkpt>
      <trkpt lat="54.512705" lon="-3.191085">
        <ele>311</ele>
      </trkpt>
      <trkpt lat="54.512623" lon="-3.190892">
        <ele>309</ele>
      </trkpt>
      <trkpt lat="54.512576" lon="-3.190824">
        <ele>308</ele>
      </trkpt>
      <trkpt lat="54.512402" lon="-3.190613">
        <ele>305.75</ele>
      </trkpt>
      <trkpt lat="54.512353" lon="-3.190543">
        <ele>305.25</ele>
      </trkpt>
      <trkpt lat="54.512323" lon="-3.190478">
        <ele>305</ele>
      </trkpt>
      <trkpt lat="54.51221" lon="-3.190053">
        <ele>303.5</ele>
      </trkpt>
      <trkpt lat="54.512185" lon="-3.189897">
        <ele>303.25</ele>
      </trkpt>
      <trkpt lat="54.512179" lon="-3.189816">
        <ele>303</ele>
      </trkpt>
      <trkpt lat="54.512179" lon="-3.189638">
        <ele>302.75</ele>
      </trkpt>
      <trkpt lat="54.512203" lon="-3.189324">
        <ele>302.5</ele>
      </trkpt>
      <trkpt lat="54.512219" lon="-3.189211">
        <ele>302.25</ele>
      </trkpt>
      <trkpt lat="54.512262" lon="-3.188999">
        <ele>302</ele>
      </trkpt>
      <trkpt lat="54.51229" lon="-3.188921">
        <ele>301.75</ele>
      </trkpt>
      <trkpt lat="54.512395" lon="-3.188715">
        <ele>301.5</ele>
      </trkpt>
      <trkpt lat="54.512427" lon="-3.188626">
        <ele>301.25</ele>
      </trkpt>
      <trkpt lat="54.512448" lon="-3.188538">
        <ele>301.25</ele>
      </trkpt>
      <trkpt lat="54.512478" lon="-3.188299">
        <ele>300.75</ele>
      </trkpt>
      <trkpt lat="54.512483" lon="-3.188028">
        <ele>300.25</ele>
      </trkpt>
      <trkpt lat="54.512499" lon="-3.18779">
        <ele>299.5</ele>
      </trkpt>
      <trkpt lat="54.512503" lon="-3.187642">
        <ele>299.25</ele>
      </trkpt>
      <trkpt lat="54.512494" lon="-3.18745">
        <ele>298.75</ele>
      </trkpt>
      <trkpt lat="54.512461" lon="-3.187016">
        <ele>297.25</ele>
      </trkpt>
      <trkpt lat="54.512469" lon="-3.18685">
        <ele>296.75</ele>
      </trkpt>
      <trkpt lat="54.512484" lon="-3.18676">
        <ele>296.25</ele>
      </trkpt>
      <trkpt lat="54.512506" lon="-3.186674">
        <ele>296</ele>
      </trkpt>
      <trkpt lat="54.512639" lon="-3.186337">
        <ele>296.25</ele>
      </trkpt>
      <trkpt lat="54.512702" lon="-3.186169">
        <ele>296</ele>
      </trkpt>
      <trkpt lat="54.512935" lon="-3.185563">
        <ele>294</ele>
      </trkpt>
      <trkpt lat="54.512962" lon="-3.185477">
        <ele>293.75</ele>
      </trkpt>
      <trkpt lat="54.513001" lon="-3.185297">
        <ele>292.75</ele>
      </trkpt>
      <trkpt lat="54.513027" lon="-3.185025">
        <ele>291</ele>
      </trkpt>
      <trkpt lat="54.51303" lon="-3.184993">
        <ele>291</ele>
      </trkpt>
      <trkpt lat="54.513059" lon="-3.184804">
        <ele>290.25</ele>
      </trkpt>
      <trkpt lat="54.51311" lon="-3.184559">
        <ele>289.25</ele>
      </trkpt>
      <trkpt lat="54.513134" lon="-3.184488">
        <ele>288.75</ele>
      </trkpt>
      <trkpt lat="54.513164" lon="-3.184425">
        <ele>288.25</ele>
      </trkpt>
      <trkpt lat="54.5132" lon="-3.184372">
        <ele>287.75</ele>
      </trkpt>
      <trkpt lat="54.513267" lon="-3.184313">
        <ele>287</ele>
      </trkpt>
      <trkpt lat="54.513424" lon="-3.184266">
        <ele>286.75</ele>
      </trkpt>
      <trkpt lat="54.513486" lon="-3.184227">
        <ele>287</ele>
      </trkpt>
      <trkpt lat="54.513549" lon="-3.184164">
        <ele>287</ele>
      </trkpt>
      <trkpt lat="54.513603" lon="-3.184093">
        <ele>286.75</ele>
      </trkpt>
      <trkpt lat="54.513646" lon="-3.184013">
        <ele>286.25</ele>
      </trkpt>
      <trkpt lat="54.513702" lon="-3.183864">
        <ele>285.25</ele>
      </trkpt>
      <trkpt lat="54.513773" lon="-3.183622">
        <ele>283.75</ele>
      </trkpt>
      <trkpt lat="54.513779" lon="-3.183558">
        <ele>283.25</ele>
      </trkpt>
      <trkpt lat="54.51377" lon="-3.183409">
        <ele>282</ele>
      </trkpt>
      <trkpt lat="54.513731" lon="-3.183181">
        <ele>280.5</ele>
      </trkpt>
      <trkpt lat="54.513726" lon="-3.183113">
        <ele>280.25</ele>
      </trkpt>
      <trkpt lat="54.513732" lon="-3.182976">
        <ele>279.5</ele>
      </trkpt>
      <trkpt lat="54.513745" lon="-3.182901">
        <ele>279</ele>
      </trkpt>
      <trkpt lat="54.513791" lon="-3.182767">
        <ele>278.25</ele>
      </trkpt>
      <trkpt lat="54.513978" lon="-3.182434">
        <ele>275.25</ele>
      </trkpt>
      <trkpt lat="54.514095" lon="-3.182215">
        <ele>272.75</ele>
      </trkpt>
      <trkpt lat="54.514137" lon="-3.182091">
        <ele>271.25</ele>
      </trkpt>
      <trkpt lat="54.514186" lon="-3.181908">
        <ele>269.5</ele>
      </trkpt>
      <trkpt lat="54.514248" lon="-3.181618">
        <ele>267.75</ele>
      </trkpt>
      <trkpt lat="54.514284" lon="-3.181423">
        <ele>267.25</ele>
      </trkpt>
      <trkpt lat="54.514308" lon="-3.1813">
        <ele>266.75</ele>
      </trkpt>
      <trkpt lat="54.514373" lon="-3.180986">
        <ele>265.75</ele>
      </trkpt>
      <trkpt lat="54.514426" lon="-3.180772">
        <ele>265</ele>
      </trkpt>
      <trkpt lat="54.51457" lon="-3.180265">
        <ele>262.25</ele>
      </trkpt>
      <trkpt lat="54.514612" lon="-3.180069">
        <ele>261</ele>
      </trkpt>
      <trkpt lat="54.514648" lon="-3.179865">
        <ele>259.5</ele>
      </trkpt>
      <trkpt lat="54.514676" lon="-3.179649">
        <ele>257.5</ele>
      </trkpt>
      <trkpt lat="54.514689" lon="-3.179365">
        <ele>254.75</ele>
      </trkpt>
      <trkpt lat="54.514709" lon="-3.179171">
        <ele>252.75</ele>
      </trkpt>
      <trkpt lat="54.514755" lon="-3.178964">
        <ele>251</ele>
      </trkpt>
      <trkpt lat="54.514768" lon="-3.178871">
        <ele>250</ele>
      </trkpt>
      <trkpt lat="54.514776" lon="-3.178561">
        <ele>246.75</ele>
      </trkpt>
      <trkpt lat="54.514764" lon="-3.178467">
        <ele>245.75</ele>
      </trkpt>
      <trkpt lat="54.514747" lon="-3.178386">
        <ele>244.75</ele>
      </trkpt>
      <trkpt lat="54.514706" lon="-3.178243">
        <ele>243.25</ele>
      </trkpt>
      <trkpt lat="54.514666" lon="-3.178024">
        <ele>241</ele>
      </trkpt>
      <trkpt lat="54.514656" lon="-3.17779">
        <ele>238.5</ele>
      </trkpt>
      <trkpt lat="54.514657" lon="-3.177616">
        <ele>236.75</ele>
      </trkpt>
      <trkpt lat="54.514665" lon="-3.177427">
        <ele>234.75</ele>
      </trkpt>
      <trkpt lat="54.514688" lon="-3.177174">
        <ele>231.75</ele>
      </trkpt>
      <trkpt lat="54.514691" lon="-3.177073">
        <ele>230.5</ele>
      </trkpt>
      <trkpt lat="54.514686" lon="-3.176975">
        <ele>229.5</ele>
      </trkpt>
      <trkpt lat="54.514648" lon="-3.176632">
        <ele>225.5</ele>
      </trkpt>
      <trkpt lat="54.514597" lon="-3.175895">
        <ele>217</ele>
      </trkpt>
      <trkpt lat="54.514579" lon="-3.175555">
        <ele>213</ele>
      </trkpt>
      <trkpt lat="54.514574" lon="-3.175186">
        <ele>208.75</ele>
      </trkpt>
      <trkpt lat="54.514576" lon="-3.175046">
        <ele>207</ele>
      </trkpt>
      <trkpt lat="54.514604" lon="-3.174784">
        <ele>204</ele>
      </trkpt>
      <trkpt lat="54.514825" lon="-3.173471">
        <ele>188.25</ele>
      </trkpt>
      <trkpt lat="54.514853" lon="-3.173115">
        <ele>184.75</ele>
      </trkpt>
      <trkpt lat="54.514872" lon="-3.172532">
        <ele>179.5</ele>
      </trkpt>
      <trkpt lat="54.514916" lon="-3.172001">
        <ele>174.25</ele>
      </trkpt>
      <trkpt lat="54.514918" lon="-3.171873">
        <ele>173</ele>
      </trkpt>
      <trkpt lat="54.514907" lon="-3.171755">
        <ele>171.75</ele>
      </trkpt>
      <trkpt lat="54.514889" lon="-3.171647">
        <ele>170.75</ele>
      </trkpt>
      <trkpt lat="54.514829" lon="-3.171404">
        <ele>168.75</ele>
      </trkpt>
      <trkpt lat="54.514808" lon="-3.171263">
        <ele>167.5</ele>
      </trkpt>
      <trkpt lat="54.514803" lon="-3.171175">
        <ele>166.75</ele>
      </trkpt>
      <trkpt lat="54.514852" lon="-3.170622">
        <ele>162</ele>
      </trkpt>
      <trkpt lat="54.514892" lon="-3.169436">
        <ele>153.5</ele>
      </trkpt>
      <trkpt lat="54.514885" lon="-3.169291">
        <ele>152.5</ele>
      </trkpt>
      <trkpt lat="54.51487" lon="-3.169223">
        <ele>151.75</ele>
      </trkpt>
      <trkpt lat="54.514847" lon="-3.169159">
        <ele>151</ele>
      </trkpt>
      <trkpt lat="54.514818" lon="-3.169104">
        <ele>150.25</ele>
      </trkpt>
      <trkpt lat="54.514784" lon="-3.169059">
        <ele>149.25</ele>
      </trkpt>
      <trkpt lat="54.514484" lon="-3.168809">
        <ele>141.5</ele>
      </trkpt>
      <trkpt lat="54.514314" lon="-3.168673">
        <ele>136.75</ele>
      </trkpt>
      <trkpt lat="54.514044" lon="-3.168482">
        <ele>131</ele>
      </trkpt>
      <trkpt lat="54.514" lon="-3.168457">
        <ele>130.5</ele>
      </trkpt>
      <trkpt lat="54.513918" lon="-3.168382">
        <ele>129.5</ele>
      </trkpt>
      <trkpt lat="54.513832" lon="-3.168281">
        <ele>128.5</ele>
      </trkpt>
      <trkpt lat="54.513764" lon="-3.168176">
        <ele>127.75</ele>
      </trkpt>
      <trkpt lat="54.513669" lon="-3.167989">
        <ele>126.75</ele>
      </trkpt>
      <trkpt lat="54.513611" lon="-3.167849">
        <ele>125.75</ele>
      </trkpt>
      <trkpt lat="54.513593" lon="-3.1678">
        <ele>125.5</ele>
      </trkpt>
      <trkpt lat="54.513572" lon="-3.16769">
        <ele>124.75</ele>
      </trkpt>
      <trkpt lat="54.513569" lon="-3.167616">
        <ele>124.5</ele>
      </trkpt>
      <trkpt lat="54.513575" lon="-3.167522">
        <ele>124</ele>
      </trkpt>
      <trkpt lat="54.513574" lon="-3.167405">
        <ele>123.5</ele>
      </trkpt>
      <trkpt lat="54.513554" lon="-3.167321">
        <ele>122.75</ele>
      </trkpt>
      <trkpt lat="54.513501" lon="-3.167207">
        <ele>121.75</ele>
      </trkpt>
      <trkpt lat="54.513392" lon="-3.167059">
        <ele>119.75</ele>
      </trkpt>
      <trkpt lat="54.513326" lon="-3.166953">
        <ele>118.75</ele>
      </trkpt>
      <trkpt lat="54.51313" lon="-3.166628">
        <ele>117.25</ele>
      </trkpt>
      <trkpt lat="54.512991" lon="-3.166441">
        <ele>117.25</ele>
      </trkpt>
      <trkpt lat="54.512948" lon="-3.166372">
        <ele>117</ele>
      </trkpt>
      <trkpt lat="54.512857" lon="-3.166168">
        <ele>116.75</ele>
      </trkpt>
      <trkpt lat="54.512843" lon="-3.16611">
        <ele>116.5</ele>
      </trkpt>
      <trkpt lat="54.512838" lon="-3.166043">
        <ele>116.5</ele>
      </trkpt>
      <trkpt lat="54.51284" lon="-3.165964">
        <ele>116.25</ele>
      </trkpt>
      <trkpt lat="54.512881" lon="-3.165443">
        <ele>114.75</ele>
      </trkpt>
      <trkpt lat="54.512897" lon="-3.16503">
        <ele>113.5</ele>
      </trkpt>
      <trkpt lat="54.512903" lon="-3.164582">
        <ele>113</ele>
      </trkpt>
      <trkpt lat="54.512899" lon="-3.164419">
        <ele>113</ele>
      </trkpt>
      <trkpt lat="54.512884" lon="-3.164231">
        <ele>112.75</ele>
      </trkpt>
      <trkpt lat="54.512798" lon="-3.163544">
        <ele>111.75</ele>
      </trkpt>
      <trkpt lat="54.512794" lon="-3.163306">
        <ele>111.5</ele>
      </trkpt>
      <trkpt lat="54.512815" lon="-3.162502">
        <ele>110.25</ele>
      </trkpt>
      <trkpt lat="54.512824" lon="-3.162343">
        <ele>110</ele>
      </trkpt>
      <trkpt lat="54.512838" lon="-3.16222">
        <ele>109.75</ele>
      </trkpt>
      <trkpt lat="54.51296" lon="-3.161491">
        <ele>108.5</ele>
      </trkpt>
      <trkpt lat="54.512989" lon="-3.161255">
        <ele>108</ele>
      </trkpt>
      <trkpt lat="54.513168" lon="-3.159152">
        <ele>105.5</ele>
      </trkpt>
      <trkpt lat="54.513182" lon="-3.158879">
        <ele>105.5</ele>
      </trkpt>
      <trkpt lat="54.513186" lon="-3.158818">
        <ele>105.5</ele>
      </trkpt>
      <trkpt lat="54.513207" lon="-3.158373">
        <ele>105.5</ele>
      </trkpt>
      <trkpt lat="54.513237" lon="-3.15777">
        <ele>105.5</ele>
      </trkpt>
      <trkpt lat="54.51326" lon="-3.157613">
        <ele>105.5</ele>
      </trkpt>
      <trkpt lat="54.513305" lon="-3.157456">
        <ele>105</ele>
      </trkpt>
      <trkpt lat="54.51338" lon="-3.157311">
        <ele>104.75</ele>
      </trkpt>
      <trkpt lat="54.513425" lon="-3.157253">
        <ele>104.75</ele>
      </trkpt>
      <trkpt lat="54.513594" lon="-3.157107">
        <ele>104.5</ele>
      </trkpt>
      <trkpt lat="54.513688" lon="-3.157006">
        <ele>104.25</ele>
      </trkpt>
      <trkpt lat="54.514103" lon="-3.15645">
        <ele>103</ele>
      </trkpt>
      <trkpt lat="54.514165" lon="-3.156355">
        <ele>103</ele>
      </trkpt>
      <trkpt lat="54.514216" lon="-3.156243">
        <ele>103</ele>
      </trkpt>
      <trkpt lat="54.514258" lon="-3.156134">
        <ele>103</ele>
      </trkpt>
      <trkpt lat="54.514318" lon="-3.155945">
        <ele>103</ele>
      </trkpt>
      <trkpt lat="54.514508" lon="-3.155247">
        <ele>102.75</ele>
      </trkpt>
      <trkpt lat="54.514589" lon="-3.154924">
        <ele>102.25</ele>
      </trkpt>
      <trkpt lat="54.514752" lon="-3.154212">
        <ele>102.25</ele>
      </trkpt>
      <trkpt lat="54.514926" lon="-3.153531">
        <ele>102.75</ele>
      </trkpt>
      <trkpt lat="54.514986" lon="-3.153387">
        <ele>102.75</ele>
      </trkpt>
      <trkpt lat="54.515176" lon="-3.153069">
        <ele>103</ele>
      </trkpt>
      <trkpt lat="54.515243" lon="-3.152966">
        <ele>103</ele>
      </trkpt>
      <trkpt lat="54.515368" lon="-3.152781">
        <ele>103</ele>
      </trkpt>
      <trkpt lat="54.515433" lon="-3.152637">
        <ele>103</ele>
      </trkpt>
      <trkpt lat="54.515456" lon="-3.152569">
        <ele>103</ele>
      </trkpt>
      <trkpt lat="54.515491" lon="-3.15242">
        <ele>102.75</ele>
      </trkpt>
      <trkpt lat="54.515511" lon="-3.152235">
        <ele>102.75</ele>
      </trkpt>
      <trkpt lat="54.515513" lon="-3.151898">
        <ele>102.5</ele>
      </trkpt>
      <trkpt lat="54.515532" lon="-3.151746">
        <ele>102.25</ele>
      </trkpt>
      <trkpt lat="54.515548" lon="-3.151678">
        <ele>102.25</ele>
      </trkpt>
      <trkpt lat="54.515676" lon="-3.151325">
        <ele>102</ele>
      </trkpt>
      <trkpt lat="54.515937" lon="-3.150562">
        <ele>101.75</ele>
      </trkpt>
      <trkpt lat="54.515982" lon="-3.150397">
        <ele>101.75</ele>
      </trkpt>
      <trkpt lat="54.51602" lon="-3.150296">
        <ele>101.75</ele>
      </trkpt>
      <trkpt lat="54.51605" lon="-3.150246">
        <ele>101.75</ele>
      </trkpt>
      <trkpt lat="54.516084" lon="-3.150207">
        <ele>101.75</ele>
      </trkpt>
      <trkpt lat="54.516403" lon="-3.150004">
        <ele>101.75</ele>
      </trkpt>
      <trkpt lat="54.516508" lon="-3.149914">
        <ele>101.75</ele>
      </trkpt>
      <trkpt lat="54.516869" lon="-3.149556">
        <ele>100.75</ele>
      </trkpt>
      <trkpt lat="54.517145" lon="-3.149272">
        <ele>99.75</ele>
      </trkpt>
      <trkpt lat="54.517324" lon="-3.14911">
        <ele>99.25</ele>
      </trkpt>
      <trkpt lat="54.517573" lon="-3.148908">
        <ele>98.75</ele>
      </trkpt>
      <trkpt lat="54.51763" lon="-3.148853">
        <ele>98.75</ele>
      </trkpt>
      <trkpt lat="54.517681" lon="-3.148789">
        <ele>98.75</ele>
      </trkpt>
      <trkpt lat="54.517845" lon="-3.14852">
        <ele>98.5</ele>
      </trkpt>
      <trkpt lat="54.517871" lon="-3.148488">
        <ele>98.5</ele>
      </trkpt>
      <trkpt lat="54.517952" lon="-3.148417">
        <ele>98.5</ele>
      </trkpt>
      <trkpt lat="54.518156" lon="-3.148297">
        <ele>98</ele>
      </trkpt>
      <trkpt lat="54.518241" lon="-3.148224">
        <ele>97.75</ele>
      </trkpt>
      <trkpt lat="54.518412" lon="-3.147962">
        <ele>97</ele>
      </trkpt>
      <trkpt lat="54.518489" lon="-3.147866">
        <ele>96.75</ele>
      </trkpt>
      <trkpt lat="54.518587" lon="-3.147764">
        <ele>96.5</ele>
      </trkpt>
      <trkpt lat="54.518998" lon="-3.147383">
        <ele>95.5</ele>
      </trkpt>
      <trkpt lat="54.51913" lon="-3.147269">
        <ele>95.25</ele>
      </trkpt>
      <trkpt lat="54.519246" lon="-3.147189">
        <ele>95.25</ele>
      </trkpt>
      <trkpt lat="54.519631" lon="-3.146992">
        <ele>95.25</ele>
      </trkpt>
      <trkpt lat="54.519743" lon="-3.146952">
        <ele>95.25</ele>
      </trkpt>
      <trkpt lat="54.519849" lon="-3.146931">
        <ele>95.25</ele>
      </trkpt>
      <trkpt lat="54.519961" lon="-3.146928">
        <ele>95.5</ele>
      </trkpt>
      <trkpt lat="54.520095" lon="-3.146938">
        <ele>95.75</ele>
      </trkpt>
      <trkpt lat="54.520507" lon="-3.147023">
        <ele>96.25</ele>
      </trkpt>
      <trkpt lat="54.52076" lon="-3.147073">
        <ele>96.75</ele>
      </trkpt>
      <trkpt lat="54.52086" lon="-3.147075">
        <ele>97</ele>
      </trkpt>
      <trkpt lat="54.520959" lon="-3.147054">
        <ele>97.5</ele>
      </trkpt>
      <trkpt lat="54.521048" lon="-3.147013">
        <ele>98</ele>
      </trkpt>
      <trkpt lat="54.521117" lon="-3.146957">
        <ele>98.25</ele>
      </trkpt>
      <trkpt lat="54.521371" lon="-3.146673">
        <ele>99</ele>
      </trkpt>
      <trkpt lat="54.521465" lon="-3.146609">
        <ele>99.5</ele>
      </trkpt>
      <trkpt lat="54.521652" lon="-3.146572">
        <ele>100.5</ele>
      </trkpt>
      <trkpt lat="54.522189" lon="-3.146587">
        <ele>99.5</ele>
      </trkpt>
      <trkpt lat="54.522329" lon="-3.146546">
        <ele>99.25</ele>
      </trkpt>
      <trkpt lat="54.522487" lon="-3.146466">
        <ele>99</ele>
      </trkpt>
      <trkpt lat="54.522594" lon="-3.146437">
        <ele>98.25</ele>
      </trkpt>
      <trkpt lat="54.522663" lon="-3.146459">
        <ele>97.75</ele>
      </trkpt>
      <trkpt lat="54.522784" lon="-3.146528">
        <ele>96.75</ele>
      </trkpt>
      <trkpt lat="54.52284" lon="-3.146582">
        <ele>96.25</ele>
      </trkpt>
      <trkpt lat="54.523021" lon="-3.146823">
        <ele>94.75</ele>
      </trkpt>
      <trkpt lat="54.523075" lon="-3.146869">
        <ele>94.25</ele>
      </trkpt>
      <trkpt lat="54.523278" lon="-3.14693">
        <ele>92.5</ele>
      </trkpt>
      <trkpt lat="54.523414" lon="-3.146955">
        <ele>91.75</ele>
      </trkpt>
      <trkpt lat="54.523519" lon="-3.146952">
        <ele>91.5</ele>
      </trkpt>
      <trkpt lat="54.523576" lon="-3.14694">
        <ele>91.5</ele>
      </trkpt>
      <trkpt lat="54.52365" lon="-3.146941">
        <ele>91.25</ele>
      </trkpt>
      <trkpt lat="54.523742" lon="-3.146984">
        <ele>91.25</ele>
      </trkpt>
      <trkpt lat="54.523926" lon="-3.147129">
        <ele>90.75</ele>
      </trkpt>
      <trkpt lat="54.523955" lon="-3.147167">
        <ele>90.75</ele>
      </trkpt>
      <trkpt lat="54.524018" lon="-3.147272">
        <ele>90.5</ele>
      </trkpt>
      <trkpt lat="54.524152" lon="-3.147546">
        <ele>89.75</ele>
      </trkpt>
      <trkpt lat="54.524258" lon="-3.147693">
        <ele>89.5</ele>
      </trkpt>
      <trkpt lat="54.524715" lon="-3.148465">
        <ele>88.25</ele>
      </trkpt>
      <trkpt lat="54.525326" lon="-3.149212">
        <ele>89</ele>
      </trkpt>
      <trkpt lat="54.525536" lon="-3.14946">
        <ele>89</ele>
      </trkpt>
      <trkpt lat="54.525698" lon="-3.149632">
        <ele>89</ele>
      </trkpt>
      <trkpt lat="54.525841" lon="-3.14969">
        <ele>88.75</ele>
      </trkpt>
      <trkpt lat="54.525931" lon="-3.149732">
        <ele>88.75</ele>
      </trkpt>
      <trkpt lat="54.525963" lon="-3.14975">
        <ele>88.5</ele>
      </trkpt>
      <trkpt lat="54.526083" lon="-3.149824">
        <ele>88.25</ele>
      </trkpt>
      <trkpt lat="54.526267" lon="-3.149987">
        <ele>87.75</ele>
      </trkpt>
      <trkpt lat="54.526823" lon="-3.15064">
        <ele>87.5</ele>
      </trkpt>
      <trkpt lat="54.526912" lon="-3.150734">
        <ele>87.5</ele>
      </trkpt>
      <trkpt lat="54.527006" lon="-3.150809">
        <ele>87.5</ele>
      </trkpt>
      <trkpt lat="54.52713" lon="-3.150883">
        <ele>87.25</ele>
      </trkpt>
      <trkpt lat="54.52747" lon="-3.151209">
        <ele>86.5</ele>
      </trkpt>
      <trkpt lat="54.527685" lon="-3.151347">
        <ele>86.25</ele>
      </trkpt>
      <trkpt lat="54.527922" lon="-3.151397">
        <ele>86</ele>
      </trkpt>
      <trkpt lat="54.528345" lon="-3.15142">
        <ele>85.75</ele>
      </trkpt>
      <trkpt lat="54.52896" lon="-3.151556">
        <ele>85</ele>
      </trkpt>
      <trkpt lat="54.529742" lon="-3.151766">
        <ele>84.25</ele>
      </trkpt>
      <trkpt lat="54.529849" lon="-3.151813">
        <ele>84</ele>
      </trkpt>
      <trkpt lat="54.530009" lon="-3.151863">
        <ele>84</ele>
      </trkpt>
      <trkpt lat="54.530277" lon="-3.15193">
        <ele>84.5</ele>
      </trkpt>
      <trkpt lat="54.53039" lon="-3.151918">
        <ele>84.75</ele>
      </trkpt>
      <trkpt lat="54.530515" lon="-3.151835">
        <ele>85</ele>
      </trkpt>
      <trkpt lat="54.530616" lon="-3.151726">
        <ele>85.25</ele>
      </trkpt>
      <trkpt lat="54.530713" lon="-3.151575">
        <ele>85.75</ele>
      </trkpt>
      <trkpt lat="54.530819" lon="-3.151473">
        <ele>86.25</ele>
      </trkpt>
      <trkpt lat="54.531122" lon="-3.151335">
        <ele>87</ele>
      </trkpt>
      <trkpt lat="54.531402" lon="-3.151277">
        <ele>88</ele>
      </trkpt>
      <trkpt lat="54.531836" lon="-3.151162">
        <ele>91</ele>
      </trkpt>
      <trkpt lat="54.532219" lon="-3.151032">
        <ele>95.75</ele>
      </trkpt>
      <trkpt lat="54.532348" lon="-3.151045">
        <ele>96.5</ele>
      </trkpt>
      <trkpt lat="54.532511" lon="-3.151096">
        <ele>97</ele>
      </trkpt>
      <trkpt lat="54.532676" lon="-3.151219">
        <ele>98.25</ele>
      </trkpt>
      <trkpt lat="54.532792" lon="-3.151385">
        <ele>97.75</ele>
      </trkpt>
      <trkpt lat="54.532833" lon="-3.151566">
        <ele>95.5</ele>
      </trkpt>
      <trkpt lat="54.532877" lon="-3.152147">
        <ele>93</ele>
      </trkpt>
      <trkpt lat="54.532953" lon="-3.152375">
        <ele>93.25</ele>
      </trkpt>
      <trkpt lat="54.533061" lon="-3.152565">
        <ele>93.5</ele>
      </trkpt>
      <trkpt lat="54.53316" lon="-3.152657">
        <ele>94</ele>
      </trkpt>
      <trkpt lat="54.53328" lon="-3.152705">
        <ele>95</ele>
      </trkpt>
      <trkpt lat="54.533542" lon="-3.152759">
        <ele>96.75</ele>
      </trkpt>
      <trkpt lat="54.533665" lon="-3.152835">
        <ele>97.25</ele>
      </trkpt>
      <trkpt lat="54.533711" lon="-3.152863">
        <ele>97.25</ele>
      </trkpt>
      <trkpt lat="54.533886" lon="-3.153027">
        <ele>97</ele>
      </trkpt>
      <trkpt lat="54.53401" lon="-3.153231">
        <ele>96</ele>
      </trkpt>
      <trkpt lat="54.534123" lon="-3.15344">
        <ele>95.75</ele>
      </trkpt>
      <trkpt lat="54.534279" lon="-3.153558">
        <ele>98</ele>
      </trkpt>
      <trkpt lat="54.534563" lon="-3.153631">
        <ele>102</ele>
      </trkpt>
      <trkpt lat="54.535118" lon="-3.153869">
        <ele>106</ele>
      </trkpt>
      <trkpt lat="54.53546" lon="-3.153995">
        <ele>105</ele>
      </trkpt>
      <trkpt lat="54.535638" lon="-3.153993">
        <ele>105.25</ele>
      </trkpt>
      <trkpt lat="54.53575" lon="-3.153954">
        <ele>105.75</ele>
      </trkpt>
      <trkpt lat="54.535981" lon="-3.153908">
        <ele>107.5</ele>
      </trkpt>
      <trkpt lat="54.536088" lon="-3.153955">
        <ele>107.5</ele>
      </trkpt>
      <trkpt lat="54.536207" lon="-3.154032">
        <ele>107.25</ele>
      </trkpt>
      <trkpt lat="54.536332" lon="-3.1542">
        <ele>105.25</ele>
      </trkpt>
      <trkpt lat="54.53644" lon="-3.1544">
        <ele>103</ele>
      </trkpt>
      <trkpt lat="54.536565" lon="-3.154586">
        <ele>100.5</ele>
      </trkpt>
      <trkpt lat="54.536737" lon="-3.154721">
        <ele>99.5</ele>
      </trkpt>
      <trkpt lat="54.536849" lon="-3.154926">
        <ele>97</ele>
      </trkpt>
      <trkpt lat="54.536928" lon="-3.155122">
        <ele>96</ele>
      </trkpt>
      <trkpt lat="54.537001" lon="-3.155259">
        <ele>96.25</ele>
      </trkpt>
      <trkpt lat="54.53712" lon="-3.155391">
        <ele>96.75</ele>
      </trkpt>
      <trkpt lat="54.538173" lon="-3.156301">
        <ele>98.25</ele>
      </trkpt>
      <trkpt lat="54.538304" lon="-3.156437">
        <ele>97</ele>
      </trkpt>
      <trkpt lat="54.538481" lon="-3.156685">
        <ele>96.5</ele>
      </trkpt>
      <trkpt lat="54.538792" lon="-3.157436">
        <ele>99.25</ele>
      </trkpt>
      <trkpt lat="54.538963" lon="-3.15778">
        <ele>97.75</ele>
      </trkpt>
      <trkpt lat="54.53907" lon="-3.157952">
        <ele>96</ele>
      </trkpt>
      <trkpt lat="54.539217" lon="-3.158107">
        <ele>94.25</ele>
      </trkpt>
      <trkpt lat="54.539442" lon="-3.158215">
        <ele>94</ele>
      </trkpt>
      <trkpt lat="54.53973" lon="-3.158205">
        <ele>95</ele>
      </trkpt>
      <trkpt lat="54.540018" lon="-3.158142">
        <ele>96.25</ele>
      </trkpt>
      <trkpt lat="54.540243" lon="-3.157979">
        <ele>95.75</ele>
      </trkpt>
      <trkpt lat="54.540355" lon="-3.157874">
        <ele>95.5</ele>
      </trkpt>
      <trkpt lat="54.540458" lon="-3.157731">
        <ele>95.5</ele>
      </trkpt>
      <trkpt lat="54.54053" lon="-3.157597">
        <ele>95.5</ele>
      </trkpt>
      <trkpt lat="54.540742" lon="-3.157133">
        <ele>96.25</ele>
      </trkpt>
      <trkpt lat="54.540833" lon="-3.156852">
        <ele>96.75</ele>
      </trkpt>
      <trkpt lat="54.540955" lon="-3.156527">
        <ele>97.25</ele>
      </trkpt>
      <trkpt lat="54.541037" lon="-3.156412">
        <ele>97</ele>
      </trkpt>
      <trkpt lat="54.541064" lon="-3.156389">
        <ele>97</ele>
      </trkpt>
      <trkpt lat="54.541166" lon="-3.156323">
        <ele>96</ele>
      </trkpt>
      <trkpt lat="54.541454" lon="-3.156235">
        <ele>92.25</ele>
      </trkpt>
      <trkpt lat="54.541628" lon="-3.156241">
        <ele>89.5</ele>
      </trkpt>
      <trkpt lat="54.541751" lon="-3.156245">
        <ele>89</ele>
      </trkpt>
      <trkpt lat="54.541938" lon="-3.156372">
        <ele>89</ele>
      </trkpt>
      <trkpt lat="54.542124" lon="-3.156553">
        <ele>88.5</ele>
      </trkpt>
      <trkpt lat="54.542245" lon="-3.156603">
        <ele>88.5</ele>
      </trkpt>
      <trkpt lat="54.542351" lon="-3.156592">
        <ele>88.75</ele>
      </trkpt>
      <trkpt lat="54.542492" lon="-3.156512">
        <ele>89.5</ele>
      </trkpt>
      <trkpt lat="54.542583" lon="-3.156412">
        <ele>89.75</ele>
      </trkpt>
      <trkpt lat="54.542685" lon="-3.156287">
        <ele>90.25</ele>
      </trkpt>
      <trkpt lat="54.542771" lon="-3.15612">
        <ele>90.75</ele>
      </trkpt>
      <trkpt lat="54.54284" lon="-3.155858">
        <ele>91.5</ele>
      </trkpt>
      <trkpt lat="54.542902" lon="-3.155578">
        <ele>92.75</ele>
      </trkpt>
      <trkpt lat="54.543029" lon="-3.155239">
        <ele>94</ele>
      </trkpt>
      <trkpt lat="54.543076" lon="-3.155136">
        <ele>94.5</ele>
      </trkpt>
      <trkpt lat="54.543142" lon="-3.155055">
        <ele>94.5</ele>
      </trkpt>
      <trkpt lat="54.543181" lon="-3.155013">
        <ele>94.5</ele>
      </trkpt>
      <trkpt lat="54.543235" lon="-3.155004">
        <ele>94.25</ele>
      </trkpt>
      <trkpt lat="54.543434" lon="-3.155112">
        <ele>93.5</ele>
      </trkpt>
      <trkpt lat="54.543583" lon="-3.155131">
        <ele>93.5</ele>
      </trkpt>
      <trkpt lat="54.544347" lon="-3.15497">
        <ele>94.25</ele>
      </trkpt>
      <trkpt lat="54.544935" lon="-3.155039">
        <ele>91</ele>
      </trkpt>
      <trkpt lat="54.545042" lon="-3.155036">
        <ele>90.25</ele>
      </trkpt>
      <trkpt lat="54.545149" lon="-3.155013">
        <ele>89.5</ele>
      </trkpt>
      <trkpt lat="54.545271" lon="-3.154961">
        <ele>88.75</ele>
      </trkpt>
      <trkpt lat="54.545361" lon="-3.154923">
        <ele>88.5</ele>
      </trkpt>
      <trkpt lat="54.546167" lon="-3.154483">
        <ele>90.75</ele>
      </trkpt>
      <trkpt lat="54.546394" lon="-3.154347">
        <ele>92.5</ele>
      </trkpt>
      <trkpt lat="54.546681" lon="-3.154057">
        <ele>97</ele>
      </trkpt>
      <trkpt lat="54.546889" lon="-3.153855">
        <ele>97.75</ele>
      </trkpt>
      <trkpt lat="54.547057" lon="-3.153653">
        <ele>98.25</ele>
      </trkpt>
      <trkpt lat="54.548397" lon="-3.152308">
        <ele>98.5</ele>
      </trkpt>
      <trkpt lat="54.548644" lon="-3.151868">
        <ele>98.75</ele>
      </trkpt>
      <trkpt lat="54.548764" lon="-3.151369">
        <ele>101.5</ele>
      </trkpt>
      <trkpt lat="54.548819" lon="-3.151071">
        <ele>103.75</ele>
      </trkpt>
      <trkpt lat="54.548874" lon="-3.150841">
        <ele>104.25</ele>
      </trkpt>
      <trkpt lat="54.54899" lon="-3.150581">
        <ele>101.25</ele>
      </trkpt>
      <trkpt lat="54.549288" lon="-3.150357">
        <ele>91.75</ele>
      </trkpt>
      <trkpt lat="54.549502" lon="-3.150153">
        <ele>90.75</ele>
      </trkpt>
      <trkpt lat="54.549632" lon="-3.150022">
        <ele>90.25</ele>
      </trkpt>
      <trkpt lat="54.54969" lon="-3.149908">
        <ele>90.25</ele>
      </trkpt>
      <trkpt lat="54.549712" lon="-3.14983">
        <ele>90.5</ele>
      </trkpt>
      <trkpt lat="54.549766" lon="-3.14969">
        <ele>90.5</ele>
      </trkpt>
      <trkpt lat="54.549825" lon="-3.149583">
        <ele>90.25</ele>
      </trkpt>
      <trkpt lat="54.550045" lon="-3.149457">
        <ele>87</ele>
      </trkpt>
      <trkpt lat="54.550468" lon="-3.149174">
        <ele>85</ele>
      </trkpt>
      <trkpt lat="54.551155" lon="-3.148601">
        <ele>81.5</ele>
      </trkpt>
      <trkpt lat="54.551666" lon="-3.148112">
        <ele>81</ele>
      </trkpt>
      <trkpt lat="54.551993" lon="-3.147832">
        <ele>80.25</ele>
      </trkpt>
      <trkpt lat="54.552123" lon="-3.147667">
        <ele>80.25</ele>
      </trkpt>
      <trkpt lat="54.552235" lon="-3.14746">
        <ele>80.25</ele>
      </trkpt>
      <trkpt lat="54.552488" lon="-3.146994">
        <ele>80.5</ele>
      </trkpt>
      <trkpt lat="54.552951" lon="-3.146123">
        <ele>79.75</ele>
      </trkpt>
      <trkpt lat="54.553075" lon="-3.14584">
        <ele>79.5</ele>
      </trkpt>
      <trkpt lat="54.553495" lon="-3.145217">
        <ele>79.5</ele>
      </trkpt>
      <trkpt lat="54.553528" lon="-3.14515">
        <ele>79.5</ele>
      </trkpt>
      <trkpt lat="54.553564" lon="-3.145056">
        <ele>79.5</ele>
      </trkpt>
      <trkpt lat="54.553593" lon="-3.144949">
        <ele>79.75</ele>
      </trkpt>
      <trkpt lat="54.5536" lon="-3.144928">
        <ele>80</ele>
      </trkpt>
      <trkpt lat="54.553625" lon="-3.144839">
        <ele>80.5</ele>
      </trkpt>
      <trkpt lat="54.55364" lon="-3.144788">
        <ele>80.75</ele>
      </trkpt>
      <trkpt lat="54.553678" lon="-3.144673">
        <ele>81.5</ele>
      </trkpt>
      <trkpt lat="54.553726" lon="-3.144562">
        <ele>82</ele>
      </trkpt>
      <trkpt lat="54.553913" lon="-3.144214">
        <ele>84</ele>
      </trkpt>
      <trkpt lat="54.55399" lon="-3.144066">
        <ele>84.75</ele>
      </trkpt>
      <trkpt lat="54.554194" lon="-3.14371">
        <ele>86.5</ele>
      </trkpt>
      <trkpt lat="54.554502" lon="-3.143248">
        <ele>89.5</ele>
      </trkpt>
      <trkpt lat="54.554609" lon="-3.143127">
        <ele>92.25</ele>
      </trkpt>
      <trkpt lat="54.554885" lon="-3.142996">
        <ele>94.5</ele>
      </trkpt>
      <trkpt lat="54.555043" lon="-3.142925">
        <ele>95.5</ele>
      </trkpt>
      <trkpt lat="54.555235" lon="-3.142876">
        <ele>96.5</ele>
      </trkpt>
      <trkpt lat="54.556242" lon="-3.142698">
        <ele>95.75</ele>
      </trkpt>
      <trkpt lat="54.556602" lon="-3.142515">
        <ele>96.25</ele>
      </trkpt>
      <trkpt lat="54.557127" lon="-3.142219">
        <ele>95.25</ele>
      </trkpt>
      <trkpt lat="54.557584" lon="-3.141928">
        <ele>93</ele>
      </trkpt>
      <trkpt lat="54.557811" lon="-3.14169">
        <ele>92.75</ele>
      </trkpt>
      <trkpt lat="54.558219" lon="-3.141447">
        <ele>93</ele>
      </trkpt>
      <trkpt lat="54.558456" lon="-3.141244">
        <ele>94</ele>
      </trkpt>
      <trkpt lat="54.558711" lon="-3.140964">
        <ele>95</ele>
      </trkpt>
      <trkpt lat="54.558794" lon="-3.140894">
        <ele>94.25</ele>
      </trkpt>
      <trkpt lat="54.559008" lon="-3.140759">
        <ele>90.75</ele>
      </trkpt>
      <trkpt lat="54.559098" lon="-3.140679">
        <ele>89.25</ele>
      </trkpt>
      <trkpt lat="54.559348" lon="-3.14039">
        <ele>87.25</ele>
      </trkpt>
      <trkpt lat="54.559475" lon="-3.140225">
        <ele>86.75</ele>
      </trkpt>
      <trkpt lat="54.55962" lon="-3.140018">
        <ele>85.75</ele>
      </trkpt>
      <trkpt lat="54.559748" lon="-3.139825">
        <ele>84.5</ele>
      </trkpt>
      <trkpt lat="54.55986" lon="-3.13971">
        <ele>83.25</ele>
      </trkpt>
      <trkpt lat="54.559895" lon="-3.139673">
        <ele>82.75</ele>
      </trkpt>
      <trkpt lat="54.560019" lon="-3.139532">
        <ele>81.5</ele>
      </trkpt>
      <trkpt lat="54.560434" lon="-3.138921">
        <ele>81.25</ele>
      </trkpt>
      <trkpt lat="54.560522" lon="-3.138783">
        <ele>81.25</ele>
      </trkpt>
      <trkpt lat="54.560564" lon="-3.138704">
        <ele>81.25</ele>
      </trkpt>
      <trkpt lat="54.560654" lon="-3.138467">
        <ele>81.75</ele>
      </trkpt>
      <trkpt lat="54.560869" lon="-3.137843">
        <ele>85</ele>
      </trkpt>
      <trkpt lat="54.561044" lon="-3.137348">
        <ele>88.25</ele>
      </trkpt>
      <trkpt lat="54.561138" lon="-3.13705">
        <ele>90.25</ele>
      </trkpt>
      <trkpt lat="54.561204" lon="-3.136887">
        <ele>91.25</ele>
      </trkpt>
      <trkpt lat="54.561295" lon="-3.136748">
        <ele>92</ele>
      </trkpt>
      <trkpt lat="54.561417" lon="-3.136619">
        <ele>93.25</ele>
      </trkpt>
      <trkpt lat="54.561788" lon="-3.136163">
        <ele>99.25</ele>
      </trkpt>
      <trkpt lat="54.562023" lon="-3.135851">
        <ele>101.75</ele>
      </trkpt>
      <trkpt lat="54.562169" lon="-3.135684">
        <ele>102.75</ele>
      </trkpt>
      <trkpt lat="54.562424" lon="-3.135553">
        <ele>100.75</ele>
      </trkpt>
      <trkpt lat="54.562734" lon="-3.135381">
        <ele>98.5</ele>
      </trkpt>
      <trkpt lat="54.562898" lon="-3.135342">
        <ele>96.5</ele>
      </trkpt>
      <trkpt lat="54.563202" lon="-3.135469">
        <ele>90.75</ele>
      </trkpt>
      <trkpt lat="54.563494" lon="-3.135389">
        <ele>89</ele>
      </trkpt>
      <trkpt lat="54.563824" lon="-3.135245">
        <ele>89</ele>
      </trkpt>
      <trkpt lat="54.564123" lon="-3.135244">
        <ele>88</ele>
      </trkpt>
      <trkpt lat="54.564368" lon="-3.13539">
        <ele>86</ele>
      </trkpt>
      <trkpt lat="54.56462" lon="-3.135405">
        <ele>85</ele>
      </trkpt>
      <trkpt lat="54.564916" lon="-3.135201">
        <ele>85.75</ele>
      </trkpt>
      <trkpt lat="54.565112" lon="-3.13499">
        <ele>86.25</ele>
      </trkpt>
      <trkpt lat="54.56527" lon="-3.134766">
        <ele>91.25</ele>
      </trkpt>
      <trkpt lat="54.565336" lon="-3.134691">
        <ele>93</ele>
      </trkpt>
      <trkpt lat="54.565368" lon="-3.134669">
        <ele>93.5</ele>
      </trkpt>
      <trkpt lat="54.565402" lon="-3.134625">
        <ele>94.5</ele>
      </trkpt>
      <trkpt lat="54.565516" lon="-3.134515">
        <ele>97.25</ele>
      </trkpt>
      <trkpt lat="54.565624" lon="-3.134441">
        <ele>99</ele>
      </trkpt>
      <trkpt lat="54.56574" lon="-3.134403">
        <ele>99.75</ele>
      </trkpt>
      <trkpt lat="54.565886" lon="-3.134372">
        <ele>100.25</ele>
      </trkpt>
      <trkpt lat="54.566504" lon="-3.134381">
        <ele>97.75</ele>
      </trkpt>
      <trkpt lat="54.566782" lon="-3.134356">
        <ele>98.25</ele>
      </trkpt>
      <trkpt lat="54.567287" lon="-3.134266">
        <ele>101.25</ele>
      </trkpt>
      <trkpt lat="54.568011" lon="-3.134074">
        <ele>101.75</ele>
      </trkpt>
      <trkpt lat="54.568127" lon="-3.134083">
        <ele>100.5</ele>
      </trkpt>
      <trkpt lat="54.56851" lon="-3.134199">
        <ele>95.75</ele>
      </trkpt>
      <trkpt lat="54.569238" lon="-3.134333">
        <ele>92.25</ele>
      </trkpt>
      <trkpt lat="54.569552" lon="-3.134263">
        <ele>91.25</ele>
      </trkpt>
      <trkpt lat="54.569987" lon="-3.134089">
        <ele>89.5</ele>
      </trkpt>
      <trkpt lat="54.569996" lon="-3.134087">
        <ele>89.5</ele>
      </trkpt>
      <trkpt lat="54.570082" lon="-3.13406">
        <ele>89.25</ele>
      </trkpt>
      <trkpt lat="54.570308" lon="-3.13399">
        <ele>88.5</ele>
      </trkpt>
      <trkpt lat="54.570744" lon="-3.133854">
        <ele>86.5</ele>
      </trkpt>
      <trkpt lat="54.571208" lon="-3.133667">
        <ele>84.25</ele>
      </trkpt>
      <trkpt lat="54.571507" lon="-3.133507">
        <ele>83</ele>
      </trkpt>
      <trkpt lat="54.571819" lon="-3.133253">
        <ele>82.75</ele>
      </trkpt>
      <trkpt lat="54.572002" lon="-3.133121">
        <ele>83.5</ele>
      </trkpt>
      <trkpt lat="54.572172" lon="-3.133034">
        <ele>83.75</ele>
      </trkpt>
      <trkpt lat="54.572235" lon="-3.132997">
        <ele>84</ele>
      </trkpt>
      <trkpt lat="54.573276" lon="-3.132505">
        <ele>90</ele>
      </trkpt>
      <trkpt lat="54.573489" lon="-3.132304">
        <ele>93.75</ele>
      </trkpt>
      <trkpt lat="54.573549" lon="-3.132252">
        <ele>94.75</ele>
      </trkpt>
      <trkpt lat="54.573812" lon="-3.132112">
        <ele>97.25</ele>
      </trkpt>
      <trkpt lat="54.575566" lon="-3.131844">
        <ele>94.5</ele>
      </trkpt>
      <trkpt lat="54.575924" lon="-3.131879">
        <ele>92.75</ele>
      </trkpt>
      <trkpt lat="54.576459" lon="-3.131774">
        <ele>92.5</ele>
      </trkpt>
      <trkpt lat="54.577037" lon="-3.131581">
        <ele>93.75</ele>
      </trkpt>
      <trkpt lat="54.577323" lon="-3.131511">
        <ele>94.5</ele>
      </trkpt>
      <trkpt lat="54.577849" lon="-3.131381">
        <ele>97</ele>
      </trkpt>
      <trkpt lat="54.578611" lon="-3.131269">
        <ele>99.5</ele>
      </trkpt>
      <trkpt lat="54.578691" lon="-3.131249">
        <ele>99.75</ele>
      </trkpt>
      <trkpt lat="54.579074" lon="-3.131156">
        <ele>100.5</ele>
      </trkpt>
      <trkpt lat="54.579699" lon="-3.131128">
        <ele>97.5</ele>
      </trkpt>
      <trkpt lat="54.579745" lon="-3.131126">
        <ele>97.25</ele>
      </trkpt>
      <trkpt lat="54.580448" lon="-3.131062">
        <ele>89</ele>
      </trkpt>
      <trkpt lat="54.580872" lon="-3.130938">
        <ele>84.5</ele>
      </trkpt>
      <trkpt lat="54.581147" lon="-3.130829">
        <ele>86</ele>
      </trkpt>
      <trkpt lat="54.581387" lon="-3.130673">
        <ele>88</ele>
      </trkpt>
      <trkpt lat="54.581625" lon="-3.130435">
        <ele>91.25</ele>
      </trkpt>
      <trkpt lat="54.582101" lon="-3.129994">
        <ele>93.25</ele>
      </trkpt>
      <trkpt lat="54.58221" lon="-3.129904">
        <ele>93</ele>
      </trkpt>
      <trkpt lat="54.582304" lon="-3.129815">
        <ele>93</ele>
      </trkpt>
      <trkpt lat="54.582979" lon="-3.129182">
        <ele>93.25</ele>
      </trkpt>
      <trkpt lat="54.583111" lon="-3.12909">
        <ele>93</ele>
      </trkpt>
      <trkpt lat="54.583263" lon="-3.129021">
        <ele>92.25</ele>
      </trkpt>
      <trkpt lat="54.583548" lon="-3.128901">
        <ele>92</ele>
      </trkpt>
      <trkpt lat="54.583714" lon="-3.128842">
        <ele>92</ele>
      </trkpt>
      <trkpt lat="54.58468" lon="-3.128649">
        <ele>89.25</ele>
      </trkpt>
      <trkpt lat="54.584905" lon="-3.128646">
        <ele>88.25</ele>
      </trkpt>
      <trkpt lat="54.585091" lon="-3.128629">
        <ele>87.5</ele>
      </trkpt>
      <trkpt lat="54.585461" lon="-3.128617">
        <ele>86.75</ele>
      </trkpt>
      <trkpt lat="54.585993" lon="-3.128523">
        <ele>87.25</ele>
      </trkpt>
      <trkpt lat="54.586171" lon="-3.128547">
        <ele>88.5</ele>
      </trkpt>
      <trkpt lat="54.586413" lon="-3.128634">
        <ele>90</ele>
      </trkpt>
      <trkpt lat="54.586842" lon="-3.12874">
        <ele>92</ele>
      </trkpt>
      <trkpt lat="54.587194" lon="-3.1288">
        <ele>92.75</ele>
      </trkpt>
      <trkpt lat="54.587541" lon="-3.12894">
        <ele>93</ele>
      </trkpt>
      <trkpt lat="54.588252" lon="-3.12916">
        <ele>90</ele>
      </trkpt>
      <trkpt lat="54.589203" lon="-3.129803">
        <ele>85.75</ele>
      </trkpt>
      <trkpt lat="54.589479" lon="-3.12993">
        <ele>86.25</ele>
      </trkpt>
      <trkpt lat="54.590196" lon="-3.130171">
        <ele>87.5</ele>
      </trkpt>
      <trkpt lat="54.590381" lon="-3.130233">
        <ele>87.5</ele>
      </trkpt>
      <trkpt lat="54.590493" lon="-3.13029">
        <ele>87.5</ele>
      </trkpt>
      <trkpt lat="54.591299" lon="-3.130775">
        <ele>87.25</ele>
      </trkpt>
      <trkpt lat="54.591778" lon="-3.131034">
        <ele>88.25</ele>
      </trkpt>
      <trkpt lat="54.59201" lon="-3.131197">
        <ele>90.5</ele>
      </trkpt>
      <trkpt lat="54.592226" lon="-3.13137">
        <ele>92.5</ele>
      </trkpt>
      <trkpt lat="54.592344" lon="-3.131533">
        <ele>93.25</ele>
      </trkpt>
      <trkpt lat="54.59243" lon="-3.131652">
        <ele>94</ele>
      </trkpt>
      <trkpt lat="54.592658" lon="-3.132071">
        <ele>97.75</ele>
      </trkpt>
      <trkpt lat="54.592909" lon="-3.132501">
        <ele>100.25</ele>
      </trkpt>
      <trkpt lat="54.593046" lon="-3.132715">
        <ele>100.25</ele>
      </trkpt>
      <trkpt lat="54.593348" lon="-3.133051">
        <ele>99.75</ele>
      </trkpt>
      <trkpt lat="54.593842" lon="-3.133471">
        <ele>101.25</ele>
      </trkpt>
      <trkpt lat="54.594193" lon="-3.133732">
        <ele>102.75</ele>
      </trkpt>
      <trkpt lat="54.594584" lon="-3.133988">
        <ele>101</ele>
      </trkpt>
      <trkpt lat="54.59461" lon="-3.134004">
        <ele>101</ele>
      </trkpt>
      <trkpt lat="54.5949" lon="-3.134198">
        <ele>100</ele>
      </trkpt>
      <trkpt lat="54.595606" lon="-3.134761">
        <ele>98</ele>
      </trkpt>
      <trkpt lat="54.595708" lon="-3.134831">
        <ele>98</ele>
      </trkpt>
      <trkpt lat="54.595857" lon="-3.134932">
        <ele>98.25</ele>
      </trkpt>
      <trkpt lat="54.595946" lon="-3.134993">
        <ele>97.75</ele>
      </trkpt>
      <trkpt lat="54.596311" lon="-3.135242">
        <ele>95.75</ele>
      </trkpt>
      <trkpt lat="54.596467" lon="-3.135337">
        <ele>95</ele>
      </trkpt>
      <trkpt lat="54.596735" lon="-3.135544">
        <ele>94.25</ele>
      </trkpt>
      <trkpt lat="54.596751" lon="-3.135735">
        <ele>93.5</ele>
      </trkpt>
      <trkpt lat="54.596744" lon="-3.135943">
        <ele>92.5</ele>
      </trkpt>
      <trkpt lat="54.596758" lon="-3.136111">
        <ele>91.75</ele>
      </trkpt>
      <trkpt lat="54.59679" lon="-3.136255">
        <ele>91.25</ele>
      </trkpt>
      <trkpt lat="54.596838" lon="-3.136397">
        <ele>90.75</ele>
      </trkpt>
      <trkpt lat="54.596905" lon="-3.136533">
        <ele>90.25</ele>
      </trkpt>
      <trkpt lat="54.596974" lon="-3.136641">
        <ele>90</ele>
      </trkpt>
      <trkpt lat="54.59706" lon="-3.136724">
        <ele>90</ele>
      </trkpt>
      <trkpt lat="54.597133" lon="-3.136771">
        <ele>90</ele>
      </trkpt>
      <trkpt lat="54.597201" lon="-3.136802">
        <ele>90.25</ele>
      </trkpt>
      <trkpt lat="54.597604" lon="-3.136937">
        <ele>90</ele>
      </trkpt>
      <trkpt lat="54.597782" lon="-3.137036">
        <ele>88.75</ele>
      </trkpt>
      <trkpt lat="54.598166" lon="-3.137316">
        <ele>86</ele>
      </trkpt>
      <trkpt lat="54.598244" lon="-3.137394">
        <ele>85.5</ele>
      </trkpt>
      <trkpt lat="54.598332" lon="-3.137413">
        <ele>85</ele>
      </trkpt>
      <trkpt lat="54.598394" lon="-3.137446">
        <ele>85</ele>
      </trkpt>
      <trkpt lat="54.598729" lon="-3.137716">
        <ele>84.25</ele>
      </trkpt>
      <trkpt lat="54.598896" lon="-3.137842">
        <ele>84</ele>
      </trkpt>
      <trkpt lat="54.598993" lon="-3.137917">
        <ele>83.75</ele>
      </trkpt>
      <trkpt lat="54.599165" lon="-3.138052">
        <ele>83.5</ele>
      </trkpt>
      <trkpt lat="54.599182" lon="-3.138065">
        <ele>83.5</ele>
      </trkpt>
      <trkpt lat="54.599328" lon="-3.138187">
        <ele>83.25</ele>
      </trkpt>
      <trkpt lat="54.599393" lon="-3.138259">
        <ele>83</ele>
      </trkpt>
      <trkpt lat="54.599457" lon="-3.138345">
        <ele>83</ele>
      </trkpt>
      <trkpt lat="54.599583" lon="-3.13856">
        <ele>83.5</ele>
      </trkpt>
      <trkpt lat="54.599729" lon="-3.138835">
        <ele>84.25</ele>
      </trkpt>
      <trkpt lat="54.599814" lon="-3.138974">
        <ele>84.75</ele>
      </trkpt>
      <trkpt lat="54.599875" lon="-3.139052">
        <ele>85.25</ele>
      </trkpt>
      <trkpt lat="54.599976" lon="-3.139144">
        <ele>85.75</ele>
      </trkpt>
      <trkpt lat="54.600088" lon="-3.139221">
        <ele>86</ele>
      </trkpt>
      <trkpt lat="54.600159" lon="-3.139249">
        <ele>85.75</ele>
      </trkpt>
      <trkpt lat="54.600257" lon="-3.139262">
        <ele>85.75</ele>
      </trkpt>
      <trkpt lat="54.600365" lon="-3.139255">
        <ele>85.5</ele>
      </trkpt>
      <trkpt lat="54.600593" lon="-3.139244">
        <ele>85.25</ele>
      </trkpt>
      <trkpt lat="54.600711" lon="-3.139263">
        <ele>85</ele>
      </trkpt>
      <trkpt lat="54.600766" lon="-3.139289">
        <ele>85</ele>
      </trkpt>
      <trkpt lat="54.600818" lon="-3.139332">
        <ele>85</ele>
      </trkpt>
      <trkpt lat="54.600873" lon="-3.139392">
        <ele>84.75</ele>
      </trkpt>
      <trkpt lat="54.600919" lon="-3.139463">
        <ele>84.75</ele>
      </trkpt>
      <trkpt lat="54.601002" lon="-3.139622">
        <ele>84.25</ele>
      </trkpt>
      <trkpt lat="54.60106" lon="-3.139782">
        <ele>84.25</ele>
      </trkpt>
      <trkpt lat="54.601173" lon="-3.140034">
        <ele>83.75</ele>
      </trkpt>
      <trkpt lat="54.601302" lon="-3.140309">
        <ele>83.25</ele>
      </trkpt>
      <trkpt lat="54.60147" lon="-3.140667">
        <ele>82.25</ele>
      </trkpt>
      <trkpt lat="54.601537" lon="-3.140816">
        <ele>81.75</ele>
      </trkpt>
      <trkpt lat="54.601579" lon="-3.140884">
        <ele>81.5</ele>
      </trkpt>
      <trkpt lat="54.601636" lon="-3.140922">
        <ele>81</ele>
      </trkpt>
      <trkpt lat="54.601697" lon="-3.140928">
        <ele>81</ele>
      </trkpt>
      <trkpt lat="54.601726" lon="-3.140915">
        <ele>81</ele>
      </trkpt>
      <trkpt lat="54.601762" lon="-3.140878">
        <ele>81</ele>
      </trkpt>
      <trkpt lat="54.601888" lon="-3.140706">
        <ele>81.25</ele>
      </trkpt>
      <trkpt lat="54.602151" lon="-3.140345">
        <ele>82</ele>
      </trkpt>
      <trkpt lat="54.602102" lon="-3.140215">
        <ele>82.25</ele>
      </trkpt>
      <trkpt lat="54.601883" lon="-3.139559">
        <ele>82.75</ele>
      </trkpt>
      <trkpt lat="54.601794" lon="-3.139308">
        <ele>83</ele>
      </trkpt>
      <trkpt lat="54.601629" lon="-3.138847">
        <ele>83.25</ele>
      </trkpt>
      <trkpt lat="54.601588" lon="-3.138738">
        <ele>83.5</ele>
      </trkpt>
      <trkpt lat="54.601563" lon="-3.138659">
        <ele>83.75</ele>
      </trkpt>
      <trkpt lat="54.601557" lon="-3.138609">
        <ele>83.75</ele>
      </trkpt>
      <trkpt lat="54.601563" lon="-3.138553">
        <ele>83.75</ele>
      </trkpt>
      <trkpt lat="54.60158" lon="-3.138517">
        <ele>83.75</ele>
      </trkpt>
      <trkpt lat="54.601623" lon="-3.138459">
        <ele>83.75</ele>
      </trkpt>
      <trkpt lat="54.601752" lon="-3.138274">
        <ele>84.25</ele>
      </trkpt>
      <trkpt lat="54.601875" lon="-3.138089">
        <ele>84.5</ele>
      </trkpt>
      <trkpt lat="54.601983" lon="-3.13791">
        <ele>85</ele>
      </trkpt>
      <trkpt lat="54.602058" lon="-3.137782">
        <ele>85.25</ele>
      </trkpt>
      <trkpt lat="54.602093" lon="-3.137697">
        <ele>85.5</ele>
      </trkpt>
      <trkpt lat="54.602115" lon="-3.137606">
        <ele>85.5</ele>
      </trkpt>
      <trkpt lat="54.602121" lon="-3.137554">
        <ele>85.5</ele>
      </trkpt>
      <trkpt lat="54.602126" lon="-3.137427">
        <ele>85.5</ele>
      </trkpt>
      <trkpt lat="54.602112" lon="-3.137303">
        <ele>85.5</ele>
      </trkpt>
      <trkpt lat="54.6021" lon="-3.137247">
        <ele>85.5</ele>
      </trkpt>
      <trkpt lat="54.602025" lon="-3.137011">
        <ele>85.25</ele>
      </trkpt>
      <trkpt lat="54.601934" lon="-3.136757">
        <ele>85.25</ele>
      </trkpt>
      <trkpt lat="54.60168" lon="-3.136007">
        <ele>86.5</ele>
      </trkpt>
      <trkpt lat="54.60167" lon="-3.135981">
        <ele>86.5</ele>
      </trkpt>
      <trkpt lat="54.601469" lon="-3.135419">
        <ele>89</ele>
      </trkpt>
      <trkpt lat="54.601385" lon="-3.135189">
        <ele>90</ele>
      </trkpt>
      <trkpt lat="54.60125" lon="-3.134814">
        <ele>90.75</ele>
      </trkpt>
      <trkpt lat="54.601215" lon="-3.134713">
        <ele>90.5</ele>
      </trkpt>
      <trkpt lat="54.601194" lon="-3.134605">
        <ele>90.5</ele>
      </trkpt>
      <trkpt lat="54.60119" lon="-3.134554">
        <ele>90.5</ele>
      </trkpt>
      <trkpt lat="54.601197" lon="-3.134418">
        <ele>90.25</ele>
      </trkpt>
      <trkpt lat="54.601212" lon="-3.134319">
        <ele>90.25</ele>
      </trkpt>
      <trkpt lat="54.601264" lon="-3.134011">
        <ele>89.5</ele>
      </trkpt>
      <trkpt lat="54.601367" lon="-3.133313">
        <ele>87.5</ele>
      </trkpt>
      <trkpt lat="54.601416" lon="-3.13293">
        <ele>87</ele>
      </trkpt>
      <trkpt lat="54.601456" lon="-3.132614">
        <ele>86.5</ele>
      </trkpt>
      <trkpt lat="54.601524" lon="-3.132169">
        <ele>85.75</ele>
      </trkpt>
      <trkpt lat="54.601578" lon="-3.131875">
        <ele>85.25</ele>
      </trkpt>
      <trkpt lat="54.601693" lon="-3.131258">
        <ele>85.5</ele>
      </trkpt>
      <trkpt lat="54.601747" lon="-3.130863">
        <ele>86.25</ele>
      </trkpt>
      <trkpt lat="54.601793" lon="-3.130576">
        <ele>87</ele>
      </trkpt>
      <trkpt lat="54.601847" lon="-3.130318">
        <ele>87.5</ele>
      </trkpt>
      <trkpt lat="54.601915" lon="-3.13006">
        <ele>88.25</ele>
      </trkpt>
      <trkpt lat="54.601992" lon="-3.129805">
        <ele>88.75</ele>
      </trkpt>
      <trkpt lat="54.602318" lon="-3.128861">
        <ele>89.25</ele>
      </trkpt>
      <trkpt lat="54.602584" lon="-3.128091">
        <ele>89.25</ele>
      </trkpt>
      <trkpt lat="54.602707" lon="-3.127745">
        <ele>90</ele>
      </trkpt>
      <trkpt lat="54.602792" lon="-3.127502">
        <ele>90.25</ele>
      </trkpt>
      <trkpt lat="54.60292" lon="-3.127148">
        <ele>90.75</ele>
      </trkpt>
      <trkpt lat="54.603172" lon="-3.126545">
        <ele>91.75</ele>
      </trkpt>
      <trkpt lat="54.603215" lon="-3.126464">
        <ele>92</ele>
      </trkpt>
      <trkpt lat="54.603545" lon="-3.125909">
        <ele>93.25</ele>
      </trkpt>
      <trkpt lat="54.603638" lon="-3.12574">
        <ele>93.75</ele>
      </trkpt>
      <trkpt lat="54.603854" lon="-3.125329">
        <ele>94</ele>
      </trkpt>
      <trkpt lat="54.603916" lon="-3.125192">
        <ele>94</ele>
      </trkpt>
      <trkpt lat="54.604076" lon="-3.124798">
        <ele>94</ele>
      </trkpt>
      <trkpt lat="54.604176" lon="-3.124537">
        <ele>94</ele>
      </trkpt>
      <trkpt lat="54.604213" lon="-3.124442">
        <ele>94.25</ele>
      </trkpt>
      <trkpt lat="54.604552" lon="-3.123567">
        <ele>94.75</ele>
      </trkpt>
      <trkpt lat="54.604685" lon="-3.123226">
        <ele>94.5</ele>
      </trkpt>
      <trkpt lat="54.60479" lon="-3.122955">
        <ele>95</ele>
      </trkpt>
      <trkpt lat="54.604848" lon="-3.122806">
        <ele>95.25</ele>
      </trkpt>
      <trkpt lat="54.604905" lon="-3.122521">
        <ele>95.75</ele>
      </trkpt>
      <trkpt lat="54.604926" lon="-3.122282">
        <ele>96</ele>
      </trkpt>
      <trkpt lat="54.60492" lon="-3.122078">
        <ele>96.25</ele>
      </trkpt>
      <trkpt lat="54.604893" lon="-3.121836">
        <ele>96.5</ele>
      </trkpt>
      <trkpt lat="54.604752" lon="-3.12075">
        <ele>98.5</ele>
      </trkpt>
      <trkpt lat="54.604613" lon="-3.119672">
        <ele>101.5</ele>
      </trkpt>
      <trkpt lat="54.604529" lon="-3.119228">
        <ele>102.75</ele>
      </trkpt>
      <trkpt lat="54.604476" lon="-3.119017">
        <ele>103.5</ele>
      </trkpt>
      <trkpt lat="54.604412" lon="-3.118815">
        <ele>104.5</ele>
      </trkpt>
      <trkpt lat="54.604358" lon="-3.118674">
        <ele>105.25</ele>
      </trkpt>
      <trkpt lat="54.60428" lon="-3.118513">
        <ele>106.25</ele>
      </trkpt>
      <trkpt lat="54.604188" lon="-3.118362">
        <ele>107.5</ele>
      </trkpt>
      <trkpt lat="54.604157" lon="-3.118315">
        <ele>108</ele>
      </trkpt>
      <trkpt lat="54.604134" lon="-3.118282">
        <ele>108.5</ele>
      </trkpt>
      <trkpt lat="54.60401" lon="-3.118105">
        <ele>111</ele>
      </trkpt>
      <trkpt lat="54.603912" lon="-3.117898">
        <ele>113</ele>
      </trkpt>
      <trkpt lat="54.60389" lon="-3.117849">
        <ele>113.5</ele>
      </trkpt>
      <trkpt lat="54.60383" lon="-3.117626">
        <ele>115.25</ele>
      </trkpt>
      <trkpt lat="54.603806" lon="-3.117421">
        <ele>116.5</ele>
      </trkpt>
      <trkpt lat="54.603799" lon="-3.117271">
        <ele>117.25</ele>
      </trkpt>
      <trkpt lat="54.603802" lon="-3.117136">
        <ele>118</ele>
      </trkpt>
      <trkpt lat="54.603794" lon="-3.117017">
        <ele>118.75</ele>
      </trkpt>
      <trkpt lat="54.603772" lon="-3.116948">
        <ele>119.25</ele>
      </trkpt>
      <trkpt lat="54.603705" lon="-3.116828">
        <ele>120.25</ele>
      </trkpt>
      <trkpt lat="54.60368" lon="-3.116806">
        <ele>120.25</ele>
      </trkpt>
      <trkpt lat="54.603595" lon="-3.116783">
        <ele>120.75</ele>
      </trkpt>
      <trkpt lat="54.603457" lon="-3.116779">
        <ele>121</ele>
      </trkpt>
      <trkpt lat="54.603187" lon="-3.116766">
        <ele>122.25</ele>
      </trkpt>
      <trkpt lat="54.603021" lon="-3.116739">
        <ele>123</ele>
      </trkpt>
      <trkpt lat="54.602772" lon="-3.116658">
        <ele>124.75</ele>
      </trkpt>
      <trkpt lat="54.602541" lon="-3.116551">
        <ele>126.5</ele>
      </trkpt>
      <trkpt lat="54.60232" lon="-3.116401">
        <ele>129.75</ele>
      </trkpt>
      <trkpt lat="54.602231" lon="-3.116353">
        <ele>131.25</ele>
      </trkpt>
      <trkpt lat="54.602152" lon="-3.116338">
        <ele>132.25</ele>
      </trkpt>
      <trkpt lat="54.602073" lon="-3.116337">
        <ele>133</ele>
      </trkpt>
      <trkpt lat="54.601996" lon="-3.116355">
        <ele>133.75</ele>
      </trkpt>
      <trkpt lat="54.601886" lon="-3.116407">
        <ele>134.5</ele>
      </trkpt>
      <trkpt lat="54.601781" lon="-3.116499">
        <ele>135</ele>
      </trkpt>
      <trkpt lat="54.601644" lon="-3.116668">
        <ele>135.25</ele>
      </trkpt>
      <trkpt lat="54.601217" lon="-3.117371">
        <ele>135.75</ele>
      </trkpt>
      <trkpt lat="54.6011" lon="-3.117546">
        <ele>136</ele>
      </trkpt>
      <trkpt lat="54.601013" lon="-3.117649">
        <ele>136.5</ele>
      </trkpt>
      <trkpt lat="54.600754" lon="-3.117858">
        <ele>138.25</ele>
      </trkpt>
      <trkpt lat="54.600667" lon="-3.117912">
        <ele>139</ele>
      </trkpt>
      <trkpt lat="54.600532" lon="-3.117989">
        <ele>140</ele>
      </trkpt>
      <trkpt lat="54.60015" lon="-3.118135">
        <ele>143.5</ele>
      </trkpt>
      <trkpt lat="54.599701" lon="-3.118288">
        <ele>146.25</ele>
      </trkpt>
      <trkpt lat="54.599388" lon="-3.118383">
        <ele>147.75</ele>
      </trkpt>
      <trkpt lat="54.599281" lon="-3.118401">
        <ele>148.5</ele>
      </trkpt>
      <trkpt lat="54.599127" lon="-3.118402">
        <ele>149.5</ele>
      </trkpt>
      <trkpt lat="54.599012" lon="-3.118388">
        <ele>150.25</ele>
      </trkpt>
      <trkpt lat="54.598914" lon="-3.118362">
        <ele>151</ele>
      </trkpt>
      <trkpt lat="54.598764" lon="-3.118296">
        <ele>152.5</ele>
      </trkpt>
      <trkpt lat="54.598606" lon="-3.118206">
        <ele>154.25</ele>
      </trkpt>
      <trkpt lat="54.598318" lon="-3.117953">
        <ele>158.25</ele>
      </trkpt>
      <trkpt lat="54.597619" lon="-3.117306">
        <ele>165.75</ele>
      </trkpt>
      <trkpt lat="54.597087" lon="-3.116779">
        <ele>170</ele>
      </trkpt>
      <trkpt lat="54.5969" lon="-3.116566">
        <ele>171.5</ele>
      </trkpt>
      <trkpt lat="54.59678" lon="-3.116387">
        <ele>173</ele>
      </trkpt>
      <trkpt lat="54.596707" lon="-3.116244">
        <ele>174</ele>
      </trkpt>
      <trkpt lat="54.596626" lon="-3.116026">
        <ele>175.75</ele>
      </trkpt>
      <trkpt lat="54.596589" lon="-3.115869">
        <ele>177.25</ele>
      </trkpt>
      <trkpt lat="54.596572" lon="-3.115668">
        <ele>179</ele>
      </trkpt>
      <trkpt lat="54.59657" lon="-3.115381">
        <ele>181.5</ele>
      </trkpt>
      <trkpt lat="54.59658" lon="-3.114964">
        <ele>184.75</ele>
      </trkpt>
      <trkpt lat="54.596601" lon="-3.113968">
        <ele>189.75</ele>
      </trkpt>
      <trkpt lat="54.596624" lon="-3.11306">
        <ele>194.75</ele>
      </trkpt>
      <trkpt lat="54.596656" lon="-3.112448">
        <ele>197.25</ele>
      </trkpt>
      <trkpt lat="54.596783" lon="-3.111674">
        <ele>201</ele>
      </trkpt>
      <trkpt lat="54.59682" lon="-3.11138">
        <ele>201.75</ele>
      </trkpt>
      <trkpt lat="54.596847" lon="-3.111045">
        <ele>202.75</ele>
      </trkpt>
      <trkpt lat="54.596863" lon="-3.110668">
        <ele>204</ele>
      </trkpt>
      <trkpt lat="54.596849" lon="-3.110217">
        <ele>205.75</ele>
      </trkpt>
      <trkpt lat="54.596797" lon="-3.109743">
        <ele>207.25</ele>
      </trkpt>
      <trkpt lat="54.596745" lon="-3.109443">
        <ele>208</ele>
      </trkpt>
      <trkpt lat="54.596694" lon="-3.109213">
        <ele>208.75</ele>
      </trkpt>
      <trkpt lat="54.596601" lon="-3.10888">
        <ele>209.75</ele>
      </trkpt>
      <trkpt lat="54.596413" lon="-3.108332">
        <ele>212.25</ele>
      </trkpt>
      <trkpt lat="54.595827" lon="-3.106746">
        <ele>216</ele>
      </trkpt>
      <trkpt lat="54.595709" lon="-3.106424">
        <ele>217</ele>
      </trkpt>
      <trkpt lat="54.595309" lon="-3.105274">
        <ele>218.75</ele>
      </trkpt>
      <trkpt lat="54.595011" lon="-3.104544">
        <ele>218.75</ele>
      </trkpt>
      <trkpt lat="54.594803" lon="-3.104057">
        <ele>218</ele>
      </trkpt>
      <trkpt lat="54.594195" lon="-3.102655">
        <ele>208.75</ele>
      </trkpt>
      <trkpt lat="54.594182" lon="-3.10263">
        <ele>208.5</ele>
      </trkpt>
      <trkpt lat="54.593996" lon="-3.102286">
        <ele>206.75</ele>
      </trkpt>
      <trkpt lat="54.593697" lon="-3.101837">
        <ele>203.25</ele>
      </trkpt>
      <trkpt lat="54.593475" lon="-3.101544">
        <ele>200.75</ele>
      </trkpt>
      <trkpt lat="54.593085" lon="-3.101071">
        <ele>198.25</ele>
      </trkpt>
      <trkpt lat="54.59277" lon="-3.100739">
        <ele>196.25</ele>
      </trkpt>
      <trkpt lat="54.592729" lon="-3.100693">
        <ele>196</ele>
      </trkpt>
      <trkpt lat="54.592481" lon="-3.100476">
        <ele>194</ele>
      </trkpt>
      <trkpt lat="54.592415" lon="-3.100429">
        <ele>193.5</ele>
      </trkpt>
      <trkpt lat="54.591873" lon="-3.100053">
        <ele>188.75</ele>
      </trkpt>
      <trkpt lat="54.591572" lon="-3.099922">
        <ele>187</ele>
      </trkpt>
      <trkpt lat="54.591358" lon="-3.099828">
        <ele>185.75</ele>
      </trkpt>
      <trkpt lat="54.59075" lon="-3.099604">
        <ele>182</ele>
      </trkpt>
      <trkpt lat="54.590255" lon="-3.099436">
        <ele>177.75</ele>
      </trkpt>
      <trkpt lat="54.588886" lon="-3.099057">
        <ele>170.75</ele>
      </trkpt>
      <trkpt lat="54.588735" lon="-3.099031">
        <ele>170.75</ele>
      </trkpt>
      <trkpt lat="54.588625" lon="-3.098947">
        <ele>170.25</ele>
      </trkpt>
      <trkpt lat="54.588489" lon="-3.09878">
        <ele>169.25</ele>
      </trkpt>
      <trkpt lat="54.588346" lon="-3.098544">
        <ele>167.5</ele>
      </trkpt>
      <trkpt lat="54.587793" lon="-3.097427">
        <ele>172.25</ele>
      </trkpt>
      <trkpt lat="54.587663" lon="-3.096967">
        <ele>169.25</ele>
      </trkpt>
      <trkpt lat="54.587552" lon="-3.096681">
        <ele>167.25</ele>
      </trkpt>
      <trkpt lat="54.587284" lon="-3.096199">
        <ele>168</ele>
      </trkpt>
      <trkpt lat="54.586708" lon="-3.094771">
        <ele>160</ele>
      </trkpt>
      <trkpt lat="54.586559" lon="-3.094389">
        <ele>160.5</ele>
      </trkpt>
      <trkpt lat="54.58649" lon="-3.09427">
        <ele>160.75</ele>
      </trkpt>
      <trkpt lat="54.58641" lon="-3.094004">
        <ele>160.75</ele>
      </trkpt>
      <trkpt lat="54.586341" lon="-3.093751">
        <ele>160.75</ele>
      </trkpt>
      <trkpt lat="54.586142" lon="-3.092884">
        <ele>161.25</ele>
      </trkpt>
      <trkpt lat="54.586078" lon="-3.092665">
        <ele>161.75</ele>
      </trkpt>
      <trkpt lat="54.585962" lon="-3.092323">
        <ele>162.25</ele>
      </trkpt>
      <trkpt lat="54.585779" lon="-3.091919">
        <ele>163.25</ele>
      </trkpt>
      <trkpt lat="54.58567" lon="-3.091703">
        <ele>164.25</ele>
      </trkpt>
      <trkpt lat="54.5855" lon="-3.091447">
        <ele>166.25</ele>
      </trkpt>
      <trkpt lat="54.585118" lon="-3.09101">
        <ele>168.75</ele>
      </trkpt>
      <trkpt lat="54.584963" lon="-3.0908">
        <ele>169.25</ele>
      </trkpt>
      <trkpt lat="54.58472" lon="-3.090396">
        <ele>169.5</ele>
      </trkpt>
      <trkpt lat="54.584558" lon="-3.090161">
        <ele>169.25</ele>
      </trkpt>
      <trkpt lat="54.584115" lon="-3.089649">
        <ele>169.5</ele>
      </trkpt>
      <trkpt lat="54.583284" lon="-3.088795">
        <ele>169</ele>
      </trkpt>
      <trkpt lat="54.582449" lon="-3.087881">
        <ele>166.75</ele>
      </trkpt>
      <trkpt lat="54.582266" lon="-3.087707">
        <ele>165.5</ele>
      </trkpt>
      <trkpt lat="54.582119" lon="-3.087632">
        <ele>165.25</ele>
      </trkpt>
      <trkpt lat="54.581143" lon="-3.087338">
        <ele>165</ele>
      </trkpt>
      <trkpt lat="54.58043" lon="-3.087103">
        <ele>166.75</ele>
      </trkpt>
      <trkpt lat="54.580225" lon="-3.087004">
        <ele>167.25</ele>
      </trkpt>
      <trkpt lat="54.580056" lon="-3.086883">
        <ele>166.75</ele>
      </trkpt>
      <trkpt lat="54.579929" lon="-3.086785">
        <ele>165.75</ele>
      </trkpt>
      <trkpt lat="54.579472" lon="-3.086351">
        <ele>164.25</ele>
      </trkpt>
      <trkpt lat="54.579169" lon="-3.086114">
        <ele>164.75</ele>
      </trkpt>
      <trkpt lat="54.57899" lon="-3.086003">
        <ele>164.75</ele>
      </trkpt>
      <trkpt lat="54.578894" lon="-3.085949">
        <ele>164.5</ele>
      </trkpt>
      <trkpt lat="54.578739" lon="-3.085888">
        <ele>164.25</ele>
      </trkpt>
      <trkpt lat="54.578314" lon="-3.085777">
        <ele>163.75</ele>
      </trkpt>
      <trkpt lat="54.578041" lon="-3.08572">
        <ele>164</ele>
      </trkpt>
      <trkpt lat="54.577762" lon="-3.085622">
        <ele>164</ele>
      </trkpt>
      <trkpt lat="54.577149" lon="-3.085345">
        <ele>165</ele>
      </trkpt>
      <trkpt lat="54.576635" lon="-3.085068">
        <ele>166.25</ele>
      </trkpt>
      <trkpt lat="54.576313" lon="-3.084829">
        <ele>167</ele>
      </trkpt>
      <trkpt lat="54.57604" lon="-3.084571">
        <ele>167.75</ele>
      </trkpt>
      <trkpt lat="54.575864" lon="-3.084369">
        <ele>167.75</ele>
      </trkpt>
      <trkpt lat="54.575725" lon="-3.084188">
        <ele>168.25</ele>
      </trkpt>
      <trkpt lat="54.5757" lon="-3.084153">
        <ele>168.25</ele>
      </trkpt>
      <trkpt lat="54.575606" lon="-3.084019">
        <ele>168.5</ele>
      </trkpt>
      <trkpt lat="54.575405" lon="-3.083696">
        <ele>168.25</ele>
      </trkpt>
      <trkpt lat="54.575294" lon="-3.083498">
        <ele>168</ele>
      </trkpt>
      <trkpt lat="54.57514" lon="-3.083162">
        <ele>167.5</ele>
      </trkpt>
      <trkpt lat="54.575013" lon="-3.082866">
        <ele>167.5</ele>
      </trkpt>
      <trkpt lat="54.574897" lon="-3.082555">
        <ele>168</ele>
      </trkpt>
      <trkpt lat="54.574807" lon="-3.082278">
        <ele>168.25</ele>
      </trkpt>
      <trkpt lat="54.574655" lon="-3.081677">
        <ele>168.5</ele>
      </trkpt>
      <trkpt lat="54.574588" lon="-3.081324">
        <ele>169</ele>
      </trkpt>
      <trkpt lat="54.574523" lon="-3.080904">
        <ele>169.5</ele>
      </trkpt>
      <trkpt lat="54.574476" lon="-3.080474">
        <ele>170.25</ele>
      </trkpt>
      <trkpt lat="54.574452" lon="-3.080039">
        <ele>171.25</ele>
      </trkpt>
      <trkpt lat="54.574439" lon="-3.079595">
        <ele>171</ele>
      </trkpt>
      <trkpt lat="54.574448" lon="-3.079242">
        <ele>171</ele>
      </trkpt>
      <trkpt lat="54.574469" lon="-3.078835">
        <ele>170.75</ele>
      </trkpt>
      <trkpt lat="54.574551" lon="-3.076948">
        <ele>170.5</ele>
      </trkpt>
      <trkpt lat="54.574564" lon="-3.076461">
        <ele>170.5</ele>
      </trkpt>
      <trkpt lat="54.574553" lon="-3.075975">
        <ele>171</ele>
      </trkpt>
      <trkpt lat="54.574519" lon="-3.075491">
        <ele>171.75</ele>
      </trkpt>
      <trkpt lat="54.574462" lon="-3.075014">
        <ele>172.25</ele>
      </trkpt>
      <trkpt lat="54.574402" lon="-3.074649">
        <ele>173.75</ele>
      </trkpt>
      <trkpt lat="54.574322" lon="-3.074109">
        <ele>175.75</ele>
      </trkpt>
      <trkpt lat="54.574235" lon="-3.073729">
        <ele>177</ele>
      </trkpt>
      <trkpt lat="54.574135" lon="-3.073347">
        <ele>177.75</ele>
      </trkpt>
      <trkpt lat="54.573961" lon="-3.072822">
        <ele>180.25</ele>
      </trkpt>
      <trkpt lat="54.573673" lon="-3.072106">
        <ele>180.25</ele>
      </trkpt>
      <trkpt lat="54.573491" lon="-3.071604">
        <ele>178.25</ele>
      </trkpt>
      <trkpt lat="54.57339" lon="-3.071248">
        <ele>177.5</ele>
      </trkpt>
      <trkpt lat="54.573309" lon="-3.070926">
        <ele>177.25</ele>
      </trkpt>
      <trkpt lat="54.573151" lon="-3.070356">
        <ele>178.25</ele>
      </trkpt>
      <trkpt lat="54.57297" lon="-3.069754">
        <ele>178.25</ele>
      </trkpt>
      <trkpt lat="54.572789" lon="-3.06919">
        <ele>177.5</ele>
      </trkpt>
      <trkpt lat="54.572467" lon="-3.068258">
        <ele>176.25</ele>
      </trkpt>
      <trkpt lat="54.572404" lon="-3.068014">
        <ele>177.5</ele>
      </trkpt>
      <trkpt lat="54.572294" lon="-3.067498">
        <ele>179.75</ele>
      </trkpt>
      <trkpt lat="54.572134" lon="-3.066927">
        <ele>180.75</ele>
      </trkpt>
      <trkpt lat="54.572046" lon="-3.0667">
        <ele>180.75</ele>
      </trkpt>
      <trkpt lat="54.57195" lon="-3.066511">
        <ele>181.5</ele>
      </trkpt>
      <trkpt lat="54.571737" lon="-3.066186">
        <ele>182.5</ele>
      </trkpt>
      <trkpt lat="54.571663" lon="-3.066039">
        <ele>183</ele>
      </trkpt>
      <trkpt lat="54.571572" lon="-3.065785">
        <ele>185.75</ele>
      </trkpt>
      <trkpt lat="54.571512" lon="-3.065637">
        <ele>187</ele>
      </trkpt>
      <trkpt lat="54.571435" lon="-3.065502">
        <ele>187.75</ele>
      </trkpt>
      <trkpt lat="54.571324" lon="-3.065364">
        <ele>188.25</ele>
      </trkpt>
      <trkpt lat="54.571122" lon="-3.065135">
        <ele>188.25</ele>
      </trkpt>
      <trkpt lat="54.570355" lon="-3.064203">
        <ele>191.25</ele>
      </trkpt>
      <trkpt lat="54.570194" lon="-3.063954">
        <ele>191.25</ele>
      </trkpt>
      <trkpt lat="54.569894" lon="-3.063451">
        <ele>190.75</ele>
      </trkpt>
      <trkpt lat="54.569655" lon="-3.063019">
        <ele>193.5</ele>
      </trkpt>
      <trkpt lat="54.569425" lon="-3.062658">
        <ele>195</ele>
      </trkpt>
      <trkpt lat="54.569227" lon="-3.062451">
        <ele>194.5</ele>
      </trkpt>
      <trkpt lat="54.568683" lon="-3.062002">
        <ele>189</ele>
      </trkpt>
      <trkpt lat="54.568314" lon="-3.06159">
        <ele>182.75</ele>
      </trkpt>
      <trkpt lat="54.567971" lon="-3.061146">
        <ele>183.5</ele>
      </trkpt>
      <trkpt lat="54.567737" lon="-3.060954">
        <ele>182.25</ele>
      </trkpt>
      <trkpt lat="54.567712" lon="-3.060927">
        <ele>182.25</ele>
      </trkpt>
      <trkpt lat="54.567527" lon="-3.060746">
        <ele>181.25</ele>
      </trkpt>
      <trkpt lat="54.567334" lon="-3.060579">
        <ele>180</ele>
      </trkpt>
      <trkpt lat="54.567076" lon="-3.060428">
        <ele>177</ele>
      </trkpt>
      <trkpt lat="54.566893" lon="-3.060337">
        <ele>174.25</ele>
      </trkpt>
      <trkpt lat="54.566693" lon="-3.060252">
        <ele>171.25</ele>
      </trkpt>
      <trkpt lat="54.566589" lon="-3.060217">
        <ele>170.5</ele>
      </trkpt>
      <trkpt lat="54.566405" lon="-3.060155">
        <ele>169.75</ele>
      </trkpt>
      <trkpt lat="54.56635" lon="-3.060134">
        <ele>169.5</ele>
      </trkpt>
      <trkpt lat="54.566203" lon="-3.060105">
        <ele>168.75</ele>
      </trkpt>
      <trkpt lat="54.566056" lon="-3.060033">
        <ele>168</ele>
      </trkpt>
      <trkpt lat="54.565878" lon="-3.059916">
        <ele>167</ele>
      </trkpt>
      <trkpt lat="54.565749" lon="-3.059818">
        <ele>168</ele>
      </trkpt>
      <trkpt lat="54.565613" lon="-3.059692">
        <ele>169.75</ele>
      </trkpt>
      <trkpt lat="54.565119" lon="-3.059259">
        <ele>172.75</ele>
      </trkpt>
      <trkpt lat="54.564852" lon="-3.059094">
        <ele>172.75</ele>
      </trkpt>
      <trkpt lat="54.564582" lon="-3.058964">
        <ele>172.5</ele>
      </trkpt>
      <trkpt lat="54.564291" lon="-3.058885">
        <ele>172.75</ele>
      </trkpt>
      <trkpt lat="54.564254" lon="-3.058871">
        <ele>172.75</ele>
      </trkpt>
      <trkpt lat="54.563709" lon="-3.058724">
        <ele>170.75</ele>
      </trkpt>
      <trkpt lat="54.563387" lon="-3.058576">
        <ele>168.5</ele>
      </trkpt>
      <trkpt lat="54.563084" lon="-3.058391">
        <ele>166</ele>
      </trkpt>
      <trkpt lat="54.563034" lon="-3.058352">
        <ele>165.5</ele>
      </trkpt>
      <trkpt lat="54.56283" lon="-3.058193">
        <ele>165.5</ele>
      </trkpt>
      <trkpt lat="54.56259" lon="-3.057977">
        <ele>165.75</ele>
      </trkpt>
      <trkpt lat="54.562007" lon="-3.057379">
        <ele>167.25</ele>
      </trkpt>
      <trkpt lat="54.561711" lon="-3.057125">
        <ele>168.25</ele>
      </trkpt>
      <trkpt lat="54.561555" lon="-3.057">
        <ele>168.75</ele>
      </trkpt>
      <trkpt lat="54.561396" lon="-3.056888">
        <ele>169.25</ele>
      </trkpt>
      <trkpt lat="54.561228" lon="-3.056783">
        <ele>169.5</ele>
      </trkpt>
      <trkpt lat="54.561057" lon="-3.056692">
        <ele>169.75</ele>
      </trkpt>
      <trkpt lat="54.560821" lon="-3.056589">
        <ele>170.25</ele>
      </trkpt>
      <trkpt lat="54.56063" lon="-3.056525">
        <ele>170.5</ele>
      </trkpt>
      <trkpt lat="54.560438" lon="-3.056477">
        <ele>170.5</ele>
      </trkpt>
      <trkpt lat="54.560147" lon="-3.056436">
        <ele>170.5</ele>
      </trkpt>
      <trkpt lat="54.5598" lon="-3.056436">
        <ele>170.5</ele>
      </trkpt>
      <trkpt lat="54.5596" lon="-3.056459">
        <ele>170.25</ele>
      </trkpt>
      <trkpt lat="54.559401" lon="-3.0565">
        <ele>170.25</ele>
      </trkpt>
      <trkpt lat="54.559204" lon="-3.056558">
        <ele>170.25</ele>
      </trkpt>
      <trkpt lat="54.557513" lon="-3.057194">
        <ele>175.75</ele>
      </trkpt>
      <trkpt lat="54.557105" lon="-3.057359">
        <ele>176.75</ele>
      </trkpt>
      <trkpt lat="54.556444" lon="-3.057634">
        <ele>177.25</ele>
      </trkpt>
      <trkpt lat="54.555901" lon="-3.057844">
        <ele>178</ele>
      </trkpt>
      <trkpt lat="54.555696" lon="-3.057912">
        <ele>178</ele>
      </trkpt>
      <trkpt lat="54.555353" lon="-3.057958">
        <ele>178.25</ele>
      </trkpt>
      <trkpt lat="54.555059" lon="-3.057977">
        <ele>178.75</ele>
      </trkpt>
      <trkpt lat="54.554848" lon="-3.057973">
        <ele>178.75</ele>
      </trkpt>
      <trkpt lat="54.554596" lon="-3.057929">
        <ele>178.75</ele>
      </trkpt>
      <trkpt lat="54.553727" lon="-3.057677">
        <ele>181</ele>
      </trkpt>
      <trkpt lat="54.553565" lon="-3.057644">
        <ele>181.5</ele>
      </trkpt>
      <trkpt lat="54.552965" lon="-3.057661">
        <ele>182.75</ele>
      </trkpt>
      <trkpt lat="54.552606" lon="-3.057644">
        <ele>183.25</ele>
      </trkpt>
      <trkpt lat="54.551851" lon="-3.057529">
        <ele>186</ele>
      </trkpt>
      <trkpt lat="54.551052" lon="-3.057556">
        <ele>187.25</ele>
      </trkpt>
      <trkpt lat="54.550748" lon="-3.057611">
        <ele>187.5</ele>
      </trkpt>
      <trkpt lat="54.550595" lon="-3.057658">
        <ele>187.5</ele>
      </trkpt>
      <trkpt lat="54.550434" lon="-3.057721">
        <ele>187.5</ele>
      </trkpt>
      <trkpt lat="54.550376" lon="-3.057737">
        <ele>187.5</ele>
      </trkpt>
      <trkpt lat="54.55014" lon="-3.057862">
        <ele>187.25</ele>
      </trkpt>
      <trkpt lat="54.550048" lon="-3.057884">
        <ele>187.5</ele>
      </trkpt>
      <trkpt lat="54.549035" lon="-3.058347">
        <ele>189.75</ele>
      </trkpt>
      <trkpt lat="54.548211" lon="-3.058629">
        <ele>197</ele>
      </trkpt>
      <trkpt lat="54.547564" lon="-3.05874">
        <ele>198.75</ele>
      </trkpt>
      <trkpt lat="54.547157" lon="-3.058796">
        <ele>199.5</ele>
      </trkpt>
      <trkpt lat="54.54681" lon="-3.05882">
        <ele>200.25</ele>
      </trkpt>
      <trkpt lat="54.546092" lon="-3.058821">
        <ele>206</ele>
      </trkpt>
      <trkpt lat="54.545283" lon="-3.058792">
        <ele>213.5</ele>
      </trkpt>
      <trkpt lat="54.544959" lon="-3.058799">
        <ele>216.5</ele>
      </trkpt>
      <trkpt lat="54.544741" lon="-3.058825">
        <ele>216.75</ele>
      </trkpt>
      <trkpt lat="54.544553" lon="-3.05887">
        <ele>217.5</ele>
      </trkpt>
      <trkpt lat="54.54383" lon="-3.059079">
        <ele>217.5</ele>
      </trkpt>
      <trkpt lat="54.543633" lon="-3.059119">
        <ele>216.5</ele>
      </trkpt>
      <trkpt lat="54.543441" lon="-3.059136">
        <ele>215.5</ele>
      </trkpt>
      <trkpt lat="54.543321" lon="-3.059133">
        <ele>215</ele>
      </trkpt>
      <trkpt lat="54.54323" lon="-3.059122">
        <ele>215</ele>
      </trkpt>
      <trkpt lat="54.543062" lon="-3.059081">
        <ele>215</ele>
      </trkpt>
      <trkpt lat="54.542409" lon="-3.058792">
        <ele>218.5</ele>
      </trkpt>
      <trkpt lat="54.542362" lon="-3.058773">
        <ele>219.5</ele>
      </trkpt>
      <trkpt lat="54.54231" lon="-3.058756">
        <ele>220.5</ele>
      </trkpt>
      <trkpt lat="54.541968" lon="-3.058744">
        <ele>226.75</ele>
      </trkpt>
      <trkpt lat="54.541778" lon="-3.058788">
        <ele>229.25</ele>
      </trkpt>
      <trkpt lat="54.541528" lon="-3.058884">
        <ele>231.25</ele>
      </trkpt>
      <trkpt lat="54.541387" lon="-3.058984">
        <ele>231.25</ele>
      </trkpt>
      <trkpt lat="54.541158" lon="-3.059178">
        <ele>230.5</ele>
      </trkpt>
      <trkpt lat="54.540727" lon="-3.059725">
        <ele>224.5</ele>
      </trkpt>
      <trkpt lat="54.540472" lon="-3.059997">
        <ele>220.5</ele>
      </trkpt>
      <trkpt lat="54.540294" lon="-3.060134">
        <ele>219.75</ele>
      </trkpt>
      <trkpt lat="54.540121" lon="-3.060203">
        <ele>219.75</ele>
      </trkpt>
      <trkpt lat="54.539904" lon="-3.060236">
        <ele>219.25</ele>
      </trkpt>
      <trkpt lat="54.539738" lon="-3.060203">
        <ele>219</ele>
      </trkpt>
      <trkpt lat="54.539506" lon="-3.060037">
        <ele>220.75</ele>
      </trkpt>
      <trkpt lat="54.539286" lon="-3.059859">
        <ele>223.75</ele>
      </trkpt>
      <trkpt lat="54.53909" lon="-3.059774">
        <ele>224.75</ele>
      </trkpt>
      <trkpt lat="54.538669" lon="-3.059702">
        <ele>223</ele>
      </trkpt>
      <trkpt lat="54.537991" lon="-3.059442">
        <ele>221.75</ele>
      </trkpt>
      <trkpt lat="54.537543" lon="-3.059166">
        <ele>221.5</ele>
      </trkpt>
      <trkpt lat="54.536927" lon="-3.05871">
        <ele>219.75</ele>
      </trkpt>
      <trkpt lat="54.536311" lon="-3.058185">
        <ele>216.75</ele>
      </trkpt>
      <trkpt lat="54.535308" lon="-3.057187">
        <ele>212</ele>
      </trkpt>
      <trkpt lat="54.533989" lon="-3.055642">
        <ele>212.25</ele>
      </trkpt>
      <trkpt lat="54.533088" lon="-3.054829">
        <ele>207</ele>
      </trkpt>
      <trkpt lat="54.532208" lon="-3.053968">
        <ele>210.5</ele>
      </trkpt>
      <trkpt lat="54.53088" lon="-3.052717">
        <ele>213.75</ele>
      </trkpt>
      <trkpt lat="54.53073" lon="-3.052617">
        <ele>213</ele>
      </trkpt>
      <trkpt lat="54.530355" lon="-3.052477">
        <ele>208.75</ele>
      </trkpt>
      <trkpt lat="54.529948" lon="-3.052294">
        <ele>205.75</ele>
      </trkpt>
      <trkpt lat="54.529456" lon="-3.05184">
        <ele>208.5</ele>
      </trkpt>
      <trkpt lat="54.528977" lon="-3.051445">
        <ele>209</ele>
      </trkpt>
      <trkpt lat="54.527607" lon="-3.050728">
        <ele>211.5</ele>
      </trkpt>
      <trkpt lat="54.52653" lon="-3.050324">
        <ele>209</ele>
      </trkpt>
      <trkpt lat="54.526169" lon="-3.050092">
        <ele>209.5</ele>
      </trkpt>
      <trkpt lat="54.525005" lon="-3.04929">
        <ele>213.25</ele>
      </trkpt>
      <trkpt lat="54.524701" lon="-3.049128">
        <ele>213.5</ele>
      </trkpt>
      <trkpt lat="54.524439" lon="-3.049038">
        <ele>212</ele>
      </trkpt>
      <trkpt lat="54.524191" lon="-3.049006">
        <ele>209.75</ele>
      </trkpt>
      <trkpt lat="54.523796" lon="-3.048996">
        <ele>205.75</ele>
      </trkpt>
      <trkpt lat="54.523632" lon="-3.049026">
        <ele>204</ele>
      </trkpt>
      <trkpt lat="54.523158" lon="-3.048946">
        <ele>200.5</ele>
      </trkpt>
      <trkpt lat="54.522846" lon="-3.048843">
        <ele>199.25</ele>
      </trkpt>
      <trkpt lat="54.522552" lon="-3.048693">
        <ele>198.75</ele>
      </trkpt>
      <trkpt lat="54.522203" lon="-3.048431">
        <ele>199.5</ele>
      </trkpt>
      <trkpt lat="54.521764" lon="-3.04805">
        <ele>202.25</ele>
      </trkpt>
      <trkpt lat="54.521376" lon="-3.047661">
        <ele>202.5</ele>
      </trkpt>
      <trkpt lat="54.520973" lon="-3.04735">
        <ele>203</ele>
      </trkpt>
      <trkpt lat="54.520494" lon="-3.047034">
        <ele>207</ele>
      </trkpt>
      <trkpt lat="54.520248" lon="-3.046914">
        <ele>208.25</ele>
      </trkpt>
      <trkpt lat="54.519707" lon="-3.046711">
        <ele>208.25</ele>
      </trkpt>
      <trkpt lat="54.517906" lon="-3.045934">
        <ele>207.5</ele>
      </trkpt>
      <trkpt lat="54.517209" lon="-3.045683">
        <ele>206</ele>
      </trkpt>
      <trkpt lat="54.516872" lon="-3.04559">
        <ele>205</ele>
      </trkpt>
      <trkpt lat="54.516635" lon="-3.045554">
        <ele>204</ele>
      </trkpt>
      <trkpt lat="54.516028" lon="-3.045527">
        <ele>202.5</ele>
      </trkpt>
      <trkpt lat="54.515825" lon="-3.04546">
        <ele>203</ele>
      </trkpt>
      <trkpt lat="54.51562" lon="-3.045334">
        <ele>204.75</ele>
      </trkpt>
      <trkpt lat="54.515506" lon="-3.045322">
        <ele>204.75</ele>
      </trkpt>
      <trkpt lat="54.515274" lon="-3.045391">
        <ele>202.75</ele>
      </trkpt>
      <trkpt lat="54.514789" lon="-3.045613">
        <ele>196.5</ele>
      </trkpt>
      <trkpt lat="54.514603" lon="-3.045661">
        <ele>194.5</ele>
      </trkpt>
      <trkpt lat="54.514267" lon="-3.045746">
        <ele>191.5</ele>
      </trkpt>
      <trkpt lat="54.51409" lon="-3.04577">
        <ele>190.25</ele>
      </trkpt>
      <trkpt lat="54.513942" lon="-3.045768">
        <ele>189.75</ele>
      </trkpt>
      <trkpt lat="54.513776" lon="-3.045736">
        <ele>189.5</ele>
      </trkpt>
      <trkpt lat="54.513409" lon="-3.045617">
        <ele>189.25</ele>
      </trkpt>
      <trkpt lat="54.513105" lon="-3.045506">
        <ele>189.25</ele>
      </trkpt>
      <trkpt lat="54.512776" lon="-3.045362">
        <ele>189</ele>
      </trkpt>
      <trkpt lat="54.512653" lon="-3.045299">
        <ele>188.75</ele>
      </trkpt>
      <trkpt lat="54.512293" lon="-3.045051">
        <ele>189</ele>
      </trkpt>
      <trkpt lat="54.512023" lon="-3.044949">
        <ele>189.5</ele>
      </trkpt>
      <trkpt lat="54.511258" lon="-3.044831">
        <ele>187.5</ele>
      </trkpt>
      <trkpt lat="54.510062" lon="-3.044669">
        <ele>192.5</ele>
      </trkpt>
      <trkpt lat="54.508822" lon="-3.044303">
        <ele>201.25</ele>
      </trkpt>
      <trkpt lat="54.507733" lon="-3.044123">
        <ele>205.25</ele>
      </trkpt>
      <trkpt lat="54.507222" lon="-3.043967">
        <ele>206.75</ele>
      </trkpt>
      <trkpt lat="54.507101" lon="-3.043922">
        <ele>207</ele>
      </trkpt>
      <trkpt lat="54.506099" lon="-3.043562">
        <ele>207.5</ele>
      </trkpt>
      <trkpt lat="54.50582" lon="-3.043503">
        <ele>206.75</ele>
      </trkpt>
      <trkpt lat="54.505579" lon="-3.04348">
        <ele>207</ele>
      </trkpt>
      <trkpt lat="54.505421" lon="-3.043482">
        <ele>207.25</ele>
      </trkpt>
      <trkpt lat="54.505324" lon="-3.043493">
        <ele>207.25</ele>
      </trkpt>
      <trkpt lat="54.504811" lon="-3.043498">
        <ele>209</ele>
      </trkpt>
      <trkpt lat="54.504182" lon="-3.043655">
        <ele>214.5</ele>
      </trkpt>
      <trkpt lat="54.503804" lon="-3.043681">
        <ele>216.75</ele>
      </trkpt>
      <trkpt lat="54.503506" lon="-3.043668">
        <ele>218.5</ele>
      </trkpt>
      <trkpt lat="54.503072" lon="-3.04358">
        <ele>220.5</ele>
      </trkpt>
      <trkpt lat="54.502833" lon="-3.043463">
        <ele>220.75</ele>
      </trkpt>
      <trkpt lat="54.502322" lon="-3.043139">
        <ele>222</ele>
      </trkpt>
      <trkpt lat="54.501831" lon="-3.042787">
        <ele>223</ele>
      </trkpt>
      <trkpt lat="54.501376" lon="-3.042434">
        <ele>225.25</ele>
      </trkpt>
      <trkpt lat="54.500938" lon="-3.042177">
        <ele>227.5</ele>
      </trkpt>
      <trkpt lat="54.500748" lon="-3.042111">
        <ele>228.25</ele>
      </trkpt>
      <trkpt lat="54.500268" lon="-3.041989">
        <ele>228.75</ele>
      </trkpt>
      <trkpt lat="54.499534" lon="-3.04165">
        <ele>228.5</ele>
      </trkpt>
      <trkpt lat="54.498953" lon="-3.041468">
        <ele>235</ele>
      </trkpt>
      <trkpt lat="54.498091" lon="-3.041111">
        <ele>242.75</ele>
      </trkpt>
      <trkpt lat="54.49775" lon="-3.04097">
        <ele>244.25</ele>
      </trkpt>
      <trkpt lat="54.496853" lon="-3.040366">
        <ele>244.75</ele>
      </trkpt>
      <trkpt lat="54.496414" lon="-3.040047">
        <ele>241.75</ele>
      </trkpt>
      <trkpt lat="54.496254" lon="-3.03995">
        <ele>241.25</ele>
      </trkpt>
      <trkpt lat="54.495252" lon="-3.039396">
        <ele>239.25</ele>
      </trkpt>
      <trkpt lat="54.493826" lon="-3.038516">
        <ele>231</ele>
      </trkpt>
      <trkpt lat="54.49331" lon="-3.03808">
        <ele>229.5</ele>
      </trkpt>
      <trkpt lat="54.492902" lon="-3.037727">
        <ele>231.75</ele>
      </trkpt>
      <trkpt lat="54.491745" lon="-3.036922">
        <ele>227.75</ele>
      </trkpt>
      <trkpt lat="54.491045" lon="-3.036487">
        <ele>224.5</ele>
      </trkpt>
      <trkpt lat="54.490589" lon="-3.036203">
        <ele>224</ele>
      </trkpt>
      <trkpt lat="54.489516" lon="-3.035362">
        <ele>221</ele>
      </trkpt>
      <trkpt lat="54.488456" lon="-3.034399">
        <ele>217.75</ele>
      </trkpt>
      <trkpt lat="54.487743" lon="-3.03387">
        <ele>215</ele>
      </trkpt>
      <trkpt lat="54.48709" lon="-3.033491">
        <ele>206.75</ele>
      </trkpt>
      <trkpt lat="54.485889" lon="-3.032914">
        <ele>194.75</ele>
      </trkpt>
      <trkpt lat="54.485112" lon="-3.032458">
        <ele>188.25</ele>
      </trkpt>
      <trkpt lat="54.484455" lon="-3.031964">
        <ele>181.5</ele>
      </trkpt>
      <trkpt lat="54.483856" lon="-3.031477">
        <ele>176</ele>
      </trkpt>
      <trkpt lat="54.483379" lon="-3.031192">
        <ele>172.25</ele>
      </trkpt>
      <trkpt lat="54.482986" lon="-3.031036">
        <ele>167.75</ele>
      </trkpt>
      <trkpt lat="54.482765" lon="-3.030948">
        <ele>165</ele>
      </trkpt>
      <trkpt lat="54.482338" lon="-3.030696">
        <ele>161</ele>
      </trkpt>
      <trkpt lat="54.481266" lon="-3.029877">
        <ele>151.75</ele>
      </trkpt>
      <trkpt lat="54.48033" lon="-3.029475">
        <ele>142.75</ele>
      </trkpt>
      <trkpt lat="54.479759" lon="-3.029196">
        <ele>137.5</ele>
      </trkpt>
      <trkpt lat="54.47907" lon="-3.028753">
        <ele>132.5</ele>
      </trkpt>
      <trkpt lat="54.478569" lon="-3.028376">
        <ele>128.25</ele>
      </trkpt>
      <trkpt lat="54.478057" lon="-3.028048">
        <ele>123.5</ele>
      </trkpt>
      <trkpt lat="54.477651" lon="-3.027838">
        <ele>118.75</ele>
      </trkpt>
      <trkpt lat="54.477247" lon="-3.027704">
        <ele>116</ele>
      </trkpt>
      <trkpt lat="54.476857" lon="-3.027625">
        <ele>114.5</ele>
      </trkpt>
      <trkpt lat="54.475093" lon="-3.027258">
        <ele>106.25</ele>
      </trkpt>
      <trkpt lat="54.474869" lon="-3.027203">
        <ele>105.75</ele>
      </trkpt>
      <trkpt lat="54.47465" lon="-3.02712">
        <ele>105.5</ele>
      </trkpt>
      <trkpt lat="54.474467" lon="-3.027029">
        <ele>105.5</ele>
      </trkpt>
      <trkpt lat="54.474347" lon="-3.026957">
        <ele>105.75</ele>
      </trkpt>
      <trkpt lat="54.474265" lon="-3.026902">
        <ele>105.75</ele>
      </trkpt>
      <trkpt lat="54.474107" lon="-3.026783">
        <ele>105.75</ele>
      </trkpt>
      <trkpt lat="54.473948" lon="-3.026645">
        <ele>105.25</ele>
      </trkpt>
      <trkpt lat="54.473799" lon="-3.026495">
        <ele>104.5</ele>
      </trkpt>
      <trkpt lat="54.473563" lon="-3.02621">
        <ele>104</ele>
      </trkpt>
      <trkpt lat="54.473328" lon="-3.025891">
        <ele>103.5</ele>
      </trkpt>
      <trkpt lat="54.473246" lon="-3.025795">
        <ele>103.25</ele>
      </trkpt>
      <trkpt lat="54.473195" lon="-3.025747">
        <ele>103.25</ele>
      </trkpt>
      <trkpt lat="54.473182" lon="-3.025743">
        <ele>103</ele>
      </trkpt>
      <trkpt lat="54.473116" lon="-3.025705">
        <ele>102.75</ele>
      </trkpt>
      <trkpt lat="54.473025" lon="-3.025676">
        <ele>102</ele>
      </trkpt>
      <trkpt lat="54.472935" lon="-3.025672">
        <ele>101.25</ele>
      </trkpt>
      <trkpt lat="54.472155" lon="-3.025764">
        <ele>96</ele>
      </trkpt>
      <trkpt lat="54.47172" lon="-3.025796">
        <ele>94.25</ele>
      </trkpt>
      <trkpt lat="54.47147" lon="-3.025805">
        <ele>92.5</ele>
      </trkpt>
      <trkpt lat="54.471363" lon="-3.02578">
        <ele>91.75</ele>
      </trkpt>
      <trkpt lat="54.47121" lon="-3.025734">
        <ele>90.75</ele>
      </trkpt>
      <trkpt lat="54.470944" lon="-3.025597">
        <ele>89</ele>
      </trkpt>
      <trkpt lat="54.470156" lon="-3.025017">
        <ele>85.5</ele>
      </trkpt>
      <trkpt lat="54.469276" lon="-3.024321">
        <ele>83.25</ele>
      </trkpt>
      <trkpt lat="54.468669" lon="-3.023884">
        <ele>82</ele>
      </trkpt>
      <trkpt lat="54.468179" lon="-3.023525">
        <ele>81.25</ele>
      </trkpt>
      <trkpt lat="54.467772" lon="-3.02316">
        <ele>81</ele>
      </trkpt>
      <trkpt lat="54.467453" lon="-3.022812">
        <ele>81</ele>
      </trkpt>
      <trkpt lat="54.467224" lon="-3.022544">
        <ele>81</ele>
      </trkpt>
      <trkpt lat="54.466786" lon="-3.0221">
        <ele>81.5</ele>
      </trkpt>
      <trkpt lat="54.46639" lon="-3.021641">
        <ele>82.5</ele>
      </trkpt>
      <trkpt lat="54.46635" lon="-3.021594">
        <ele>82.75</ele>
      </trkpt>
      <trkpt lat="54.465253" lon="-3.020344">
        <ele>82.75</ele>
      </trkpt>
      <trkpt lat="54.465231" lon="-3.020392">
        <ele>82.5</ele>
      </trkpt>
      <trkpt lat="54.465155" lon="-3.020558">
        <ele>81.5</ele>
      </trkpt>
      <trkpt lat="54.465029" lon="-3.020828">
        <ele>80</ele>
      </trkpt>
      <trkpt lat="54.464909" lon="-3.021061">
        <ele>79</ele>
      </trkpt>
      <trkpt lat="54.464619" lon="-3.021592">
        <ele>77</ele>
      </trkpt>
      <trkpt lat="54.464422" lon="-3.021914">
        <ele>76</ele>
      </trkpt>
      <trkpt lat="54.46438" lon="-3.021987">
        <ele>75.5</ele>
      </trkpt>
      <trkpt lat="54.46431" lon="-3.022063">
        <ele>75.25</ele>
      </trkpt>
      <trkpt lat="54.463838" lon="-3.022289">
        <ele>74.5</ele>
      </trkpt>
      <trkpt lat="54.463527" lon="-3.022497">
        <ele>74.75</ele>
      </trkpt>
      <trkpt lat="54.463369" lon="-3.022598">
        <ele>75</ele>
      </trkpt>
      <trkpt lat="54.463206" lon="-3.022678">
        <ele>75.5</ele>
      </trkpt>
      <trkpt lat="54.463092" lon="-3.022703">
        <ele>75.75</ele>
      </trkpt>
      <trkpt lat="54.462961" lon="-3.022701">
        <ele>76</ele>
      </trkpt>
      <trkpt lat="54.462854" lon="-3.022674">
        <ele>76.25</ele>
      </trkpt>
      <trkpt lat="54.462782" lon="-3.022638">
        <ele>76.25</ele>
      </trkpt>
      <trkpt lat="54.462574" lon="-3.022532">
        <ele>76.75</ele>
      </trkpt>
      <trkpt lat="54.462448" lon="-3.022485">
        <ele>76.75</ele>
      </trkpt>
      <trkpt lat="54.462375" lon="-3.02247">
        <ele>76.75</ele>
      </trkpt>
      <trkpt lat="54.462339" lon="-3.022464">
        <ele>76.5</ele>
      </trkpt>
      <trkpt lat="54.46215" lon="-3.022485">
        <ele>76.5</ele>
      </trkpt>
      <trkpt lat="54.461933" lon="-3.022536">
        <ele>76.25</ele>
      </trkpt>
      <trkpt lat="54.461732" lon="-3.022579">
        <ele>76</ele>
      </trkpt>
      <trkpt lat="54.461441" lon="-3.022687">
        <ele>75.75</ele>
      </trkpt>
      <trkpt lat="54.461201" lon="-3.022796">
        <ele>75.75</ele>
      </trkpt>
      <trkpt lat="54.461139" lon="-3.022828">
        <ele>75.75</ele>
      </trkpt>
      <trkpt lat="54.461024" lon="-3.022873">
        <ele>75.5</ele>
      </trkpt>
      <trkpt lat="54.460938" lon="-3.022917">
        <ele>75.5</ele>
      </trkpt>
      <trkpt lat="54.460838" lon="-3.02298">
        <ele>75.5</ele>
      </trkpt>
      <trkpt lat="54.46075" lon="-3.023051">
        <ele>75.25</ele>
      </trkpt>
      <trkpt lat="54.460644" lon="-3.023147">
        <ele>74.75</ele>
      </trkpt>
      <trkpt lat="54.460522" lon="-3.023279">
        <ele>74.25</ele>
      </trkpt>
      <trkpt lat="54.460141" lon="-3.023781">
        <ele>73.75</ele>
      </trkpt>
      <trkpt lat="54.460023" lon="-3.023926">
        <ele>73.5</ele>
      </trkpt>
      <trkpt lat="54.459998" lon="-3.023957">
        <ele>73.25</ele>
      </trkpt>
      <trkpt lat="54.459722" lon="-3.024338">
        <ele>73.5</ele>
      </trkpt>
      <trkpt lat="54.459697" lon="-3.024371">
        <ele>73.5</ele>
      </trkpt>
      <trkpt lat="54.459554" lon="-3.024577">
        <ele>73.25</ele>
      </trkpt>
      <trkpt lat="54.459451" lon="-3.024744">
        <ele>73</ele>
      </trkpt>
      <trkpt lat="54.459431" lon="-3.024777">
        <ele>73</ele>
      </trkpt>
      <trkpt lat="54.459332" lon="-3.024941">
        <ele>72.75</ele>
      </trkpt>
      <trkpt lat="54.459273" lon="-3.025023">
        <ele>72.25</ele>
      </trkpt>
      <trkpt lat="54.459243" lon="-3.02504">
        <ele>72.25</ele>
      </trkpt>
      <trkpt lat="54.459211" lon="-3.02504">
        <ele>72</ele>
      </trkpt>
      <trkpt lat="54.459206" lon="-3.025189">
        <ele>71.75</ele>
      </trkpt>
      <trkpt lat="54.459178" lon="-3.025246">
        <ele>71.75</ele>
      </trkpt>
      <trkpt lat="54.458989" lon="-3.025518">
        <ele>71.25</ele>
      </trkpt>
      <trkpt lat="54.458835" lon="-3.025718">
        <ele>71</ele>
      </trkpt>
      <trkpt lat="54.458749" lon="-3.025804">
        <ele>71</ele>
      </trkpt>
      <trkpt lat="54.45861" lon="-3.025926">
        <ele>71</ele>
      </trkpt>
      <trkpt lat="54.458515" lon="-3.025992">
        <ele>71</ele>
      </trkpt>
      <trkpt lat="54.458412" lon="-3.026038">
        <ele>71</ele>
      </trkpt>
      <trkpt lat="54.45833" lon="-3.026031">
        <ele>70.75</ele>
      </trkpt>
      <trkpt lat="54.458154" lon="-3.025986">
        <ele>70.5</ele>
      </trkpt>
      <trkpt lat="54.457617" lon="-3.025815">
        <ele>69.25</ele>
      </trkpt>
      <trkpt lat="54.457591" lon="-3.025809">
        <ele>69</ele>
      </trkpt>
      <trkpt lat="54.457525" lon="-3.026062">
        <ele>69</ele>
      </trkpt>
      <trkpt lat="54.457488" lon="-3.026216">
        <ele>68.75</ele>
      </trkpt>
      <trkpt lat="54.457434" lon="-3.026381">
        <ele>68.75</ele>
      </trkpt>
      <trkpt lat="54.457024" lon="-3.027577">
        <ele>67.75</ele>
      </trkpt>
      <trkpt lat="54.456936" lon="-3.027871">
        <ele>67.5</ele>
      </trkpt>
      <trkpt lat="54.456807" lon="-3.028298">
        <ele>67.25</ele>
      </trkpt>
      <trkpt lat="54.456698" lon="-3.028659">
        <ele>67.75</ele>
      </trkpt>
      <trkpt lat="54.456659" lon="-3.028692">
        <ele>67.75</ele>
      </trkpt>
      <trkpt lat="54.456429" lon="-3.028696">
        <ele>67.25</ele>
      </trkpt>
      <trkpt lat="54.456411" lon="-3.028701">
        <ele>67.25</ele>
      </trkpt>
      <trkpt lat="54.456288" lon="-3.028807">
        <ele>67.25</ele>
      </trkpt>
      <trkpt lat="54.455967" lon="-3.029048">
        <ele>67.75</ele>
      </trkpt>
      <trkpt lat="54.455776" lon="-3.029159">
        <ele>67.75</ele>
      </trkpt>
      <trkpt lat="54.455603" lon="-3.029285">
        <ele>68.25</ele>
      </trkpt>
      <trkpt lat="54.455556" lon="-3.029346">
        <ele>68.5</ele>
      </trkpt>
      <trkpt lat="54.455451" lon="-3.029464">
        <ele>69</ele>
      </trkpt>
      <trkpt lat="54.4552" lon="-3.029852">
        <ele>71</ele>
      </trkpt>
      <trkpt lat="54.455088" lon="-3.030051">
        <ele>72.25</ele>
      </trkpt>
      <trkpt lat="54.454995" lon="-3.030212">
        <ele>74</ele>
      </trkpt>
      <trkpt lat="54.454857" lon="-3.030566">
        <ele>76.5</ele>
      </trkpt>
      <trkpt lat="54.454788" lon="-3.030709">
        <ele>77.75</ele>
      </trkpt>
      <trkpt lat="54.454671" lon="-3.030857">
        <ele>78.5</ele>
      </trkpt>
      <trkpt lat="54.454566" lon="-3.031034">
        <ele>79.75</ele>
      </trkpt>
      <trkpt lat="54.454467" lon="-3.031203">
        <ele>81.25</ele>
      </trkpt>
      <trkpt lat="54.454343" lon="-3.031357">
        <ele>82.25</ele>
      </trkpt>
      <trkpt lat="54.45425" lon="-3.031379">
        <ele>82</ele>
      </trkpt>
      <trkpt lat="54.454204" lon="-3.031377">
        <ele>82</ele>
      </trkpt>
      <trkpt lat="54.454107" lon="-3.031351">
        <ele>81.25</ele>
      </trkpt>
      <trkpt lat="54.453963" lon="-3.031375">
        <ele>80.75</ele>
      </trkpt>
      <trkpt lat="54.453749" lon="-3.031351">
        <ele>79.5</ele>
      </trkpt>
      <trkpt lat="54.453595" lon="-3.031394">
        <ele>79.25</ele>
      </trkpt>
      <trkpt lat="54.453331" lon="-3.031552">
        <ele>79</ele>
      </trkpt>
      <trkpt lat="54.453245" lon="-3.031613">
        <ele>79</ele>
      </trkpt>
      <trkpt lat="54.453119" lon="-3.031638">
        <ele>78.5</ele>
      </trkpt>
      <trkpt lat="54.453018" lon="-3.03152">
        <ele>77</ele>
      </trkpt>
      <trkpt lat="54.452894" lon="-3.031493">
        <ele>76</ele>
      </trkpt>
      <trkpt lat="54.45229" lon="-3.031513">
        <ele>73.75</ele>
      </trkpt>
      <trkpt lat="54.452129" lon="-3.031515">
        <ele>73.5</ele>
      </trkpt>
      <trkpt lat="54.451977" lon="-3.031456">
        <ele>73.25</ele>
      </trkpt>
      <trkpt lat="54.451716" lon="-3.031249">
        <ele>72</ele>
      </trkpt>
      <trkpt lat="54.451152" lon="-3.030655">
        <ele>72.25</ele>
      </trkpt>
      <trkpt lat="54.451102" lon="-3.030605">
        <ele>72.25</ele>
      </trkpt>
      <trkpt lat="54.450866" lon="-3.030537">
        <ele>73.25</ele>
      </trkpt>
      <trkpt lat="54.450587" lon="-3.03053">
        <ele>77.75</ele>
      </trkpt>
      <trkpt lat="54.450464" lon="-3.030456">
        <ele>79</ele>
      </trkpt>
      <trkpt lat="54.450377" lon="-3.030367">
        <ele>79.5</ele>
      </trkpt>
      <trkpt lat="54.450276" lon="-3.030175">
        <ele>79</ele>
      </trkpt>
      <trkpt lat="54.450102" lon="-3.029951">
        <ele>79</ele>
      </trkpt>
      <trkpt lat="54.449952" lon="-3.029824">
        <ele>80</ele>
      </trkpt>
      <trkpt lat="54.449468" lon="-3.029695">
        <ele>87.75</ele>
      </trkpt>
      <trkpt lat="54.449392" lon="-3.029693">
        <ele>89</ele>
      </trkpt>
      <trkpt lat="54.449231" lon="-3.029786">
        <ele>93.25</ele>
      </trkpt>
      <trkpt lat="54.449141" lon="-3.029754">
        <ele>94.5</ele>
      </trkpt>
      <trkpt lat="54.4491" lon="-3.029656">
        <ele>94.25</ele>
      </trkpt>
      <trkpt lat="54.449085" lon="-3.02965">
        <ele>94.5</ele>
      </trkpt>
      <trkpt lat="54.449042" lon="-3.029626">
        <ele>95.25</ele>
      </trkpt>
      <trkpt lat="54.448669" lon="-3.02929">
        <ele>97.75</ele>
      </trkpt>
      <trkpt lat="54.448463" lon="-3.029062">
        <ele>97.75</ele>
      </trkpt>
      <trkpt lat="54.448115" lon="-3.028603">
        <ele>97.25</ele>
      </trkpt>
      <trkpt lat="54.447917" lon="-3.028293">
        <ele>97</ele>
      </trkpt>
      <trkpt lat="54.447746" lon="-3.028125">
        <ele>99.75</ele>
      </trkpt>
      <trkpt lat="54.447716" lon="-3.028069">
        <ele>99.75</ele>
      </trkpt>
      <trkpt lat="54.447689" lon="-3.028007">
        <ele>99.75</ele>
      </trkpt>
      <trkpt lat="54.447673" lon="-3.027908">
        <ele>99</ele>
      </trkpt>
      <trkpt lat="54.447671" lon="-3.027765">
        <ele>97.25</ele>
      </trkpt>
      <trkpt lat="54.447689" lon="-3.027657">
        <ele>95.75</ele>
      </trkpt>
      <trkpt lat="54.44769" lon="-3.027586">
        <ele>94.75</ele>
      </trkpt>
      <trkpt lat="54.447643" lon="-3.027331">
        <ele>92.5</ele>
      </trkpt>
      <trkpt lat="54.447566" lon="-3.027082">
        <ele>90.75</ele>
      </trkpt>
      <trkpt lat="54.447466" lon="-3.026915">
        <ele>90</ele>
      </trkpt>
      <trkpt lat="54.447361" lon="-3.02685">
        <ele>91</ele>
      </trkpt>
      <trkpt lat="54.447192" lon="-3.026809">
        <ele>93.5</ele>
      </trkpt>
      <trkpt lat="54.447158" lon="-3.026783">
        <ele>93.75</ele>
      </trkpt>
      <trkpt lat="54.447097" lon="-3.026737">
        <ele>94.25</ele>
      </trkpt>
      <trkpt lat="54.446972" lon="-3.026671">
        <ele>95.5</ele>
      </trkpt>
      <trkpt lat="54.446716" lon="-3.026382">
        <ele>98.75</ele>
      </trkpt>
      <trkpt lat="54.44638" lon="-3.026054">
        <ele>106.25</ele>
      </trkpt>
      <trkpt lat="54.446284" lon="-3.025891">
        <ele>107.75</ele>
      </trkpt>
      <trkpt lat="54.446227" lon="-3.025737">
        <ele>108.25</ele>
      </trkpt>
      <trkpt lat="54.446187" lon="-3.025565">
        <ele>108</ele>
      </trkpt>
      <trkpt lat="54.446175" lon="-3.025502">
        <ele>107.75</ele>
      </trkpt>
      <trkpt lat="54.446103" lon="-3.024955">
        <ele>104.75</ele>
      </trkpt>
      <trkpt lat="54.44605" lon="-3.024711">
        <ele>103.75</ele>
      </trkpt>
      <trkpt lat="54.445873" lon="-3.024048">
        <ele>102</ele>
      </trkpt>
      <trkpt lat="54.445667" lon="-3.023392">
        <ele>104.75</ele>
      </trkpt>
      <trkpt lat="54.445411" lon="-3.022762">
        <ele>108.5</ele>
      </trkpt>
      <trkpt lat="54.44514" lon="-3.02242">
        <ele>115</ele>
      </trkpt>
      <trkpt lat="54.4451" lon="-3.022221">
        <ele>113.75</ele>
      </trkpt>
      <trkpt lat="54.445037" lon="-3.022062">
        <ele>113.75</ele>
      </trkpt>
      <trkpt lat="54.444993" lon="-3.021997">
        <ele>114.25</ele>
      </trkpt>
      <trkpt lat="54.444573" lon="-3.021652">
        <ele>125</ele>
      </trkpt>
      <trkpt lat="54.444404" lon="-3.021476">
        <ele>128.75</ele>
      </trkpt>
      <trkpt lat="54.444316" lon="-3.021331">
        <ele>130</ele>
      </trkpt>
      <trkpt lat="54.44422" lon="-3.021141">
        <ele>130.75</ele>
      </trkpt>
      <trkpt lat="54.44409" lon="-3.020941">
        <ele>132.5</ele>
      </trkpt>
      <trkpt lat="54.443862" lon="-3.020694">
        <ele>138</ele>
      </trkpt>
      <trkpt lat="54.443776" lon="-3.020572">
        <ele>139.75</ele>
      </trkpt>
      <trkpt lat="54.44373" lon="-3.020539">
        <ele>141.25</ele>
      </trkpt>
      <trkpt lat="54.44362" lon="-3.02054">
        <ele>145.75</ele>
      </trkpt>
      <trkpt lat="54.443547" lon="-3.020476">
        <ele>148</ele>
      </trkpt>
      <trkpt lat="54.443459" lon="-3.020377">
        <ele>150.5</ele>
      </trkpt>
      <trkpt lat="54.443067" lon="-3.019726">
        <ele>156</ele>
      </trkpt>
      <trkpt lat="54.443" lon="-3.019638">
        <ele>157</ele>
      </trkpt>
      <trkpt lat="54.442839" lon="-3.019552">
        <ele>160.25</ele>
      </trkpt>
      <trkpt lat="54.44276" lon="-3.019481">
        <ele>161.75</ele>
      </trkpt>
      <trkpt lat="54.442684" lon="-3.01934">
        <ele>162.5</ele>
      </trkpt>
      <trkpt lat="54.442602" lon="-3.019073">
        <ele>162.25</ele>
      </trkpt>
      <trkpt lat="54.442506" lon="-3.019043">
        <ele>164.5</ele>
      </trkpt>
      <trkpt lat="54.442401" lon="-3.018956">
        <ele>165.5</ele>
      </trkpt>
      <trkpt lat="54.442223" lon="-3.018751">
        <ele>166</ele>
      </trkpt>
      <trkpt lat="54.442101" lon="-3.018689">
        <ele>167.25</ele>
      </trkpt>
      <trkpt lat="54.442015" lon="-3.018672">
        <ele>168.25</ele>
      </trkpt>
      <trkpt lat="54.441636" lon="-3.018538">
        <ele>171.75</ele>
      </trkpt>
      <trkpt lat="54.441299" lon="-3.018621">
        <ele>173.75</ele>
      </trkpt>
      <trkpt lat="54.441096" lon="-3.01863">
        <ele>174.5</ele>
      </trkpt>
      <trkpt lat="54.440874" lon="-3.018659">
        <ele>175.75</ele>
      </trkpt>
      <trkpt lat="54.440725" lon="-3.018733">
        <ele>176</ele>
      </trkpt>
      <trkpt lat="54.440485" lon="-3.018851">
        <ele>176</ele>
      </trkpt>
      <trkpt lat="54.439607" lon="-3.01973">
        <ele>176</ele>
      </trkpt>
      <trkpt lat="54.439368" lon="-3.020103">
        <ele>177</ele>
      </trkpt>
      <trkpt lat="54.439157" lon="-3.020457">
        <ele>178.75</ele>
      </trkpt>
      <trkpt lat="54.439038" lon="-3.020595">
        <ele>178.5</ele>
      </trkpt>
      <trkpt lat="54.438975" lon="-3.020649">
        <ele>178.25</ele>
      </trkpt>
      <trkpt lat="54.438802" lon="-3.02076">
        <ele>177</ele>
      </trkpt>
      <trkpt lat="54.438729" lon="-3.020979">
        <ele>178</ele>
      </trkpt>
      <trkpt lat="54.438717" lon="-3.021109">
        <ele>178.75</ele>
      </trkpt>
      <trkpt lat="54.438692" lon="-3.021257">
        <ele>179.75</ele>
      </trkpt>
      <trkpt lat="54.438728" lon="-3.021546">
        <ele>183</ele>
      </trkpt>
      <trkpt lat="54.43871" lon="-3.021614">
        <ele>183.25</ele>
      </trkpt>
      <trkpt lat="54.438607" lon="-3.021727">
        <ele>182.25</ele>
      </trkpt>
      <trkpt lat="54.438303" lon="-3.02205">
        <ele>177.75</ele>
      </trkpt>
      <trkpt lat="54.438131" lon="-3.022291">
        <ele>174.75</ele>
      </trkpt>
      <trkpt lat="54.438088" lon="-3.022399">
        <ele>174</ele>
      </trkpt>
      <trkpt lat="54.43804" lon="-3.022571">
        <ele>172.75</ele>
      </trkpt>
      <trkpt lat="54.43801" lon="-3.022811">
        <ele>171.75</ele>
      </trkpt>
      <trkpt lat="54.438035" lon="-3.023053">
        <ele>171.75</ele>
      </trkpt>
      <trkpt lat="54.43807" lon="-3.023192">
        <ele>172.5</ele>
      </trkpt>
      <trkpt lat="54.438103" lon="-3.023296">
        <ele>173</ele>
      </trkpt>
      <trkpt lat="54.438184" lon="-3.023471">
        <ele>174</ele>
      </trkpt>
      <trkpt lat="54.438192" lon="-3.023509">
        <ele>174</ele>
      </trkpt>
      <trkpt lat="54.438194" lon="-3.023572">
        <ele>173.5</ele>
      </trkpt>
      <trkpt lat="54.438182" lon="-3.023644">
        <ele>172.75</ele>
      </trkpt>
      <trkpt lat="54.438101" lon="-3.023841">
        <ele>169.25</ele>
      </trkpt>
      <trkpt lat="54.438061" lon="-3.023975">
        <ele>167.25</ele>
      </trkpt>
      <trkpt lat="54.438046" lon="-3.024132">
        <ele>166</ele>
      </trkpt>
      <trkpt lat="54.438054" lon="-3.024216">
        <ele>165.5</ele>
      </trkpt>
      <trkpt lat="54.438069" lon="-3.024296">
        <ele>165.25</ele>
      </trkpt>
      <trkpt lat="54.438091" lon="-3.024369">
        <ele>165.25</ele>
      </trkpt>
      <trkpt lat="54.438225" lon="-3.024818">
        <ele>164.25</ele>
      </trkpt>
      <trkpt lat="54.438293" lon="-3.025025">
        <ele>163.75</ele>
      </trkpt>
      <trkpt lat="54.43837" lon="-3.025175">
        <ele>163.5</ele>
      </trkpt>
      <trkpt lat="54.43839" lon="-3.025214">
        <ele>163.25</ele>
      </trkpt>
      <trkpt lat="54.438497" lon="-3.025291">
        <ele>163.75</ele>
      </trkpt>
      <trkpt lat="54.438633" lon="-3.025335">
        <ele>165.25</ele>
      </trkpt>
      <trkpt lat="54.43868" lon="-3.025365">
        <ele>165.5</ele>
      </trkpt>
      <trkpt lat="54.438709" lon="-3.025423">
        <ele>165.5</ele>
      </trkpt>
      <trkpt lat="54.438728" lon="-3.025499">
        <ele>165.25</ele>
      </trkpt>
      <trkpt lat="54.438714" lon="-3.025593">
        <ele>164.5</ele>
      </trkpt>
      <trkpt lat="54.438679" lon="-3.025659">
        <ele>163.25</ele>
      </trkpt>
      <trkpt lat="54.438627" lon="-3.025724">
        <ele>162</ele>
      </trkpt>
      <trkpt lat="54.438568" lon="-3.02592">
        <ele>159.5</ele>
      </trkpt>
      <trkpt lat="54.438494" lon="-3.026368">
        <ele>154.25</ele>
      </trkpt>
      <trkpt lat="54.438453" lon="-3.02652">
        <ele>152.25</ele>
      </trkpt>
      <trkpt lat="54.438399" lon="-3.026688">
        <ele>149.25</ele>
      </trkpt>
      <trkpt lat="54.438378" lon="-3.026784">
        <ele>147.75</ele>
      </trkpt>
      <trkpt lat="54.43837" lon="-3.026862">
        <ele>146.75</ele>
      </trkpt>
      <trkpt lat="54.438375" lon="-3.026914">
        <ele>146.25</ele>
      </trkpt>
      <trkpt lat="54.438424" lon="-3.027128">
        <ele>145</ele>
      </trkpt>
      <trkpt lat="54.438482" lon="-3.027262">
        <ele>145</ele>
      </trkpt>
      <trkpt lat="54.438546" lon="-3.027449">
        <ele>144.5</ele>
      </trkpt>
      <trkpt lat="54.438566" lon="-3.027547">
        <ele>144</ele>
      </trkpt>
      <trkpt lat="54.438592" lon="-3.027843">
        <ele>141.5</ele>
      </trkpt>
      <trkpt lat="54.438617" lon="-3.027993">
        <ele>140.5</ele>
      </trkpt>
      <trkpt lat="54.438668" lon="-3.02819">
        <ele>139.5</ele>
      </trkpt>
      <trkpt lat="54.438735" lon="-3.028414">
        <ele>139</ele>
      </trkpt>
      <trkpt lat="54.438778" lon="-3.028544">
        <ele>139</ele>
      </trkpt>
      <trkpt lat="54.438788" lon="-3.028709">
        <ele>138</ele>
      </trkpt>
      <trkpt lat="54.438771" lon="-3.028899">
        <ele>136.25</ele>
      </trkpt>
      <trkpt lat="54.438737" lon="-3.029045">
        <ele>134.5</ele>
      </trkpt>
      <trkpt lat="54.438721" lon="-3.029213">
        <ele>133</ele>
      </trkpt>
      <trkpt lat="54.438696" lon="-3.02933">
        <ele>131.5</ele>
      </trkpt>
      <trkpt lat="54.438647" lon="-3.029429">
        <ele>129.75</ele>
      </trkpt>
      <trkpt lat="54.438594" lon="-3.029568">
        <ele>127.5</ele>
      </trkpt>
      <trkpt lat="54.43855" lon="-3.02978">
        <ele>125</ele>
      </trkpt>
      <trkpt lat="54.438495" lon="-3.030206">
        <ele>122</ele>
      </trkpt>
      <trkpt lat="54.438455" lon="-3.030315">
        <ele>120.75</ele>
      </trkpt>
      <trkpt lat="54.438397" lon="-3.030378">
        <ele>119.5</ele>
      </trkpt>
      <trkpt lat="54.438233" lon="-3.030449">
        <ele>116</ele>
      </trkpt>
      <trkpt lat="54.438101" lon="-3.030562">
        <ele>113.25</ele>
      </trkpt>
      <trkpt lat="54.438036" lon="-3.030673">
        <ele>111.75</ele>
      </trkpt>
      <trkpt lat="54.43801" lon="-3.030745">
        <ele>111.25</ele>
      </trkpt>
      <trkpt lat="54.437993" lon="-3.030849">
        <ele>110.75</ele>
      </trkpt>
      <trkpt lat="54.437979" lon="-3.031149">
        <ele>110.25</ele>
      </trkpt>
      <trkpt lat="54.437959" lon="-3.031462">
        <ele>109.75</ele>
      </trkpt>
      <trkpt lat="54.437936" lon="-3.032361">
        <ele>105</ele>
      </trkpt>
      <trkpt lat="54.437935" lon="-3.03244">
        <ele>104.5</ele>
      </trkpt>
      <trkpt lat="54.43793" lon="-3.032587">
        <ele>103.75</ele>
      </trkpt>
      <trkpt lat="54.438166" lon="-3.033124">
        <ele>106.5</ele>
      </trkpt>
      <trkpt lat="54.438127" lon="-3.033135">
        <ele>105.5</ele>
      </trkpt>
      <trkpt lat="54.438008" lon="-3.03305">
        <ele>103</ele>
      </trkpt>
      <trkpt lat="54.437937" lon="-3.033036">
        <ele>101.5</ele>
      </trkpt>
      <trkpt lat="54.437852" lon="-3.03304">
        <ele>99.5</ele>
      </trkpt>
      <trkpt lat="54.437659" lon="-3.033084">
        <ele>94.5</ele>
      </trkpt>
      <trkpt lat="54.437563" lon="-3.033159">
        <ele>91.75</ele>
      </trkpt>
      <trkpt lat="54.437529" lon="-3.033231">
        <ele>90.25</ele>
      </trkpt>
      <trkpt lat="54.437524" lon="-3.033336">
        <ele>89.5</ele>
      </trkpt>
      <trkpt lat="54.437523" lon="-3.033437">
        <ele>89.25</ele>
      </trkpt>
      <trkpt lat="54.437538" lon="-3.033538">
        <ele>89.5</ele>
      </trkpt>
      <trkpt lat="54.437524" lon="-3.033692">
        <ele>89</ele>
      </trkpt>
      <trkpt lat="54.437488" lon="-3.033962">
        <ele>88</ele>
      </trkpt>
      <trkpt lat="54.437481" lon="-3.034289">
        <ele>87.5</ele>
      </trkpt>
      <trkpt lat="54.437406" lon="-3.034796">
        <ele>86.25</ele>
      </trkpt>
      <trkpt lat="54.437364" lon="-3.035258">
        <ele>84.75</ele>
      </trkpt>
      <trkpt lat="54.437308" lon="-3.035533">
        <ele>83.25</ele>
      </trkpt>
      <trkpt lat="54.437265" lon="-3.035682">
        <ele>82.5</ele>
      </trkpt>
      <trkpt lat="54.437211" lon="-3.035769">
        <ele>81.5</ele>
      </trkpt>
      <trkpt lat="54.437141" lon="-3.035856">
        <ele>80.25</ele>
      </trkpt>
      <trkpt lat="54.437112" lon="-3.03588">
        <ele>79.75</ele>
      </trkpt>
      <trkpt lat="54.437009" lon="-3.035913">
        <ele>78.25</ele>
      </trkpt>
      <trkpt lat="54.43696" lon="-3.035913">
        <ele>77.5</ele>
      </trkpt>
      <trkpt lat="54.436885" lon="-3.035873">
        <ele>76.25</ele>
      </trkpt>
      <trkpt lat="54.436793" lon="-3.035782">
        <ele>74.75</ele>
      </trkpt>
      <trkpt lat="54.436628" lon="-3.035583">
        <ele>72.5</ele>
      </trkpt>
      <trkpt lat="54.43654" lon="-3.035515">
        <ele>72.25</ele>
      </trkpt>
      <trkpt lat="54.436437" lon="-3.035517">
        <ele>72.25</ele>
      </trkpt>
      <trkpt lat="54.436302" lon="-3.035588">
        <ele>72.25</ele>
      </trkpt>
      <trkpt lat="54.436044" lon="-3.03571">
        <ele>72</ele>
      </trkpt>
      <trkpt lat="54.436015" lon="-3.035764">
        <ele>72</ele>
      </trkpt>
      <trkpt lat="54.435927" lon="-3.035851">
        <ele>72</ele>
      </trkpt>
      <trkpt lat="54.435539" lon="-3.035989">
        <ele>71.5</ele>
      </trkpt>
      <trkpt lat="54.435457" lon="-3.03605">
        <ele>71.25</ele>
      </trkpt>
      <trkpt lat="54.435377" lon="-3.036125">
        <ele>71.25</ele>
      </trkpt>
      <trkpt lat="54.435169" lon="-3.036406">
        <ele>71.5</ele>
      </trkpt>
      <trkpt lat="54.435137" lon="-3.036456">
        <ele>71.5</ele>
      </trkpt>
      <trkpt lat="54.435036" lon="-3.036626">
        <ele>71.75</ele>
      </trkpt>
      <trkpt lat="54.434933" lon="-3.036776">
        <ele>72</ele>
      </trkpt>
      <trkpt lat="54.434799" lon="-3.037007">
        <ele>71.75</ele>
      </trkpt>
      <trkpt lat="54.434557" lon="-3.037303">
        <ele>70.75</ele>
      </trkpt>
      <trkpt lat="54.434443" lon="-3.037424">
        <ele>70</ele>
      </trkpt>
      <trkpt lat="54.434365" lon="-3.037501">
        <ele>69.5</ele>
      </trkpt>
      <trkpt lat="54.434316" lon="-3.037519">
        <ele>69.25</ele>
      </trkpt>
      <trkpt lat="54.434282" lon="-3.03751">
        <ele>68.75</ele>
      </trkpt>
      <trkpt lat="54.434252" lon="-3.037496">
        <ele>68.5</ele>
      </trkpt>
      <trkpt lat="54.434232" lon="-3.037573">
        <ele>68.5</ele>
      </trkpt>
      <trkpt lat="54.434207" lon="-3.037614">
        <ele>68.25</ele>
      </trkpt>
      <trkpt lat="54.434174" lon="-3.037645">
        <ele>68</ele>
      </trkpt>
      <trkpt lat="54.434129" lon="-3.037678">
        <ele>67.75</ele>
      </trkpt>
      <trkpt lat="54.434075" lon="-3.037731">
        <ele>68</ele>
      </trkpt>
      <trkpt lat="54.433997" lon="-3.037848">
        <ele>68</ele>
      </trkpt>
      <trkpt lat="54.433917" lon="-3.037948">
        <ele>68.25</ele>
      </trkpt>
      <trkpt lat="54.433876" lon="-3.038007">
        <ele>68.5</ele>
      </trkpt>
      <trkpt lat="54.433793" lon="-3.038125">
        <ele>68.75</ele>
      </trkpt>
      <trkpt lat="54.433705" lon="-3.038263">
        <ele>69.25</ele>
      </trkpt>
      <trkpt lat="54.43366" lon="-3.038302">
        <ele>69.5</ele>
      </trkpt>
      <trkpt lat="54.433543" lon="-3.03833">
        <ele>70</ele>
      </trkpt>
      <trkpt lat="54.433481" lon="-3.038329">
        <ele>70.25</ele>
      </trkpt>
      <trkpt lat="54.433392" lon="-3.038307">
        <ele>70.5</ele>
      </trkpt>
      <trkpt lat="54.432942" lon="-3.038129">
        <ele>72</ele>
      </trkpt>
      <trkpt lat="54.432903" lon="-3.038111">
        <ele>72</ele>
      </trkpt>
      <trkpt lat="54.432869" lon="-3.038109">
        <ele>72.25</ele>
      </trkpt>
      <trkpt lat="54.432763" lon="-3.038141">
        <ele>73</ele>
      </trkpt>
      <trkpt lat="54.432567" lon="-3.038235">
        <ele>74.75</ele>
      </trkpt>
      <trkpt lat="54.432422" lon="-3.038278">
        <ele>75.5</ele>
      </trkpt>
      <trkpt lat="54.432346" lon="-3.038283">
        <ele>75.75</ele>
      </trkpt>
      <trkpt lat="54.432269" lon="-3.03827">
        <ele>75.75</ele>
      </trkpt>
      <trkpt lat="54.432113" lon="-3.038219">
        <ele>75.5</ele>
      </trkpt>
      <trkpt lat="54.431992" lon="-3.03821">
        <ele>75.5</ele>
      </trkpt>
      <trkpt lat="54.431819" lon="-3.038234">
        <ele>76</ele>
      </trkpt>
      <trkpt lat="54.431575" lon="-3.038251">
        <ele>76</ele>
      </trkpt>
      <trkpt lat="54.43122" lon="-3.038277">
        <ele>74.75</ele>
      </trkpt>
      <trkpt lat="54.431124" lon="-3.03832">
        <ele>74.75</ele>
      </trkpt>
      <trkpt lat="54.431093" lon="-3.038317">
        <ele>74.75</ele>
      </trkpt>
      <trkpt lat="54.430849" lon="-3.038291">
        <ele>73.75</ele>
      </trkpt>
      <trkpt lat="54.430687" lon="-3.038281">
        <ele>72.75</ele>
      </trkpt>
      <trkpt lat="54.430472" lon="-3.038254">
        <ele>71.5</ele>
      </trkpt>
      <trkpt lat="54.430162" lon="-3.038124">
        <ele>69.25</ele>
      </trkpt>
      <trkpt lat="54.430013" lon="-3.038074">
        <ele>68</ele>
      </trkpt>
      <trkpt lat="54.429887" lon="-3.038076">
        <ele>68</ele>
      </trkpt>
      <trkpt lat="54.429772" lon="-3.038114">
        <ele>68.25</ele>
      </trkpt>
      <trkpt lat="54.429629" lon="-3.038171">
        <ele>68.75</ele>
      </trkpt>
      <trkpt lat="54.429475" lon="-3.038253">
        <ele>69.25</ele>
      </trkpt>
      <trkpt lat="54.42929" lon="-3.038317">
        <ele>69.75</ele>
      </trkpt>
      <trkpt lat="54.428884" lon="-3.038363">
        <ele>69.75</ele>
      </trkpt>
      <trkpt lat="54.428549" lon="-3.03844">
        <ele>70</ele>
      </trkpt>
      <trkpt lat="54.428482" lon="-3.038468">
        <ele>70.25</ele>
      </trkpt>
      <trkpt lat="54.428422" lon="-3.038502">
        <ele>70.5</ele>
      </trkpt>
      <trkpt lat="54.428336" lon="-3.038586">
        <ele>71.5</ele>
      </trkpt>
      <trkpt lat="54.428253" lon="-3.038684">
        <ele>73.5</ele>
      </trkpt>
      <trkpt lat="54.428163" lon="-3.038835">
        <ele>76.25</ele>
      </trkpt>
      <trkpt lat="54.428092" lon="-3.038906">
        <ele>77.5</ele>
      </trkpt>
      <trkpt lat="54.42802" lon="-3.038942">
        <ele>78.5</ele>
      </trkpt>
      <trkpt lat="54.427952" lon="-3.038941">
        <ele>78.75</ele>
      </trkpt>
      <trkpt lat="54.427801" lon="-3.038866">
        <ele>78.75</ele>
      </trkpt>
      <trkpt lat="54.427763" lon="-3.038866">
        <ele>79</ele>
      </trkpt>
      <trkpt lat="54.427731" lon="-3.038881">
        <ele>79.5</ele>
      </trkpt>
      <trkpt lat="54.427702" lon="-3.038912">
        <ele>80</ele>
      </trkpt>
      <trkpt lat="54.427556" lon="-3.039153">
        <ele>83.5</ele>
      </trkpt>
      <trkpt lat="54.427498" lon="-3.039207">
        <ele>84.25</ele>
      </trkpt>
      <trkpt lat="54.427447" lon="-3.039239">
        <ele>85.5</ele>
      </trkpt>
      <trkpt lat="54.427353" lon="-3.039298">
        <ele>87.75</ele>
      </trkpt>
      <trkpt lat="54.427262" lon="-3.039315">
        <ele>89.5</ele>
      </trkpt>
      <trkpt lat="54.427205" lon="-3.039316">
        <ele>90.5</ele>
      </trkpt>
      <trkpt lat="54.427151" lon="-3.039275">
        <ele>91</ele>
      </trkpt>
      <trkpt lat="54.427102" lon="-3.039202">
        <ele>91</ele>
      </trkpt>
      <trkpt lat="54.426638" lon="-3.038218">
        <ele>86.75</ele>
      </trkpt>
      <trkpt lat="54.426572" lon="-3.038083">
        <ele>87</ele>
      </trkpt>
      <trkpt lat="54.426483" lon="-3.037928">
        <ele>87.75</ele>
      </trkpt>
      <trkpt lat="54.426343" lon="-3.037727">
        <ele>89</ele>
      </trkpt>
      <trkpt lat="54.426015" lon="-3.037387">
        <ele>91.5</ele>
      </trkpt>
      <trkpt lat="54.425891" lon="-3.037275">
        <ele>92.25</ele>
      </trkpt>
      <trkpt lat="54.425759" lon="-3.037114">
        <ele>92.25</ele>
      </trkpt>
      <trkpt lat="54.425567" lon="-3.0368">
        <ele>91</ele>
      </trkpt>
      <trkpt lat="54.425474" lon="-3.036739">
        <ele>92</ele>
      </trkpt>
      <trkpt lat="54.425387" lon="-3.036697">
        <ele>93</ele>
      </trkpt>
      <trkpt lat="54.425236" lon="-3.036617">
        <ele>95.25</ele>
      </trkpt>
      <trkpt lat="54.425108" lon="-3.036502">
        <ele>97.25</ele>
      </trkpt>
      <trkpt lat="54.42498" lon="-3.036305">
        <ele>98.25</ele>
      </trkpt>
      <trkpt lat="54.424861" lon="-3.035963">
        <ele>97.75</ele>
      </trkpt>
      <trkpt lat="54.424777" lon="-3.035767">
        <ele>97.25</ele>
      </trkpt>
      <trkpt lat="54.424657" lon="-3.035566">
        <ele>97</ele>
      </trkpt>
      <trkpt lat="54.423871" lon="-3.034426">
        <ele>96.25</ele>
      </trkpt>
      <trkpt lat="54.423685" lon="-3.034203">
        <ele>96</ele>
      </trkpt>
      <trkpt lat="54.423515" lon="-3.034037">
        <ele>95.5</ele>
      </trkpt>
      <trkpt lat="54.42337" lon="-3.03397">
        <ele>95.5</ele>
      </trkpt>
      <trkpt lat="54.423139" lon="-3.033919">
        <ele>95.25</ele>
      </trkpt>
      <trkpt lat="54.422462" lon="-3.033624">
        <ele>91.5</ele>
      </trkpt>
      <trkpt lat="54.422097" lon="-3.033404">
        <ele>87.25</ele>
      </trkpt>
      <trkpt lat="54.421899" lon="-3.033338">
        <ele>85.75</ele>
      </trkpt>
      <trkpt lat="54.421703" lon="-3.033299">
        <ele>84.5</ele>
      </trkpt>
      <trkpt lat="54.421593" lon="-3.033291">
        <ele>83.75</ele>
      </trkpt>
      <trkpt lat="54.421485" lon="-3.033312">
        <ele>83</ele>
      </trkpt>
      <trkpt lat="54.421357" lon="-3.033377">
        <ele>82.75</ele>
      </trkpt>
      <trkpt lat="54.421227" lon="-3.033402">
        <ele>82</ele>
      </trkpt>
      <trkpt lat="54.420947" lon="-3.033396">
        <ele>79.5</ele>
      </trkpt>
      <trkpt lat="54.42062" lon="-3.033526">
        <ele>78.25</ele>
      </trkpt>
      <trkpt lat="54.420123" lon="-3.033686">
        <ele>75.5</ele>
      </trkpt>
      <trkpt lat="54.419471" lon="-3.034023">
        <ele>72.75</ele>
      </trkpt>
      <trkpt lat="54.419338" lon="-3.034108">
        <ele>72</ele>
      </trkpt>
      <trkpt lat="54.419219" lon="-3.034158">
        <ele>71.25</ele>
      </trkpt>
      <trkpt lat="54.419078" lon="-3.034194">
        <ele>71.75</ele>
      </trkpt>
      <trkpt lat="54.419004" lon="-3.034193">
        <ele>72.25</ele>
      </trkpt>
      <trkpt lat="54.418996" lon="-3.034245">
        <ele>72.75</ele>
      </trkpt>
      <trkpt lat="54.418992" lon="-3.034321">
        <ele>73.25</ele>
      </trkpt>
      <trkpt lat="54.419008" lon="-3.034424">
        <ele>74</ele>
      </trkpt>
      <trkpt lat="54.419096" lon="-3.034725">
        <ele>75.5</ele>
      </trkpt>
      <trkpt lat="54.419161" lon="-3.034899">
        <ele>76.25</ele>
      </trkpt>
      <trkpt lat="54.419234" lon="-3.035058">
        <ele>78.25</ele>
      </trkpt>
      <trkpt lat="54.419345" lon="-3.03526">
        <ele>81</ele>
      </trkpt>
      <trkpt lat="54.419532" lon="-3.03551">
        <ele>85</ele>
      </trkpt>
      <trkpt lat="54.419609" lon="-3.035626">
        <ele>86.75</ele>
      </trkpt>
      <trkpt lat="54.419686" lon="-3.03579">
        <ele>88.5</ele>
      </trkpt>
      <trkpt lat="54.419733" lon="-3.035907">
        <ele>89.75</ele>
      </trkpt>
      <trkpt lat="54.419771" lon="-3.036033">
        <ele>91</ele>
      </trkpt>
      <trkpt lat="54.419805" lon="-3.036225">
        <ele>92.5</ele>
      </trkpt>
      <trkpt lat="54.419866" lon="-3.036692">
        <ele>96</ele>
      </trkpt>
      <trkpt lat="54.419948" lon="-3.037082">
        <ele>98.75</ele>
      </trkpt>
      <trkpt lat="54.419966" lon="-3.037212">
        <ele>99.75</ele>
      </trkpt>
      <trkpt lat="54.419957" lon="-3.037323">
        <ele>100.25</ele>
      </trkpt>
      <trkpt lat="54.419913" lon="-3.037526">
        <ele>101</ele>
      </trkpt>
      <trkpt lat="54.419646" lon="-3.038403">
        <ele>100.75</ele>
      </trkpt>
      <trkpt lat="54.419563" lon="-3.038708">
        <ele>101.5</ele>
      </trkpt>
      <trkpt lat="54.419496" lon="-3.038891">
        <ele>101.5</ele>
      </trkpt>
      <trkpt lat="54.41936" lon="-3.039107">
        <ele>100.75</ele>
      </trkpt>
      <trkpt lat="54.419198" lon="-3.039332">
        <ele>99.5</ele>
      </trkpt>
      <trkpt lat="54.419079" lon="-3.039513">
        <ele>99.75</ele>
      </trkpt>
      <trkpt lat="54.418953" lon="-3.039795">
        <ele>100.5</ele>
      </trkpt>
      <trkpt lat="54.418909" lon="-3.039938">
        <ele>100.75</ele>
      </trkpt>
      <trkpt lat="54.418897" lon="-3.04006">
        <ele>101.25</ele>
      </trkpt>
      <trkpt lat="54.418895" lon="-3.0402">
        <ele>101.75</ele>
      </trkpt>
      <trkpt lat="54.418954" lon="-3.04103">
        <ele>105</ele>
      </trkpt>
      <trkpt lat="54.418946" lon="-3.041232">
        <ele>105.75</ele>
      </trkpt>
      <trkpt lat="54.418921" lon="-3.041402">
        <ele>106.25</ele>
      </trkpt>
      <trkpt lat="54.418889" lon="-3.041551">
        <ele>106.5</ele>
      </trkpt>
      <trkpt lat="54.418867" lon="-3.041765">
        <ele>107</ele>
      </trkpt>
      <trkpt lat="54.418864" lon="-3.041899">
        <ele>107.25</ele>
      </trkpt>
      <trkpt lat="54.418876" lon="-3.042012">
        <ele>107.5</ele>
      </trkpt>
      <trkpt lat="54.418948" lon="-3.042369">
        <ele>108.75</ele>
      </trkpt>
      <trkpt lat="54.418937" lon="-3.042525">
        <ele>109</ele>
      </trkpt>
      <trkpt lat="54.418909" lon="-3.042739">
        <ele>109.25</ele>
      </trkpt>
      <trkpt lat="54.418825" lon="-3.04316">
        <ele>109.25</ele>
      </trkpt>
      <trkpt lat="54.418793" lon="-3.043441">
        <ele>109.5</ele>
      </trkpt>
      <trkpt lat="54.418767" lon="-3.044039">
        <ele>110</ele>
      </trkpt>
      <trkpt lat="54.418732" lon="-3.044363">
        <ele>110</ele>
      </trkpt>
      <trkpt lat="54.41866" lon="-3.044763">
        <ele>109.25</ele>
      </trkpt>
      <trkpt lat="54.418656" lon="-3.04494">
        <ele>109.5</ele>
      </trkpt>
      <trkpt lat="54.418655" lon="-3.045114">
        <ele>109.25</ele>
      </trkpt>
      <trkpt lat="54.418705" lon="-3.04575">
        <ele>109.25</ele>
      </trkpt>
      <trkpt lat="54.418716" lon="-3.04621">
        <ele>109.5</ele>
      </trkpt>
      <trkpt lat="54.418738" lon="-3.046487">
        <ele>109.75</ele>
      </trkpt>
      <trkpt lat="54.418813" lon="-3.046956">
        <ele>111.25</ele>
      </trkpt>
      <trkpt lat="54.418983" lon="-3.047914">
        <ele>115.5</ele>
      </trkpt>
      <trkpt lat="54.419073" lon="-3.048361">
        <ele>117.25</ele>
      </trkpt>
      <trkpt lat="54.41913" lon="-3.048678">
        <ele>116.25</ele>
      </trkpt>
      <trkpt lat="54.41917" lon="-3.048795">
        <ele>116.25</ele>
      </trkpt>
      <trkpt lat="54.419183" lon="-3.048824">
        <ele>116.25</ele>
      </trkpt>
      <trkpt lat="54.419219" lon="-3.048903">
        <ele>116.25</ele>
      </trkpt>
      <trkpt lat="54.41937" lon="-3.049157">
        <ele>117.5</ele>
      </trkpt>
      <trkpt lat="54.419528" lon="-3.049362">
        <ele>119.5</ele>
      </trkpt>
      <trkpt lat="54.419584" lon="-3.049446">
        <ele>120.25</ele>
      </trkpt>
      <trkpt lat="54.419633" lon="-3.049537">
        <ele>120.75</ele>
      </trkpt>
      <trkpt lat="54.41972" lon="-3.049743">
        <ele>121.5</ele>
      </trkpt>
      <trkpt lat="54.419932" lon="-3.050203">
        <ele>123</ele>
      </trkpt>
      <trkpt lat="54.420078" lon="-3.050469">
        <ele>122.75</ele>
      </trkpt>
      <trkpt lat="54.420184" lon="-3.050639">
        <ele>122.5</ele>
      </trkpt>
      <trkpt lat="54.420449" lon="-3.051103">
        <ele>120.5</ele>
      </trkpt>
      <trkpt lat="54.420626" lon="-3.051392">
        <ele>119.25</ele>
      </trkpt>
      <trkpt lat="54.420767" lon="-3.051621">
        <ele>117.75</ele>
      </trkpt>
      <trkpt lat="54.420984" lon="-3.051817">
        <ele>119.25</ele>
      </trkpt>
      <trkpt lat="54.421038" lon="-3.051879">
        <ele>119.5</ele>
      </trkpt>
      <trkpt lat="54.421079" lon="-3.051948">
        <ele>119.75</ele>
      </trkpt>
      <trkpt lat="54.421162" lon="-3.052122">
        <ele>120.25</ele>
      </trkpt>
      <trkpt lat="54.421192" lon="-3.052213">
        <ele>120.25</ele>
      </trkpt>
      <trkpt lat="54.421212" lon="-3.052301">
        <ele>120.25</ele>
      </trkpt>
      <trkpt lat="54.421228" lon="-3.052481">
        <ele>119.75</ele>
      </trkpt>
      <trkpt lat="54.421235" lon="-3.052677">
        <ele>119.25</ele>
      </trkpt>
      <trkpt lat="54.421232" lon="-3.052975">
        <ele>118.25</ele>
      </trkpt>
      <trkpt lat="54.421247" lon="-3.053317">
        <ele>117.5</ele>
      </trkpt>
      <trkpt lat="54.421275" lon="-3.053514">
        <ele>118</ele>
      </trkpt>
      <trkpt lat="54.421288" lon="-3.053801">
        <ele>119</ele>
      </trkpt>
      <trkpt lat="54.421291" lon="-3.054007">
        <ele>119.5</ele>
      </trkpt>
      <trkpt lat="54.421339" lon="-3.054291">
        <ele>120.5</ele>
      </trkpt>
      <trkpt lat="54.421349" lon="-3.054419">
        <ele>121</ele>
      </trkpt>
      <trkpt lat="54.421342" lon="-3.054546">
        <ele>121</ele>
      </trkpt>
      <trkpt lat="54.421282" lon="-3.054918">
        <ele>121</ele>
      </trkpt>
      <trkpt lat="54.42127" lon="-3.055042">
        <ele>121.5</ele>
      </trkpt>
      <trkpt lat="54.421266" lon="-3.055252">
        <ele>122.75</ele>
      </trkpt>
      <trkpt lat="54.421256" lon="-3.055776">
        <ele>126</ele>
      </trkpt>
      <trkpt lat="54.421257" lon="-3.055912">
        <ele>127</ele>
      </trkpt>
      <trkpt lat="54.421267" lon="-3.05604">
        <ele>127.75</ele>
      </trkpt>
      <trkpt lat="54.421291" lon="-3.056157">
        <ele>128.5</ele>
      </trkpt>
      <trkpt lat="54.421318" lon="-3.05623">
        <ele>129.25</ele>
      </trkpt>
      <trkpt lat="54.421368" lon="-3.056297">
        <ele>129.75</ele>
      </trkpt>
      <trkpt lat="54.421542" lon="-3.05644">
        <ele>131.5</ele>
      </trkpt>
      <trkpt lat="54.421635" lon="-3.056537">
        <ele>132.25</ele>
      </trkpt>
      <trkpt lat="54.42167" lon="-3.056628">
        <ele>132.75</ele>
      </trkpt>
      <trkpt lat="54.421708" lon="-3.056767">
        <ele>133.25</ele>
      </trkpt>
      <trkpt lat="54.421744" lon="-3.056941">
        <ele>134.25</ele>
      </trkpt>
      <trkpt lat="54.421766" lon="-3.057095">
        <ele>135</ele>
      </trkpt>
      <trkpt lat="54.421783" lon="-3.057372">
        <ele>136.25</ele>
      </trkpt>
      <trkpt lat="54.421797" lon="-3.057484">
        <ele>136.75</ele>
      </trkpt>
      <trkpt lat="54.421871" lon="-3.057889">
        <ele>138.5</ele>
      </trkpt>
      <trkpt lat="54.42193" lon="-3.058277">
        <ele>140</ele>
      </trkpt>
      <trkpt lat="54.421941" lon="-3.058512">
        <ele>139.75</ele>
      </trkpt>
      <trkpt lat="54.422008" lon="-3.058896">
        <ele>139</ele>
      </trkpt>
      <trkpt lat="54.422026" lon="-3.059047">
        <ele>138.75</ele>
      </trkpt>
      <trkpt lat="54.422037" lon="-3.059219">
        <ele>138.5</ele>
      </trkpt>
      <trkpt lat="54.42205" lon="-3.059471">
        <ele>138</ele>
      </trkpt>
      <trkpt lat="54.422109" lon="-3.059908">
        <ele>137.75</ele>
      </trkpt>
      <trkpt lat="54.422098" lon="-3.060219">
        <ele>136</ele>
      </trkpt>
      <trkpt lat="54.422103" lon="-3.060716">
        <ele>132.5</ele>
      </trkpt>
      <trkpt lat="54.422118" lon="-3.060827">
        <ele>131.75</ele>
      </trkpt>
      <trkpt lat="54.422156" lon="-3.060955">
        <ele>131.25</ele>
      </trkpt>
      <trkpt lat="54.422288" lon="-3.061219">
        <ele>131.25</ele>
      </trkpt>
      <trkpt lat="54.422304" lon="-3.061293">
        <ele>130.75</ele>
      </trkpt>
      <trkpt lat="54.422301" lon="-3.061386">
        <ele>130.25</ele>
      </trkpt>
      <trkpt lat="54.422247" lon="-3.061667">
        <ele>127.75</ele>
      </trkpt>
      <trkpt lat="54.422213" lon="-3.061779">
        <ele>127</ele>
      </trkpt>
      <trkpt lat="54.422174" lon="-3.061865">
        <ele>126.25</ele>
      </trkpt>
      <trkpt lat="54.422104" lon="-3.06195">
        <ele>125</ele>
      </trkpt>
      <trkpt lat="54.421995" lon="-3.062117">
        <ele>123</ele>
      </trkpt>
      <trkpt lat="54.421898" lon="-3.062332">
        <ele>121</ele>
      </trkpt>
      <trkpt lat="54.421854" lon="-3.062502">
        <ele>119.5</ele>
      </trkpt>
      <trkpt lat="54.421847" lon="-3.06269">
        <ele>119</ele>
      </trkpt>
      <trkpt lat="54.421856" lon="-3.062796">
        <ele>118.75</ele>
      </trkpt>
      <trkpt lat="54.421908" lon="-3.063116">
        <ele>118.5</ele>
      </trkpt>
      <trkpt lat="54.421918" lon="-3.063275">
        <ele>118.25</ele>
      </trkpt>
      <trkpt lat="54.421917" lon="-3.063564">
        <ele>118</ele>
      </trkpt>
      <trkpt lat="54.421925" lon="-3.063668">
        <ele>118</ele>
      </trkpt>
      <trkpt lat="54.421974" lon="-3.063924">
        <ele>118.5</ele>
      </trkpt>
      <trkpt lat="54.421996" lon="-3.064008">
        <ele>119</ele>
      </trkpt>
      <trkpt lat="54.422009" lon="-3.06409">
        <ele>119</ele>
      </trkpt>
      <trkpt lat="54.422006" lon="-3.064199">
        <ele>119</ele>
      </trkpt>
      <trkpt lat="54.421995" lon="-3.064284">
        <ele>118.75</ele>
      </trkpt>
      <trkpt lat="54.421871" lon="-3.064881">
        <ele>116.5</ele>
      </trkpt>
      <trkpt lat="54.421754" lon="-3.065725">
        <ele>115.75</ele>
      </trkpt>
      <trkpt lat="54.421727" lon="-3.066059">
        <ele>115.25</ele>
      </trkpt>
      <trkpt lat="54.421714" lon="-3.066372">
        <ele>115.25</ele>
      </trkpt>
      <trkpt lat="54.421722" lon="-3.066481">
        <ele>115.5</ele>
      </trkpt>
      <trkpt lat="54.421761" lon="-3.066664">
        <ele>116.5</ele>
      </trkpt>
      <trkpt lat="54.421776" lon="-3.066798">
        <ele>118</ele>
      </trkpt>
      <trkpt lat="54.421775" lon="-3.06691">
        <ele>118.75</ele>
      </trkpt>
      <trkpt lat="54.421767" lon="-3.066985">
        <ele>119.25</ele>
      </trkpt>
      <trkpt lat="54.42175" lon="-3.067063">
        <ele>119.25</ele>
      </trkpt>
      <trkpt lat="54.421693" lon="-3.067193">
        <ele>118.5</ele>
      </trkpt>
      <trkpt lat="54.421615" lon="-3.067338">
        <ele>118</ele>
      </trkpt>
      <trkpt lat="54.421412" lon="-3.067608">
        <ele>116.5</ele>
      </trkpt>
      <trkpt lat="54.421331" lon="-3.067735">
        <ele>115.75</ele>
      </trkpt>
      <trkpt lat="54.421259" lon="-3.067861">
        <ele>115.25</ele>
      </trkpt>
      <trkpt lat="54.421225" lon="-3.06797">
        <ele>115.25</ele>
      </trkpt>
      <trkpt lat="54.421229" lon="-3.068062">
        <ele>115.75</ele>
      </trkpt>
      <trkpt lat="54.421291" lon="-3.068203">
        <ele>117.5</ele>
      </trkpt>
      <trkpt lat="54.421402" lon="-3.068425">
        <ele>120.25</ele>
      </trkpt>
      <trkpt lat="54.421487" lon="-3.068623">
        <ele>121</ele>
      </trkpt>
      <trkpt lat="54.421536" lon="-3.068804">
        <ele>121.25</ele>
      </trkpt>
      <trkpt lat="54.421563" lon="-3.069098">
        <ele>120.5</ele>
      </trkpt>
      <trkpt lat="54.421589" lon="-3.069584">
        <ele>118.75</ele>
      </trkpt>
      <trkpt lat="54.421628" lon="-3.070056">
        <ele>117.25</ele>
      </trkpt>
      <trkpt lat="54.421622" lon="-3.070126">
        <ele>117.25</ele>
      </trkpt>
      <trkpt lat="54.421539" lon="-3.070424">
        <ele>116.25</ele>
      </trkpt>
      <trkpt lat="54.421513" lon="-3.070582">
        <ele>116</ele>
      </trkpt>
      <trkpt lat="54.421485" lon="-3.070843">
        <ele>116</ele>
      </trkpt>
      <trkpt lat="54.421486" lon="-3.07095">
        <ele>116</ele>
      </trkpt>
      <trkpt lat="54.421496" lon="-3.071049">
        <ele>116</ele>
      </trkpt>
      <trkpt lat="54.421554" lon="-3.071304">
        <ele>116.75</ele>
      </trkpt>
      <trkpt lat="54.421561" lon="-3.07138">
        <ele>116.75</ele>
      </trkpt>
      <trkpt lat="54.421555" lon="-3.071459">
        <ele>116.75</ele>
      </trkpt>
      <trkpt lat="54.421481" lon="-3.071904">
        <ele>116.75</ele>
      </trkpt>
      <trkpt lat="54.421452" lon="-3.072042">
        <ele>117</ele>
      </trkpt>
      <trkpt lat="54.421416" lon="-3.072318">
        <ele>117.25</ele>
      </trkpt>
      <trkpt lat="54.421385" lon="-3.072628">
        <ele>117.75</ele>
      </trkpt>
      <trkpt lat="54.421278" lon="-3.073119">
        <ele>117</ele>
      </trkpt>
      <trkpt lat="54.421243" lon="-3.073219">
        <ele>116.75</ele>
      </trkpt>
      <trkpt lat="54.420945" lon="-3.073948">
        <ele>115</ele>
      </trkpt>
      <trkpt lat="54.420878" lon="-3.074234">
        <ele>114.75</ele>
      </trkpt>
      <trkpt lat="54.420838" lon="-3.074543">
        <ele>114.75</ele>
      </trkpt>
      <trkpt lat="54.420851" lon="-3.075468">
        <ele>117.5</ele>
      </trkpt>
      <trkpt lat="54.420871" lon="-3.07558">
        <ele>118.25</ele>
      </trkpt>
      <trkpt lat="54.420863" lon="-3.075703">
        <ele>118.25</ele>
      </trkpt>
      <trkpt lat="54.420766" lon="-3.076066">
        <ele>117.5</ele>
      </trkpt>
      <trkpt lat="54.420743" lon="-3.076241">
        <ele>117.75</ele>
      </trkpt>
      <trkpt lat="54.420733" lon="-3.076407">
        <ele>118</ele>
      </trkpt>
      <trkpt lat="54.420752" lon="-3.076538">
        <ele>118.5</ele>
      </trkpt>
      <trkpt lat="54.420823" lon="-3.076808">
        <ele>120</ele>
      </trkpt>
      <trkpt lat="54.420834" lon="-3.076884">
        <ele>120.5</ele>
      </trkpt>
      <trkpt lat="54.420836" lon="-3.076944">
        <ele>120.5</ele>
      </trkpt>
      <trkpt lat="54.420808" lon="-3.077325">
        <ele>121</ele>
      </trkpt>
      <trkpt lat="54.42078" lon="-3.077513">
        <ele>121.25</ele>
      </trkpt>
      <trkpt lat="54.420635" lon="-3.078008">
        <ele>120.5</ele>
      </trkpt>
      <trkpt lat="54.420611" lon="-3.078074">
        <ele>120.25</ele>
      </trkpt>
      <trkpt lat="54.420281" lon="-3.078773">
        <ele>117</ele>
      </trkpt>
      <trkpt lat="54.420135" lon="-3.079015">
        <ele>115.5</ele>
      </trkpt>
      <trkpt lat="54.420042" lon="-3.079161">
        <ele>114.5</ele>
      </trkpt>
      <trkpt lat="54.419943" lon="-3.079273">
        <ele>113.5</ele>
      </trkpt>
      <trkpt lat="54.419832" lon="-3.079368">
        <ele>113</ele>
      </trkpt>
      <trkpt lat="54.419731" lon="-3.079469">
        <ele>112.75</ele>
      </trkpt>
      <trkpt lat="54.419678" lon="-3.079538">
        <ele>112.5</ele>
      </trkpt>
      <trkpt lat="54.41958" lon="-3.079709">
        <ele>112.25</ele>
      </trkpt>
      <trkpt lat="54.419417" lon="-3.079903">
        <ele>111.75</ele>
      </trkpt>
      <trkpt lat="54.419255" lon="-3.08008">
        <ele>111.25</ele>
      </trkpt>
      <trkpt lat="54.419187" lon="-3.080182">
        <ele>111.25</ele>
      </trkpt>
      <trkpt lat="54.419139" lon="-3.080273">
        <ele>111.25</ele>
      </trkpt>
      <trkpt lat="54.418913" lon="-3.08089">
        <ele>112</ele>
      </trkpt>
      <trkpt lat="54.418891" lon="-3.080965">
        <ele>112</ele>
      </trkpt>
      <trkpt lat="54.418873" lon="-3.081199">
        <ele>112.25</ele>
      </trkpt>
      <trkpt lat="54.418881" lon="-3.081356">
        <ele>112.5</ele>
      </trkpt>
      <trkpt lat="54.418918" lon="-3.08145">
        <ele>112.5</ele>
      </trkpt>
      <trkpt lat="54.418951" lon="-3.081538">
        <ele>112.75</ele>
      </trkpt>
      <trkpt lat="54.418989" lon="-3.081591">
        <ele>112.75</ele>
      </trkpt>
      <trkpt lat="54.419127" lon="-3.081666">
        <ele>112.75</ele>
      </trkpt>
      <trkpt lat="54.419207" lon="-3.081705">
        <ele>113</ele>
      </trkpt>
      <trkpt lat="54.419393" lon="-3.081846">
        <ele>113.75</ele>
      </trkpt>
      <trkpt lat="54.419468" lon="-3.081925">
        <ele>114.25</ele>
      </trkpt>
      <trkpt lat="54.419548" lon="-3.082043">
        <ele>115.25</ele>
      </trkpt>
      <trkpt lat="54.419759" lon="-3.082224">
        <ele>117.25</ele>
      </trkpt>
      <trkpt lat="54.419849" lon="-3.082319">
        <ele>118.5</ele>
      </trkpt>
      <trkpt lat="54.419897" lon="-3.082389">
        <ele>119.25</ele>
      </trkpt>
      <trkpt lat="54.419925" lon="-3.082474">
        <ele>120.25</ele>
      </trkpt>
      <trkpt lat="54.419921" lon="-3.082525">
        <ele>120.75</ele>
      </trkpt>
      <trkpt lat="54.419902" lon="-3.082583">
        <ele>121</ele>
      </trkpt>
      <trkpt lat="54.419847" lon="-3.082693">
        <ele>121.5</ele>
      </trkpt>
      <trkpt lat="54.419798" lon="-3.082824">
        <ele>122.25</ele>
      </trkpt>
      <trkpt lat="54.419677" lon="-3.083209">
        <ele>124</ele>
      </trkpt>
      <trkpt lat="54.419637" lon="-3.083311">
        <ele>124.25</ele>
      </trkpt>
      <trkpt lat="54.419601" lon="-3.083382">
        <ele>124.5</ele>
      </trkpt>
      <trkpt lat="54.419574" lon="-3.083469">
        <ele>124.75</ele>
      </trkpt>
      <trkpt lat="54.419555" lon="-3.083602">
        <ele>125.5</ele>
      </trkpt>
      <trkpt lat="54.419545" lon="-3.083764">
        <ele>126.75</ele>
      </trkpt>
      <trkpt lat="54.419496" lon="-3.084126">
        <ele>129</ele>
      </trkpt>
      <trkpt lat="54.419467" lon="-3.084845">
        <ele>133.5</ele>
      </trkpt>
      <trkpt lat="54.419451" lon="-3.08511">
        <ele>135.5</ele>
      </trkpt>
      <trkpt lat="54.41943" lon="-3.085231">
        <ele>136.25</ele>
      </trkpt>
      <trkpt lat="54.419429" lon="-3.085339">
        <ele>137.5</ele>
      </trkpt>
      <trkpt lat="54.419445" lon="-3.085416">
        <ele>138.5</ele>
      </trkpt>
      <trkpt lat="54.419577" lon="-3.085632">
        <ele>141.75</ele>
      </trkpt>
      <trkpt lat="54.419638" lon="-3.085757">
        <ele>143</ele>
      </trkpt>
      <trkpt lat="54.41974" lon="-3.085993">
        <ele>145.25</ele>
      </trkpt>
      <trkpt lat="54.419796" lon="-3.086188">
        <ele>146.75</ele>
      </trkpt>
      <trkpt lat="54.419866" lon="-3.086497">
        <ele>148.5</ele>
      </trkpt>
      <trkpt lat="54.419894" lon="-3.086655">
        <ele>149.25</ele>
      </trkpt>
      <trkpt lat="54.419914" lon="-3.086804">
        <ele>150</ele>
      </trkpt>
      <trkpt lat="54.419925" lon="-3.086957">
        <ele>150.75</ele>
      </trkpt>
      <trkpt lat="54.419916" lon="-3.087337">
        <ele>153</ele>
      </trkpt>
      <trkpt lat="54.419896" lon="-3.087686">
        <ele>154.75</ele>
      </trkpt>
      <trkpt lat="54.419885" lon="-3.088105">
        <ele>157</ele>
      </trkpt>
      <trkpt lat="54.41989" lon="-3.088631">
        <ele>159</ele>
      </trkpt>
      <trkpt lat="54.419858" lon="-3.089375">
        <ele>162.25</ele>
      </trkpt>
      <trkpt lat="54.419828" lon="-3.08977">
        <ele>164.25</ele>
      </trkpt>
      <trkpt lat="54.419767" lon="-3.090174">
        <ele>166.75</ele>
      </trkpt>
      <trkpt lat="54.419649" lon="-3.090702">
        <ele>170.25</ele>
      </trkpt>
      <trkpt lat="54.419608" lon="-3.090951">
        <ele>171.5</ele>
      </trkpt>
      <trkpt lat="54.419565" lon="-3.091168">
        <ele>172.5</ele>
      </trkpt>
      <trkpt lat="54.419533" lon="-3.091275">
        <ele>173</ele>
      </trkpt>
      <trkpt lat="54.419247" lon="-3.092073">
        <ele>177.5</ele>
      </trkpt>
      <trkpt lat="54.419201" lon="-3.092237">
        <ele>178</ele>
      </trkpt>
      <trkpt lat="54.419158" lon="-3.092464">
        <ele>178.75</ele>
      </trkpt>
      <trkpt lat="54.41907" lon="-3.093141">
        <ele>180</ele>
      </trkpt>
      <trkpt lat="54.419013" lon="-3.093365">
        <ele>180.25</ele>
      </trkpt>
      <trkpt lat="54.418966" lon="-3.093646">
        <ele>182.75</ele>
      </trkpt>
      <trkpt lat="54.418933" lon="-3.094026">
        <ele>186</ele>
      </trkpt>
      <trkpt lat="54.41892" lon="-3.094378">
        <ele>189.25</ele>
      </trkpt>
      <trkpt lat="54.418912" lon="-3.095376">
        <ele>198.25</ele>
      </trkpt>
      <trkpt lat="54.418926" lon="-3.095758">
        <ele>202.75</ele>
      </trkpt>
      <trkpt lat="54.418977" lon="-3.096231">
        <ele>209.5</ele>
      </trkpt>
      <trkpt lat="54.419" lon="-3.09651">
        <ele>213.25</ele>
      </trkpt>
      <trkpt lat="54.419029" lon="-3.096885">
        <ele>217</ele>
      </trkpt>
      <trkpt lat="54.419035" lon="-3.097144">
        <ele>218</ele>
      </trkpt>
      <trkpt lat="54.419128" lon="-3.097847">
        <ele>224.25</ele>
      </trkpt>
      <trkpt lat="54.41916" lon="-3.098132">
        <ele>226.25</ele>
      </trkpt>
      <trkpt lat="54.419269" lon="-3.098592">
        <ele>233</ele>
      </trkpt>
      <trkpt lat="54.419326" lon="-3.099155">
        <ele>234.75</ele>
      </trkpt>
      <trkpt lat="54.419392" lon="-3.099653">
        <ele>237.5</ele>
      </trkpt>
      <trkpt lat="54.419463" lon="-3.099934">
        <ele>240.5</ele>
      </trkpt>
      <trkpt lat="54.419507" lon="-3.100175">
        <ele>243.5</ele>
      </trkpt>
      <trkpt lat="54.419535" lon="-3.10039">
        <ele>246</ele>
      </trkpt>
      <trkpt lat="54.419579" lon="-3.100622">
        <ele>249.25</ele>
      </trkpt>
      <trkpt lat="54.419632" lon="-3.100841">
        <ele>252.75</ele>
      </trkpt>
      <trkpt lat="54.419665" lon="-3.101042">
        <ele>254.75</ele>
      </trkpt>
      <trkpt lat="54.419685" lon="-3.101286">
        <ele>256.25</ele>
      </trkpt>
      <trkpt lat="54.419692" lon="-3.101616">
        <ele>257.5</ele>
      </trkpt>
      <trkpt lat="54.419745" lon="-3.102471">
        <ele>267.75</ele>
      </trkpt>
      <trkpt lat="54.41978" lon="-3.102813">
        <ele>271.75</ele>
      </trkpt>
      <trkpt lat="54.419825" lon="-3.103144">
        <ele>275.5</ele>
      </trkpt>
      <trkpt lat="54.419865" lon="-3.103373">
        <ele>278.5</ele>
      </trkpt>
      <trkpt lat="54.419881" lon="-3.103562">
        <ele>281</ele>
      </trkpt>
      <trkpt lat="54.419863" lon="-3.103894">
        <ele>284.75</ele>
      </trkpt>
      <trkpt lat="54.419843" lon="-3.104086">
        <ele>286.75</ele>
      </trkpt>
      <trkpt lat="54.419789" lon="-3.104411">
        <ele>290</ele>
      </trkpt>
      <trkpt lat="54.419743" lon="-3.10453">
        <ele>291</ele>
      </trkpt>
      <trkpt lat="54.419677" lon="-3.104609">
        <ele>291.25</ele>
      </trkpt>
      <trkpt lat="54.419429" lon="-3.104775">
        <ele>291.25</ele>
      </trkpt>
      <trkpt lat="54.419385" lon="-3.104846">
        <ele>292</ele>
      </trkpt>
      <trkpt lat="54.419362" lon="-3.104938">
        <ele>293.25</ele>
      </trkpt>
      <trkpt lat="54.419354" lon="-3.105049">
        <ele>295</ele>
      </trkpt>
      <trkpt lat="54.419375" lon="-3.105466">
        <ele>301.75</ele>
      </trkpt>
      <trkpt lat="54.419379" lon="-3.105693">
        <ele>305.25</ele>
      </trkpt>
      <trkpt lat="54.419373" lon="-3.10607">
        <ele>310.75</ele>
      </trkpt>
      <trkpt lat="54.419361" lon="-3.106211">
        <ele>312.75</ele>
      </trkpt>
      <trkpt lat="54.419315" lon="-3.106468">
        <ele>316</ele>
      </trkpt>
      <trkpt lat="54.419269" lon="-3.106615">
        <ele>317.75</ele>
      </trkpt>
      <trkpt lat="54.419182" lon="-3.106791">
        <ele>320.75</ele>
      </trkpt>
      <trkpt lat="54.419047" lon="-3.106936">
        <ele>324.25</ele>
      </trkpt>
      <trkpt lat="54.418867" lon="-3.107089">
        <ele>328</ele>
      </trkpt>
      <trkpt lat="54.418613" lon="-3.107251">
        <ele>332</ele>
      </trkpt>
      <trkpt lat="54.418127" lon="-3.107591">
        <ele>341.5</ele>
      </trkpt>
      <trkpt lat="54.41803" lon="-3.107725">
        <ele>345</ele>
      </trkpt>
      <trkpt lat="54.417968" lon="-3.107849">
        <ele>348</ele>
      </trkpt>
      <trkpt lat="54.417854" lon="-3.108047">
        <ele>352.75</ele>
      </trkpt>
      <trkpt lat="54.417761" lon="-3.108152">
        <ele>355.5</ele>
      </trkpt>
      <trkpt lat="54.417615" lon="-3.108274">
        <ele>359</ele>
      </trkpt>
      <trkpt lat="54.417551" lon="-3.108319">
        <ele>360.25</ele>
      </trkpt>
      <trkpt lat="54.417494" lon="-3.108382">
        <ele>362</ele>
      </trkpt>
      <trkpt lat="54.41715" lon="-3.109097">
        <ele>375.5</ele>
      </trkpt>
      <trkpt lat="54.416986" lon="-3.109492">
        <ele>380.25</ele>
      </trkpt>
      <trkpt lat="54.416865" lon="-3.109677">
        <ele>381.25</ele>
      </trkpt>
      <trkpt lat="54.416707" lon="-3.109847">
        <ele>381.25</ele>
      </trkpt>
      <trkpt lat="54.416605" lon="-3.110127">
        <ele>383</ele>
      </trkpt>
      <trkpt lat="54.416387" lon="-3.110573">
        <ele>386</ele>
      </trkpt>
      <trkpt lat="54.416116" lon="-3.111011">
        <ele>386.25</ele>
      </trkpt>
      <trkpt lat="54.415878" lon="-3.111358">
        <ele>384.25</ele>
      </trkpt>
      <trkpt lat="54.415772" lon="-3.11148">
        <ele>384</ele>
      </trkpt>
      <trkpt lat="54.415706" lon="-3.111594">
        <ele>384.5</ele>
      </trkpt>
      <trkpt lat="54.415634" lon="-3.111763">
        <ele>385.25</ele>
      </trkpt>
      <trkpt lat="54.415577" lon="-3.111948">
        <ele>385.75</ele>
      </trkpt>
      <trkpt lat="54.415535" lon="-3.112114">
        <ele>386.5</ele>
      </trkpt>
      <trkpt lat="54.415508" lon="-3.112257">
        <ele>387</ele>
      </trkpt>
      <trkpt lat="54.415462" lon="-3.112444">
        <ele>387.5</ele>
      </trkpt>
      <trkpt lat="54.415293" lon="-3.113042">
        <ele>388</ele>
      </trkpt>
      <trkpt lat="54.415276" lon="-3.113282">
        <ele>388.75</ele>
      </trkpt>
      <trkpt lat="54.41529" lon="-3.113599">
        <ele>389.75</ele>
      </trkpt>
      <trkpt lat="54.415285" lon="-3.113816">
        <ele>390.25</ele>
      </trkpt>
      <trkpt lat="54.415265" lon="-3.114007">
        <ele>390.5</ele>
      </trkpt>
      <trkpt lat="54.415201" lon="-3.11436">
        <ele>390.25</ele>
      </trkpt>
      <trkpt lat="54.415066" lon="-3.114964">
        <ele>388.25</ele>
      </trkpt>
      <trkpt lat="54.415032" lon="-3.115073">
        <ele>387.5</ele>
      </trkpt>
      <trkpt lat="54.414969" lon="-3.115137">
        <ele>387.25</ele>
      </trkpt>
      <trkpt lat="54.414924" lon="-3.115159">
        <ele>387.75</ele>
      </trkpt>
      <trkpt lat="54.41486" lon="-3.115177">
        <ele>388.5</ele>
      </trkpt>
      <trkpt lat="54.414631" lon="-3.115339">
        <ele>391</ele>
      </trkpt>
      <trkpt lat="54.414566" lon="-3.115418">
        <ele>391.5</ele>
      </trkpt>
      <trkpt lat="54.41451" lon="-3.115635">
        <ele>392</ele>
      </trkpt>
      <trkpt lat="54.414451" lon="-3.11578">
        <ele>392.5</ele>
      </trkpt>
      <trkpt lat="54.414313" lon="-3.116124">
        <ele>393.25</ele>
      </trkpt>
      <trkpt lat="54.414256" lon="-3.116341">
        <ele>393.5</ele>
      </trkpt>
      <trkpt lat="54.414227" lon="-3.116498">
        <ele>393.75</ele>
      </trkpt>
      <trkpt lat="54.414224" lon="-3.116538">
        <ele>393.5</ele>
      </trkpt>
      <trkpt lat="54.414217" lon="-3.116665">
        <ele>393.5</ele>
      </trkpt>
      <trkpt lat="54.414219" lon="-3.116853">
        <ele>392.5</ele>
      </trkpt>
      <trkpt lat="54.414231" lon="-3.117074">
        <ele>391.5</ele>
      </trkpt>
      <trkpt lat="54.414249" lon="-3.117304">
        <ele>390.25</ele>
      </trkpt>
      <trkpt lat="54.414286" lon="-3.11757">
        <ele>388.75</ele>
      </trkpt>
      <trkpt lat="54.414336" lon="-3.117868">
        <ele>387.25</ele>
      </trkpt>
      <trkpt lat="54.414389" lon="-3.118326">
        <ele>385</ele>
      </trkpt>
      <trkpt lat="54.414391" lon="-3.118457">
        <ele>383</ele>
      </trkpt>
      <trkpt lat="54.414368" lon="-3.118724">
        <ele>378.75</ele>
      </trkpt>
      <trkpt lat="54.414349" lon="-3.118861">
        <ele>376.5</ele>
      </trkpt>
      <trkpt lat="54.414316" lon="-3.118994">
        <ele>374.25</ele>
      </trkpt>
      <trkpt lat="54.41417" lon="-3.119232">
        <ele>369.75</ele>
      </trkpt>
      <trkpt lat="54.414117" lon="-3.119383">
        <ele>368.75</ele>
      </trkpt>
      <trkpt lat="54.41409" lon="-3.119513">
        <ele>367.5</ele>
      </trkpt>
      <trkpt lat="54.414082" lon="-3.119684">
        <ele>364.75</ele>
      </trkpt>
      <trkpt lat="54.414085" lon="-3.119909">
        <ele>361</ele>
      </trkpt>
      <trkpt lat="54.414063" lon="-3.120142">
        <ele>358</ele>
      </trkpt>
      <trkpt lat="54.413987" lon="-3.120552">
        <ele>354.5</ele>
      </trkpt>
      <trkpt lat="54.413906" lon="-3.121111">
        <ele>348.25</ele>
      </trkpt>
      <trkpt lat="54.413899" lon="-3.12141">
        <ele>344</ele>
      </trkpt>
      <trkpt lat="54.413922" lon="-3.121914">
        <ele>338.25</ele>
      </trkpt>
      <trkpt lat="54.413911" lon="-3.122029">
        <ele>337.5</ele>
      </trkpt>
      <trkpt lat="54.413873" lon="-3.122125">
        <ele>337.25</ele>
      </trkpt>
      <trkpt lat="54.413631" lon="-3.122448">
        <ele>336</ele>
      </trkpt>
      <trkpt lat="54.413514" lon="-3.122619">
        <ele>334.25</ele>
      </trkpt>
      <trkpt lat="54.413438" lon="-3.122771">
        <ele>332</ele>
      </trkpt>
      <trkpt lat="54.413332" lon="-3.12312">
        <ele>325.75</ele>
      </trkpt>
      <trkpt lat="54.413262" lon="-3.1233">
        <ele>325.5</ele>
      </trkpt>
      <trkpt lat="54.413174" lon="-3.123471">
        <ele>327.5</ele>
      </trkpt>
      <trkpt lat="54.413108" lon="-3.123675">
        <ele>328.75</ele>
      </trkpt>
      <trkpt lat="54.413058" lon="-3.123917">
        <ele>328.5</ele>
      </trkpt>
      <trkpt lat="54.412984" lon="-3.124226">
        <ele>327.75</ele>
      </trkpt>
      <trkpt lat="54.412928" lon="-3.124682">
        <ele>324.25</ele>
      </trkpt>
      <trkpt lat="54.412888" lon="-3.124851">
        <ele>322.75</ele>
      </trkpt>
      <trkpt lat="54.412823" lon="-3.125055">
        <ele>321.25</ele>
      </trkpt>
      <trkpt lat="54.412755" lon="-3.125223">
        <ele>320.25</ele>
      </trkpt>
      <trkpt lat="54.412691" lon="-3.125358">
        <ele>319.25</ele>
      </trkpt>
      <trkpt lat="54.412663" lon="-3.12544">
        <ele>318.25</ele>
      </trkpt>
      <trkpt lat="54.412575" lon="-3.126144">
        <ele>310.25</ele>
      </trkpt>
      <trkpt lat="54.412507" lon="-3.126435">
        <ele>305.75</ele>
      </trkpt>
      <trkpt lat="54.41247" lon="-3.12652">
        <ele>305.5</ele>
      </trkpt>
      <trkpt lat="54.412249" lon="-3.126881">
        <ele>309.5</ele>
      </trkpt>
      <trkpt lat="54.412193" lon="-3.127034">
        <ele>310.25</ele>
      </trkpt>
      <trkpt lat="54.412154" lon="-3.127168">
        <ele>310.5</ele>
      </trkpt>
      <trkpt lat="54.412114" lon="-3.12737">
        <ele>310</ele>
      </trkpt>
      <trkpt lat="54.412073" lon="-3.127694">
        <ele>308</ele>
      </trkpt>
      <trkpt lat="54.412042" lon="-3.127854">
        <ele>306.75</ele>
      </trkpt>
      <trkpt lat="54.411972" lon="-3.128082">
        <ele>304.5</ele>
      </trkpt>
      <trkpt lat="54.411763" lon="-3.128547">
        <ele>299.5</ele>
      </trkpt>
      <trkpt lat="54.411693" lon="-3.128776">
        <ele>297.75</ele>
      </trkpt>
      <trkpt lat="54.411657" lon="-3.129029">
        <ele>296.5</ele>
      </trkpt>
      <trkpt lat="54.411622" lon="-3.129215">
        <ele>296.5</ele>
      </trkpt>
      <trkpt lat="54.411565" lon="-3.12945">
        <ele>296.25</ele>
      </trkpt>
      <trkpt lat="54.411444" lon="-3.129803">
        <ele>295.25</ele>
      </trkpt>
      <trkpt lat="54.411304" lon="-3.130118">
        <ele>294</ele>
      </trkpt>
      <trkpt lat="54.411247" lon="-3.130274">
        <ele>293.25</ele>
      </trkpt>
      <trkpt lat="54.411222" lon="-3.130384">
        <ele>292.5</ele>
      </trkpt>
      <trkpt lat="54.41122" lon="-3.130545">
        <ele>291.5</ele>
      </trkpt>
      <trkpt lat="54.411231" lon="-3.130671">
        <ele>290.75</ele>
      </trkpt>
      <trkpt lat="54.411318" lon="-3.13101">
        <ele>289.5</ele>
      </trkpt>
      <trkpt lat="54.411341" lon="-3.131211">
        <ele>289</ele>
      </trkpt>
      <trkpt lat="54.411341" lon="-3.131394">
        <ele>288.25</ele>
      </trkpt>
      <trkpt lat="54.411317" lon="-3.131559">
        <ele>287.25</ele>
      </trkpt>
      <trkpt lat="54.411277" lon="-3.131724">
        <ele>286.5</ele>
      </trkpt>
      <trkpt lat="54.411228" lon="-3.131874">
        <ele>286</ele>
      </trkpt>
      <trkpt lat="54.411153" lon="-3.132022">
        <ele>285</ele>
      </trkpt>
      <trkpt lat="54.410943" lon="-3.132329">
        <ele>280.75</ele>
      </trkpt>
      <trkpt lat="54.410763" lon="-3.132624">
        <ele>277.75</ele>
      </trkpt>
      <trkpt lat="54.410685" lon="-3.132768">
        <ele>277.75</ele>
      </trkpt>
      <trkpt lat="54.410622" lon="-3.132913">
        <ele>277.5</ele>
      </trkpt>
      <trkpt lat="54.410494" lon="-3.133428">
        <ele>275.75</ele>
      </trkpt>
      <trkpt lat="54.410401" lon="-3.133652">
        <ele>275</ele>
      </trkpt>
      <trkpt lat="54.410315" lon="-3.133887">
        <ele>274</ele>
      </trkpt>
      <trkpt lat="54.410245" lon="-3.13415">
        <ele>272.75</ele>
      </trkpt>
      <trkpt lat="54.410114" lon="-3.134578">
        <ele>270</ele>
      </trkpt>
      <trkpt lat="54.410038" lon="-3.134784">
        <ele>268.25</ele>
      </trkpt>
      <trkpt lat="54.409949" lon="-3.134969">
        <ele>267.75</ele>
      </trkpt>
      <trkpt lat="54.409841" lon="-3.135136">
        <ele>268.5</ele>
      </trkpt>
      <trkpt lat="54.409782" lon="-3.135284">
        <ele>268.5</ele>
      </trkpt>
      <trkpt lat="54.40974" lon="-3.135472">
        <ele>268</ele>
      </trkpt>
      <trkpt lat="54.4097" lon="-3.135819">
        <ele>266.5</ele>
      </trkpt>
      <trkpt lat="54.409681" lon="-3.136074">
        <ele>265.5</ele>
      </trkpt>
      <trkpt lat="54.409567" lon="-3.137167">
        <ele>261.5</ele>
      </trkpt>
      <trkpt lat="54.409542" lon="-3.137343">
        <ele>260.75</ele>
      </trkpt>
      <trkpt lat="54.409472" lon="-3.137673">
        <ele>259.75</ele>
      </trkpt>
      <trkpt lat="54.409458" lon="-3.137866">
        <ele>259</ele>
      </trkpt>
      <trkpt lat="54.40946" lon="-3.138027">
        <ele>258.25</ele>
      </trkpt>
      <trkpt lat="54.409479" lon="-3.138196">
        <ele>257.5</ele>
      </trkpt>
      <trkpt lat="54.40952" lon="-3.138442">
        <ele>256.75</ele>
      </trkpt>
      <trkpt lat="54.409542" lon="-3.138666">
        <ele>256.5</ele>
      </trkpt>
      <trkpt lat="54.40955" lon="-3.138869">
        <ele>256.25</ele>
      </trkpt>
      <trkpt lat="54.40954" lon="-3.139004">
        <ele>256</ele>
      </trkpt>
      <trkpt lat="54.409496" lon="-3.139375">
        <ele>255.75</ele>
      </trkpt>
      <trkpt lat="54.40944" lon="-3.139779">
        <ele>255.5</ele>
      </trkpt>
      <trkpt lat="54.409273" lon="-3.140703">
        <ele>254.25</ele>
      </trkpt>
      <trkpt lat="54.40914" lon="-3.141217">
        <ele>253.75</ele>
      </trkpt>
      <trkpt lat="54.409055" lon="-3.141643">
        <ele>254</ele>
      </trkpt>
      <trkpt lat="54.409015" lon="-3.141783">
        <ele>254</ele>
      </trkpt>
      <trkpt lat="54.408953" lon="-3.141944">
        <ele>254</ele>
      </trkpt>
      <trkpt lat="54.408733" lon="-3.142301">
        <ele>254.75</ele>
      </trkpt>
      <trkpt lat="54.408685" lon="-3.142416">
        <ele>254.75</ele>
      </trkpt>
      <trkpt lat="54.408589" lon="-3.14298">
        <ele>253.75</ele>
      </trkpt>
      <trkpt lat="54.408377" lon="-3.144413">
        <ele>249.25</ele>
      </trkpt>
      <trkpt lat="54.408328" lon="-3.144633">
        <ele>248.25</ele>
      </trkpt>
      <trkpt lat="54.408247" lon="-3.144887">
        <ele>249.5</ele>
      </trkpt>
      <trkpt lat="54.408081" lon="-3.145548">
        <ele>250.75</ele>
      </trkpt>
      <trkpt lat="54.408057" lon="-3.145719">
        <ele>250.25</ele>
      </trkpt>
      <trkpt lat="54.408041" lon="-3.145898">
        <ele>250</ele>
      </trkpt>
      <trkpt lat="54.408017" lon="-3.146283">
        <ele>248.75</ele>
      </trkpt>
      <trkpt lat="54.407927" lon="-3.146927">
        <ele>247.25</ele>
      </trkpt>
      <trkpt lat="54.407829" lon="-3.147332">
        <ele>246.75</ele>
      </trkpt>
      <trkpt lat="54.407751" lon="-3.14782">
        <ele>245.75</ele>
      </trkpt>
      <trkpt lat="54.407545" lon="-3.148901">
        <ele>242.75</ele>
      </trkpt>
      <trkpt lat="54.407406" lon="-3.149676">
        <ele>243.25</ele>
      </trkpt>
      <trkpt lat="54.407352" lon="-3.150055">
        <ele>243.5</ele>
      </trkpt>
      <trkpt lat="54.407301" lon="-3.15033">
        <ele>244</ele>
      </trkpt>
      <trkpt lat="54.407208" lon="-3.150736">
        <ele>245</ele>
      </trkpt>
      <trkpt lat="54.407178" lon="-3.150951">
        <ele>245</ele>
      </trkpt>
      <trkpt lat="54.407157" lon="-3.151208">
        <ele>244.5</ele>
      </trkpt>
      <trkpt lat="54.407133" lon="-3.1514">
        <ele>244</ele>
      </trkpt>
      <trkpt lat="54.407081" lon="-3.151692">
        <ele>243.75</ele>
      </trkpt>
      <trkpt lat="54.406969" lon="-3.1522">
        <ele>243.25</ele>
      </trkpt>
      <trkpt lat="54.40694" lon="-3.152387">
        <ele>242.5</ele>
      </trkpt>
      <trkpt lat="54.406932" lon="-3.152522">
        <ele>242</ele>
      </trkpt>
      <trkpt lat="54.406944" lon="-3.152758">
        <ele>240.75</ele>
      </trkpt>
      <trkpt lat="54.406946" lon="-3.15315">
        <ele>238.75</ele>
      </trkpt>
      <trkpt lat="54.406968" lon="-3.153316">
        <ele>237.75</ele>
      </trkpt>
      <trkpt lat="54.407005" lon="-3.153468">
        <ele>236.75</ele>
      </trkpt>
      <trkpt lat="54.407097" lon="-3.15372">
        <ele>235.25</ele>
      </trkpt>
      <trkpt lat="54.407126" lon="-3.153835">
        <ele>234.75</ele>
      </trkpt>
      <trkpt lat="54.40714" lon="-3.153946">
        <ele>234.5</ele>
      </trkpt>
      <trkpt lat="54.407155" lon="-3.15437">
        <ele>233.5</ele>
      </trkpt>
      <trkpt lat="54.40719" lon="-3.154743">
        <ele>232.75</ele>
      </trkpt>
      <trkpt lat="54.407197" lon="-3.155242">
        <ele>231.75</ele>
      </trkpt>
      <trkpt lat="54.40721" lon="-3.155479">
        <ele>231.25</ele>
      </trkpt>
      <trkpt lat="54.407209" lon="-3.155679">
        <ele>231</ele>
      </trkpt>
      <trkpt lat="54.407193" lon="-3.155877">
        <ele>230.5</ele>
      </trkpt>
      <trkpt lat="54.40716" lon="-3.156162">
        <ele>230.25</ele>
      </trkpt>
      <trkpt lat="54.407121" lon="-3.156412">
        <ele>229.75</ele>
      </trkpt>
      <trkpt lat="54.407062" lon="-3.156698">
        <ele>229.25</ele>
      </trkpt>
      <trkpt lat="54.407003" lon="-3.156913">
        <ele>228.75</ele>
      </trkpt>
      <trkpt lat="54.406814" lon="-3.157512">
        <ele>227</ele>
      </trkpt>
      <trkpt lat="54.406729" lon="-3.157803">
        <ele>226.25</ele>
      </trkpt>
      <trkpt lat="54.406632" lon="-3.158234">
        <ele>225.25</ele>
      </trkpt>
      <trkpt lat="54.406452" lon="-3.15875">
        <ele>225.25</ele>
      </trkpt>
      <trkpt lat="54.406395" lon="-3.15894">
        <ele>225.25</ele>
      </trkpt>
      <trkpt lat="54.406254" lon="-3.159327">
        <ele>225.25</ele>
      </trkpt>
      <trkpt lat="54.406178" lon="-3.15956">
        <ele>225</ele>
      </trkpt>
      <trkpt lat="54.406117" lon="-3.15971">
        <ele>225</ele>
      </trkpt>
      <trkpt lat="54.406009" lon="-3.159864">
        <ele>225</ele>
      </trkpt>
      <trkpt lat="54.405884" lon="-3.159981">
        <ele>224.75</ele>
      </trkpt>
      <trkpt lat="54.405802" lon="-3.1601">
        <ele>224.75</ele>
      </trkpt>
      <trkpt lat="54.405236" lon="-3.161221">
        <ele>222.75</ele>
      </trkpt>
      <trkpt lat="54.405052" lon="-3.161504">
        <ele>221.75</ele>
      </trkpt>
      <trkpt lat="54.404834" lon="-3.161811">
        <ele>221.25</ele>
      </trkpt>
      <trkpt lat="54.404829" lon="-3.161876">
        <ele>221.25</ele>
      </trkpt>
      <trkpt lat="54.404833" lon="-3.161935">
        <ele>221.25</ele>
      </trkpt>
      <trkpt lat="54.40491" lon="-3.16223">
        <ele>221.5</ele>
      </trkpt>
      <trkpt lat="54.404923" lon="-3.162283">
        <ele>221.5</ele>
      </trkpt>
      <trkpt lat="54.404956" lon="-3.162455">
        <ele>221.75</ele>
      </trkpt>
      <trkpt lat="54.404979" lon="-3.162504">
        <ele>221.75</ele>
      </trkpt>
      <trkpt lat="54.40504" lon="-3.162548">
        <ele>222</ele>
      </trkpt>
      <trkpt lat="54.405146" lon="-3.162572">
        <ele>222</ele>
      </trkpt>
      <trkpt lat="54.405239" lon="-3.162637">
        <ele>222.25</ele>
      </trkpt>
      <trkpt lat="54.405336" lon="-3.162758">
        <ele>222.5</ele>
      </trkpt>
      <trkpt lat="54.405398" lon="-3.162939">
        <ele>222.5</ele>
      </trkpt>
      <trkpt lat="54.405456" lon="-3.163196">
        <ele>223</ele>
      </trkpt>
      <trkpt lat="54.405523" lon="-3.163424">
        <ele>223.5</ele>
      </trkpt>
      <trkpt lat="54.405608" lon="-3.163635">
        <ele>224.75</ele>
      </trkpt>
      <trkpt lat="54.405771" lon="-3.163955">
        <ele>226.75</ele>
      </trkpt>
      <trkpt lat="54.40582" lon="-3.164064">
        <ele>227.25</ele>
      </trkpt>
      <trkpt lat="54.405831" lon="-3.164137">
        <ele>227.75</ele>
      </trkpt>
      <trkpt lat="54.405834" lon="-3.164207">
        <ele>228</ele>
      </trkpt>
      <trkpt lat="54.405803" lon="-3.164445">
        <ele>229.25</ele>
      </trkpt>
      <trkpt lat="54.405804" lon="-3.16455">
        <ele>229.75</ele>
      </trkpt>
      <trkpt lat="54.405819" lon="-3.164671">
        <ele>230.25</ele>
      </trkpt>
      <trkpt lat="54.405854" lon="-3.164855">
        <ele>231.25</ele>
      </trkpt>
      <trkpt lat="54.40587" lon="-3.165035">
        <ele>232</ele>
      </trkpt>
      <trkpt lat="54.405871" lon="-3.16524">
        <ele>232.5</ele>
      </trkpt>
      <trkpt lat="54.405815" lon="-3.165592">
        <ele>233.25</ele>
      </trkpt>
      <trkpt lat="54.405808" lon="-3.165829">
        <ele>233.75</ele>
      </trkpt>
      <trkpt lat="54.405789" lon="-3.16601">
        <ele>234</ele>
      </trkpt>
      <trkpt lat="54.405783" lon="-3.166153">
        <ele>234.25</ele>
      </trkpt>
      <trkpt lat="54.405802" lon="-3.166273">
        <ele>234.5</ele>
      </trkpt>
      <trkpt lat="54.405808" lon="-3.166373">
        <ele>234.5</ele>
      </trkpt>
      <trkpt lat="54.405787" lon="-3.166777">
        <ele>235.25</ele>
      </trkpt>
      <trkpt lat="54.405775" lon="-3.167195">
        <ele>236.75</ele>
      </trkpt>
      <trkpt lat="54.405725" lon="-3.167507">
        <ele>238</ele>
      </trkpt>
      <trkpt lat="54.405708" lon="-3.167689">
        <ele>238.75</ele>
      </trkpt>
      <trkpt lat="54.405678" lon="-3.167817">
        <ele>239.25</ele>
      </trkpt>
      <trkpt lat="54.40556" lon="-3.168179">
        <ele>241</ele>
      </trkpt>
      <trkpt lat="54.405523" lon="-3.16843">
        <ele>242.25</ele>
      </trkpt>
      <trkpt lat="54.40547" lon="-3.169026">
        <ele>245.25</ele>
      </trkpt>
      <trkpt lat="54.405411" lon="-3.169457">
        <ele>247</ele>
      </trkpt>
      <trkpt lat="54.405338" lon="-3.169849">
        <ele>248.25</ele>
      </trkpt>
      <trkpt lat="54.405153" lon="-3.170612">
        <ele>250.25</ele>
      </trkpt>
      <trkpt lat="54.405042" lon="-3.170966">
        <ele>250.5</ele>
      </trkpt>
      <trkpt lat="54.404957" lon="-3.171411">
        <ele>251.5</ele>
      </trkpt>
      <trkpt lat="54.404876" lon="-3.171685">
        <ele>252.5</ele>
      </trkpt>
      <trkpt lat="54.404848" lon="-3.17184">
        <ele>253.75</ele>
      </trkpt>
      <trkpt lat="54.404841" lon="-3.17195">
        <ele>254.25</ele>
      </trkpt>
      <trkpt lat="54.404843" lon="-3.172101">
        <ele>255.25</ele>
      </trkpt>
      <trkpt lat="54.404833" lon="-3.172184">
        <ele>255.75</ele>
      </trkpt>
      <trkpt lat="54.404782" lon="-3.172416">
        <ele>257</ele>
      </trkpt>
      <trkpt lat="54.40474" lon="-3.172557">
        <ele>257.5</ele>
      </trkpt>
      <trkpt lat="54.404655" lon="-3.172754">
        <ele>258</ele>
      </trkpt>
      <trkpt lat="54.404447" lon="-3.173099">
        <ele>257.75</ele>
      </trkpt>
      <trkpt lat="54.404373" lon="-3.173231">
        <ele>257.5</ele>
      </trkpt>
      <trkpt lat="54.404324" lon="-3.173352">
        <ele>257.5</ele>
      </trkpt>
      <trkpt lat="54.404294" lon="-3.173485">
        <ele>258.75</ele>
      </trkpt>
      <trkpt lat="54.404286" lon="-3.173564">
        <ele>259.5</ele>
      </trkpt>
      <trkpt lat="54.40429" lon="-3.173606">
        <ele>260</ele>
      </trkpt>
      <trkpt lat="54.404295" lon="-3.173662">
        <ele>260.75</ele>
      </trkpt>
      <trkpt lat="54.404325" lon="-3.173744">
        <ele>262</ele>
      </trkpt>
      <trkpt lat="54.404366" lon="-3.173818">
        <ele>263.25</ele>
      </trkpt>
      <trkpt lat="54.404387" lon="-3.173885">
        <ele>264.25</ele>
      </trkpt>
      <trkpt lat="54.404413" lon="-3.174091">
        <ele>267</ele>
      </trkpt>
      <trkpt lat="54.404436" lon="-3.174179">
        <ele>268.25</ele>
      </trkpt>
      <trkpt lat="54.404441" lon="-3.174231">
        <ele>268.75</ele>
      </trkpt>
      <trkpt lat="54.404437" lon="-3.174335">
        <ele>270</ele>
      </trkpt>
      <trkpt lat="54.404405" lon="-3.174437">
        <ele>270.5</ele>
      </trkpt>
      <trkpt lat="54.404336" lon="-3.174578">
        <ele>271.25</ele>
      </trkpt>
      <trkpt lat="54.404241" lon="-3.17467">
        <ele>270.75</ele>
      </trkpt>
      <trkpt lat="54.404111" lon="-3.174697">
        <ele>269.5</ele>
      </trkpt>
      <trkpt lat="54.40404" lon="-3.174754">
        <ele>269.75</ele>
      </trkpt>
      <trkpt lat="54.404001" lon="-3.174813">
        <ele>270</ele>
      </trkpt>
      <trkpt lat="54.403982" lon="-3.174863">
        <ele>270.5</ele>
      </trkpt>
      <trkpt lat="54.403986" lon="-3.174916">
        <ele>271</ele>
      </trkpt>
      <trkpt lat="54.404003" lon="-3.174965">
        <ele>271.5</ele>
      </trkpt>
      <trkpt lat="54.404089" lon="-3.175024">
        <ele>272.75</ele>
      </trkpt>
      <trkpt lat="54.404114" lon="-3.175052">
        <ele>273.5</ele>
      </trkpt>
      <trkpt lat="54.404138" lon="-3.17512">
        <ele>274.75</ele>
      </trkpt>
      <trkpt lat="54.404154" lon="-3.175212">
        <ele>276.25</ele>
      </trkpt>
      <trkpt lat="54.404152" lon="-3.175434">
        <ele>280</ele>
      </trkpt>
      <trkpt lat="54.404139" lon="-3.175517">
        <ele>281.5</ele>
      </trkpt>
      <trkpt lat="54.404117" lon="-3.175581">
        <ele>282.5</ele>
      </trkpt>
      <trkpt lat="54.404004" lon="-3.175681">
        <ele>283.5</ele>
      </trkpt>
      <trkpt lat="54.403982" lon="-3.175732">
        <ele>284.25</ele>
      </trkpt>
      <trkpt lat="54.403979" lon="-3.17579">
        <ele>285.25</ele>
      </trkpt>
      <trkpt lat="54.403985" lon="-3.175845">
        <ele>286.25</ele>
      </trkpt>
      <trkpt lat="54.404013" lon="-3.175985">
        <ele>288.5</ele>
      </trkpt>
      <trkpt lat="54.404041" lon="-3.176091">
        <ele>290.25</ele>
      </trkpt>
      <trkpt lat="54.404078" lon="-3.17617">
        <ele>291.75</ele>
      </trkpt>
      <trkpt lat="54.404121" lon="-3.176298">
        <ele>294</ele>
      </trkpt>
      <trkpt lat="54.40412" lon="-3.176351">
        <ele>294.75</ele>
      </trkpt>
      <trkpt lat="54.404109" lon="-3.176414">
        <ele>295.75</ele>
      </trkpt>
      <trkpt lat="54.404084" lon="-3.176474">
        <ele>296.5</ele>
      </trkpt>
      <trkpt lat="54.404071" lon="-3.176542">
        <ele>297.5</ele>
      </trkpt>
      <trkpt lat="54.404073" lon="-3.17669">
        <ele>300</ele>
      </trkpt>
      <trkpt lat="54.404054" lon="-3.176757">
        <ele>300.75</ele>
      </trkpt>
      <trkpt lat="54.403989" lon="-3.176926">
        <ele>303</ele>
      </trkpt>
      <trkpt lat="54.403805" lon="-3.177248">
        <ele>307.5</ele>
      </trkpt>
      <trkpt lat="54.403714" lon="-3.177363">
        <ele>309.25</ele>
      </trkpt>
      <trkpt lat="54.403637" lon="-3.177408">
        <ele>309.75</ele>
      </trkpt>
      <trkpt lat="54.403596" lon="-3.177444">
        <ele>310.25</ele>
      </trkpt>
      <trkpt lat="54.403587" lon="-3.177493">
        <ele>311</ele>
      </trkpt>
      <trkpt lat="54.403596" lon="-3.177556">
        <ele>312</ele>
      </trkpt>
      <trkpt lat="54.403673" lon="-3.17769">
        <ele>314</ele>
      </trkpt>
      <trkpt lat="54.403719" lon="-3.177797">
        <ele>315.75</ele>
      </trkpt>
      <trkpt lat="54.403735" lon="-3.177891">
        <ele>317</ele>
      </trkpt>
      <trkpt lat="54.40373" lon="-3.177949">
        <ele>317.75</ele>
      </trkpt>
      <trkpt lat="54.4037" lon="-3.17801">
        <ele>318.75</ele>
      </trkpt>
      <trkpt lat="54.403549" lon="-3.178083">
        <ele>320</ele>
      </trkpt>
      <trkpt lat="54.403494" lon="-3.178128">
        <ele>320.5</ele>
      </trkpt>
      <trkpt lat="54.403411" lon="-3.178223">
        <ele>322</ele>
      </trkpt>
      <trkpt lat="54.403297" lon="-3.178311">
        <ele>323.25</ele>
      </trkpt>
      <trkpt lat="54.403261" lon="-3.178357">
        <ele>323.75</ele>
      </trkpt>
      <trkpt lat="54.403243" lon="-3.178402">
        <ele>324.25</ele>
      </trkpt>
      <trkpt lat="54.403246" lon="-3.178475">
        <ele>325.5</ele>
      </trkpt>
      <trkpt lat="54.40332" lon="-3.178757">
        <ele>330</ele>
      </trkpt>
      <trkpt lat="54.403341" lon="-3.178971">
        <ele>333</ele>
      </trkpt>
      <trkpt lat="54.40335" lon="-3.179359">
        <ele>338.5</ele>
      </trkpt>
      <trkpt lat="54.403327" lon="-3.179473">
        <ele>339.75</ele>
      </trkpt>
      <trkpt lat="54.4033" lon="-3.179554">
        <ele>340.75</ele>
      </trkpt>
      <trkpt lat="54.403284" lon="-3.179764">
        <ele>343.25</ele>
      </trkpt>
      <trkpt lat="54.403268" lon="-3.179838">
        <ele>344.25</ele>
      </trkpt>
      <trkpt lat="54.403221" lon="-3.179949">
        <ele>345.25</ele>
      </trkpt>
      <trkpt lat="54.403123" lon="-3.180327">
        <ele>349</ele>
      </trkpt>
      <trkpt lat="54.403096" lon="-3.180463">
        <ele>350.5</ele>
      </trkpt>
      <trkpt lat="54.403066" lon="-3.180663">
        <ele>352.5</ele>
      </trkpt>
      <trkpt lat="54.402971" lon="-3.181034">
        <ele>356.25</ele>
      </trkpt>
      <trkpt lat="54.402934" lon="-3.181239">
        <ele>358.25</ele>
      </trkpt>
      <trkpt lat="54.402927" lon="-3.181819">
        <ele>364.75</ele>
      </trkpt>
      <trkpt lat="54.402911" lon="-3.181943">
        <ele>366</ele>
      </trkpt>
      <trkpt lat="54.402872" lon="-3.182068">
        <ele>367</ele>
      </trkpt>
      <trkpt lat="54.402835" lon="-3.182332">
        <ele>369.5</ele>
      </trkpt>
      <trkpt lat="54.402829" lon="-3.182451">
        <ele>370.75</ele>
      </trkpt>
      <trkpt lat="54.40283" lon="-3.182592">
        <ele>372.25</ele>
      </trkpt>
      <trkpt lat="54.402874" lon="-3.182956">
        <ele>376.5</ele>
      </trkpt>
      <trkpt lat="54.402861" lon="-3.183356">
        <ele>380.25</ele>
      </trkpt>
      <trkpt lat="54.402862" lon="-3.183578">
        <ele>382.5</ele>
      </trkpt>
      <trkpt lat="54.402854" lon="-3.183662">
        <ele>383.25</ele>
      </trkpt>
      <trkpt lat="54.402829" lon="-3.18378">
        <ele>384</ele>
      </trkpt>
      <trkpt lat="54.402765" lon="-3.18395">
        <ele>384.75</ele>
      </trkpt>
      <trkpt lat="54.402754" lon="-3.184038">
        <ele>385.5</ele>
      </trkpt>
      <trkpt lat="54.402759" lon="-3.184153">
        <ele>386.75</ele>
      </trkpt>
      <trkpt lat="54.402805" lon="-3.184479">
        <ele>390.75</ele>
      </trkpt>
      <trkpt lat="54.402811" lon="-3.184559">
        <ele>391.75</ele>
      </trkpt>
      <trkpt lat="54.402812" lon="-3.184886">
        <ele>395</ele>
      </trkpt>
      <trkpt lat="54.402792" lon="-3.185055">
        <ele>396</ele>
      </trkpt>
      <trkpt lat="54.402777" lon="-3.185245">
        <ele>396</ele>
      </trkpt>
      <trkpt lat="54.402791" lon="-3.185571">
        <ele>397.25</ele>
      </trkpt>
      <trkpt lat="54.402841" lon="-3.185762">
        <ele>398.75</ele>
      </trkpt>
      <trkpt lat="54.40286" lon="-3.185849">
        <ele>399.5</ele>
      </trkpt>
      <trkpt lat="54.402859" lon="-3.18591">
        <ele>399.75</ele>
      </trkpt>
      <trkpt lat="54.402848" lon="-3.185966">
        <ele>399.5</ele>
      </trkpt>
      <trkpt lat="54.40285" lon="-3.186192">
        <ele>400</ele>
      </trkpt>
      <trkpt lat="54.402839" lon="-3.186278">
        <ele>399.75</ele>
      </trkpt>
      <trkpt lat="54.402797" lon="-3.186414">
        <ele>399</ele>
      </trkpt>
      <trkpt lat="54.402773" lon="-3.186524">
        <ele>398.5</ele>
      </trkpt>
      <trkpt lat="54.402764" lon="-3.186598">
        <ele>398.25</ele>
      </trkpt>
      <trkpt lat="54.402758" lon="-3.186646">
        <ele>398.25</ele>
      </trkpt>
      <trkpt lat="54.402754" lon="-3.186883">
        <ele>397.75</ele>
      </trkpt>
      <trkpt lat="54.402763" lon="-3.187207">
        <ele>397.25</ele>
      </trkpt>
      <trkpt lat="54.402754" lon="-3.187392">
        <ele>396.5</ele>
      </trkpt>
      <trkpt lat="54.4027" lon="-3.187844">
        <ele>394</ele>
      </trkpt>
      <trkpt lat="54.402706" lon="-3.188674">
        <ele>390.5</ele>
      </trkpt>
      <trkpt lat="54.402701" lon="-3.188847">
        <ele>389</ele>
      </trkpt>
      <trkpt lat="54.402687" lon="-3.188989">
        <ele>387.25</ele>
      </trkpt>
      <trkpt lat="54.402687" lon="-3.189097">
        <ele>386.5</ele>
      </trkpt>
      <trkpt lat="54.402697" lon="-3.189341">
        <ele>384.75</ele>
      </trkpt>
      <trkpt lat="54.402699" lon="-3.18952">
        <ele>383.25</ele>
      </trkpt>
      <trkpt lat="54.402724" lon="-3.189719">
        <ele>382.5</ele>
      </trkpt>
      <trkpt lat="54.402796" lon="-3.190137">
        <ele>379.5</ele>
      </trkpt>
      <trkpt lat="54.402797" lon="-3.190302">
        <ele>376.75</ele>
      </trkpt>
      <trkpt lat="54.402807" lon="-3.190497">
        <ele>373.5</ele>
      </trkpt>
      <trkpt lat="54.402827" lon="-3.190725">
        <ele>370</ele>
      </trkpt>
      <trkpt lat="54.402876" lon="-3.191025">
        <ele>366</ele>
      </trkpt>
      <trkpt lat="54.402896" lon="-3.191235">
        <ele>363</ele>
      </trkpt>
      <trkpt lat="54.402902" lon="-3.191516">
        <ele>358.5</ele>
      </trkpt>
      <trkpt lat="54.402897" lon="-3.191855">
        <ele>352.25</ele>
      </trkpt>
      <trkpt lat="54.402885" lon="-3.192053">
        <ele>348.25</ele>
      </trkpt>
      <trkpt lat="54.402888" lon="-3.192216">
        <ele>345.25</ele>
      </trkpt>
      <trkpt lat="54.402955" lon="-3.192557">
        <ele>341</ele>
      </trkpt>
      <trkpt lat="54.402985" lon="-3.192651">
        <ele>340.25</ele>
      </trkpt>
      <trkpt lat="54.403074" lon="-3.192829">
        <ele>340.25</ele>
      </trkpt>
      <trkpt lat="54.403096" lon="-3.192913">
        <ele>339.75</ele>
      </trkpt>
      <trkpt lat="54.403105" lon="-3.193063">
        <ele>337.5</ele>
      </trkpt>
      <trkpt lat="54.40312" lon="-3.193638">
        <ele>328</ele>
      </trkpt>
      <trkpt lat="54.403134" lon="-3.193816">
        <ele>325.25</ele>
      </trkpt>
      <trkpt lat="54.403181" lon="-3.194023">
        <ele>323</ele>
      </trkpt>
      <trkpt lat="54.403175" lon="-3.194064">
        <ele>322</ele>
      </trkpt>
      <trkpt lat="54.403153" lon="-3.194094">
        <ele>320.75</ele>
      </trkpt>
      <trkpt lat="54.403126" lon="-3.1941">
        <ele>319.5</ele>
      </trkpt>
      <trkpt lat="54.40307" lon="-3.194053">
        <ele>318.5</ele>
      </trkpt>
      <trkpt lat="54.402945" lon="-3.193911">
        <ele>316.5</ele>
      </trkpt>
      <trkpt lat="54.402893" lon="-3.193863">
        <ele>315.5</ele>
      </trkpt>
      <trkpt lat="54.402834" lon="-3.193842">
        <ele>313.75</ele>
      </trkpt>
      <trkpt lat="54.402788" lon="-3.193844">
        <ele>312</ele>
      </trkpt>
      <trkpt lat="54.402743" lon="-3.193871">
        <ele>309.75</ele>
      </trkpt>
      <trkpt lat="54.402722" lon="-3.193912">
        <ele>308.25</ele>
      </trkpt>
      <trkpt lat="54.402714" lon="-3.194006">
        <ele>306.25</ele>
      </trkpt>
      <trkpt lat="54.402725" lon="-3.194123">
        <ele>304.75</ele>
      </trkpt>
      <trkpt lat="54.402778" lon="-3.194337">
        <ele>303</ele>
      </trkpt>
      <trkpt lat="54.40278" lon="-3.194408">
        <ele>301.75</ele>
      </trkpt>
      <trkpt lat="54.402774" lon="-3.194457">
        <ele>300.75</ele>
      </trkpt>
      <trkpt lat="54.402754" lon="-3.194487">
        <ele>299.5</ele>
      </trkpt>
      <trkpt lat="54.402712" lon="-3.19451">
        <ele>297.5</ele>
      </trkpt>
      <trkpt lat="54.402686" lon="-3.194541">
        <ele>296.25</ele>
      </trkpt>
      <trkpt lat="54.40267" lon="-3.194618">
        <ele>294.25</ele>
      </trkpt>
      <trkpt lat="54.402668" lon="-3.19472">
        <ele>292.5</ele>
      </trkpt>
      <trkpt lat="54.402685" lon="-3.194841">
        <ele>291</ele>
      </trkpt>
      <trkpt lat="54.402747" lon="-3.195113">
        <ele>289.5</ele>
      </trkpt>
      <trkpt lat="54.402768" lon="-3.19525">
        <ele>288.75</ele>
      </trkpt>
      <trkpt lat="54.402774" lon="-3.195393">
        <ele>287.5</ele>
      </trkpt>
      <trkpt lat="54.402768" lon="-3.195569">
        <ele>285.75</ele>
      </trkpt>
      <trkpt lat="54.402783" lon="-3.195908">
        <ele>283</ele>
      </trkpt>
      <trkpt lat="54.402779" lon="-3.196017">
        <ele>281.75</ele>
      </trkpt>
      <trkpt lat="54.402756" lon="-3.196161">
        <ele>279.75</ele>
      </trkpt>
      <trkpt lat="54.402766" lon="-3.196389">
        <ele>277.75</ele>
      </trkpt>
      <trkpt lat="54.402764" lon="-3.196556">
        <ele>276.25</ele>
      </trkpt>
      <trkpt lat="54.40274" lon="-3.196716">
        <ele>274.25</ele>
      </trkpt>
      <trkpt lat="54.402641" lon="-3.197129">
        <ele>268.75</ele>
      </trkpt>
      <trkpt lat="54.402624" lon="-3.197443">
        <ele>266.25</ele>
      </trkpt>
      <trkpt lat="54.402574" lon="-3.197743">
        <ele>263.25</ele>
      </trkpt>
      <trkpt lat="54.402556" lon="-3.19793">
        <ele>262</ele>
      </trkpt>
      <trkpt lat="54.402557" lon="-3.198067">
        <ele>261.25</ele>
      </trkpt>
      <trkpt lat="54.402579" lon="-3.198201">
        <ele>261</ele>
      </trkpt>
      <trkpt lat="54.402633" lon="-3.198359">
        <ele>261.25</ele>
      </trkpt>
      <trkpt lat="54.402687" lon="-3.198559">
        <ele>261.25</ele>
      </trkpt>
      <trkpt lat="54.402733" lon="-3.198816">
        <ele>260.75</ele>
      </trkpt>
      <trkpt lat="54.402735" lon="-3.198916">
        <ele>260.5</ele>
      </trkpt>
      <trkpt lat="54.402693" lon="-3.199077">
        <ele>258.75</ele>
      </trkpt>
      <trkpt lat="54.402627" lon="-3.199468">
        <ele>256</ele>
      </trkpt>
      <trkpt lat="54.402553" lon="-3.199716">
        <ele>253.75</ele>
      </trkpt>
      <trkpt lat="54.402537" lon="-3.199793">
        <ele>253.25</ele>
      </trkpt>
      <trkpt lat="54.402528" lon="-3.199876">
        <ele>252.75</ele>
      </trkpt>
      <trkpt lat="54.402531" lon="-3.200014">
        <ele>252.25</ele>
      </trkpt>
      <trkpt lat="54.402525" lon="-3.200142">
        <ele>251.5</ele>
      </trkpt>
      <trkpt lat="54.40243" lon="-3.200771">
        <ele>247.5</ele>
      </trkpt>
      <trkpt lat="54.402394" lon="-3.200954">
        <ele>246</ele>
      </trkpt>
      <trkpt lat="54.402383" lon="-3.201068">
        <ele>245.5</ele>
      </trkpt>
      <trkpt lat="54.402407" lon="-3.201374">
        <ele>244.25</ele>
      </trkpt>
      <trkpt lat="54.402405" lon="-3.201471">
        <ele>243.75</ele>
      </trkpt>
      <trkpt lat="54.402384" lon="-3.201578">
        <ele>243</ele>
      </trkpt>
      <trkpt lat="54.402285" lon="-3.201802">
        <ele>241.25</ele>
      </trkpt>
      <trkpt lat="54.402197" lon="-3.201981">
        <ele>240.25</ele>
      </trkpt>
      <trkpt lat="54.402123" lon="-3.202104">
        <ele>239.25</ele>
      </trkpt>
      <trkpt lat="54.402012" lon="-3.202361">
        <ele>237.5</ele>
      </trkpt>
      <trkpt lat="54.401914" lon="-3.202747">
        <ele>235.5</ele>
      </trkpt>
      <trkpt lat="54.401759" lon="-3.20333">
        <ele>232.5</ele>
      </trkpt>
      <trkpt lat="54.401649" lon="-3.203671">
        <ele>231</ele>
      </trkpt>
      <trkpt lat="54.401594" lon="-3.203877">
        <ele>230.5</ele>
      </trkpt>
      <trkpt lat="54.401543" lon="-3.203991">
        <ele>229.75</ele>
      </trkpt>
      <trkpt lat="54.401449" lon="-3.204172">
        <ele>228.25</ele>
      </trkpt>
      <trkpt lat="54.401408" lon="-3.204292">
        <ele>227.25</ele>
      </trkpt>
      <trkpt lat="54.401372" lon="-3.204522">
        <ele>226.25</ele>
      </trkpt>
      <trkpt lat="54.401345" lon="-3.204919">
        <ele>224.75</ele>
      </trkpt>
      <trkpt lat="54.40132" lon="-3.205111">
        <ele>223.5</ele>
      </trkpt>
      <trkpt lat="54.401129" lon="-3.206016">
        <ele>216.25</ele>
      </trkpt>
      <trkpt lat="54.401028" lon="-3.206734">
        <ele>211.75</ele>
      </trkpt>
      <trkpt lat="54.400938" lon="-3.20723">
        <ele>205</ele>
      </trkpt>
      <trkpt lat="54.40092" lon="-3.207278">
        <ele>204.25</ele>
      </trkpt>
      <trkpt lat="54.4009" lon="-3.207295">
        <ele>203.75</ele>
      </trkpt>
      <trkpt lat="54.400858" lon="-3.207279">
        <ele>203.25</ele>
      </trkpt>
      <trkpt lat="54.400828" lon="-3.20725">
        <ele>202.75</ele>
      </trkpt>
      <trkpt lat="54.400814" lon="-3.207233">
        <ele>202.75</ele>
      </trkpt>
      <trkpt lat="54.400799" lon="-3.207215">
        <ele>202.75</ele>
      </trkpt>
      <trkpt lat="54.400767" lon="-3.207206">
        <ele>202.25</ele>
      </trkpt>
      <trkpt lat="54.400521" lon="-3.207228">
        <ele>197.5</ele>
      </trkpt>
      <trkpt lat="54.400469" lon="-3.207254">
        <ele>196.25</ele>
      </trkpt>
      <trkpt lat="54.400451" lon="-3.207276">
        <ele>195.75</ele>
      </trkpt>
      <trkpt lat="54.400421" lon="-3.207574">
        <ele>192.75</ele>
      </trkpt>
      <trkpt lat="54.400408" lon="-3.2079">
        <ele>189.75</ele>
      </trkpt>
      <trkpt lat="54.400395" lon="-3.207982">
        <ele>189</ele>
      </trkpt>
      <trkpt lat="54.400355" lon="-3.208081">
        <ele>187.25</ele>
      </trkpt>
      <trkpt lat="54.400312" lon="-3.208147">
        <ele>186</ele>
      </trkpt>
      <trkpt lat="54.40028" lon="-3.208223">
        <ele>184.75</ele>
      </trkpt>
      <trkpt lat="54.40027" lon="-3.208263">
        <ele>184.25</ele>
      </trkpt>
      <trkpt lat="54.400274" lon="-3.208333">
        <ele>183.75</ele>
      </trkpt>
      <trkpt lat="54.400357" lon="-3.208715">
        <ele>179.5</ele>
      </trkpt>
      <trkpt lat="54.400391" lon="-3.208825">
        <ele>178.25</ele>
      </trkpt>
      <trkpt lat="54.400405" lon="-3.208871">
        <ele>177.75</ele>
      </trkpt>
      <trkpt lat="54.400425" lon="-3.20903">
        <ele>175.5</ele>
      </trkpt>
      <trkpt lat="54.400419" lon="-3.20928">
        <ele>171.75</ele>
      </trkpt>
      <trkpt lat="54.400377" lon="-3.209772">
        <ele>164.25</ele>
      </trkpt>
      <trkpt lat="54.400298" lon="-3.21024">
        <ele>156.25</ele>
      </trkpt>
      <trkpt lat="54.400275" lon="-3.210265">
        <ele>155.5</ele>
      </trkpt>
      <trkpt lat="54.400221" lon="-3.210274">
        <ele>155.25</ele>
      </trkpt>
      <trkpt lat="54.400094" lon="-3.210235">
        <ele>155</ele>
      </trkpt>
      <trkpt lat="54.400072" lon="-3.210261">
        <ele>154.5</ele>
      </trkpt>
      <trkpt lat="54.400033" lon="-3.21035">
        <ele>153</ele>
      </trkpt>
      <trkpt lat="54.399993" lon="-3.210515">
        <ele>150.5</ele>
      </trkpt>
      <trkpt lat="54.399956" lon="-3.210717">
        <ele>148</ele>
      </trkpt>
      <trkpt lat="54.39994" lon="-3.210863">
        <ele>146.25</ele>
      </trkpt>
      <trkpt lat="54.399944" lon="-3.210973">
        <ele>144.75</ele>
      </trkpt>
      <trkpt lat="54.399965" lon="-3.211068">
        <ele>143.25</ele>
      </trkpt>
      <trkpt lat="54.399979" lon="-3.211137">
        <ele>142</ele>
      </trkpt>
      <trkpt lat="54.399976" lon="-3.211184">
        <ele>141.5</ele>
      </trkpt>
      <trkpt lat="54.399964" lon="-3.211236">
        <ele>141</ele>
      </trkpt>
      <trkpt lat="54.39994" lon="-3.211285">
        <ele>140.5</ele>
      </trkpt>
      <trkpt lat="54.399807" lon="-3.211479">
        <ele>139.5</ele>
      </trkpt>
      <trkpt lat="54.399697" lon="-3.21163">
        <ele>138.75</ele>
      </trkpt>
      <trkpt lat="54.399652" lon="-3.211721">
        <ele>138</ele>
      </trkpt>
      <trkpt lat="54.399588" lon="-3.212007">
        <ele>135</ele>
      </trkpt>
      <trkpt lat="54.399493" lon="-3.212453">
        <ele>130.25</ele>
      </trkpt>
      <trkpt lat="54.399458" lon="-3.212643">
        <ele>128</ele>
      </trkpt>
      <trkpt lat="54.399421" lon="-3.21291">
        <ele>125</ele>
      </trkpt>
      <trkpt lat="54.399407" lon="-3.213069">
        <ele>123</ele>
      </trkpt>
      <trkpt lat="54.399406" lon="-3.213376">
        <ele>119.25</ele>
      </trkpt>
      <trkpt lat="54.399407" lon="-3.213421">
        <ele>118.75</ele>
      </trkpt>
      <trkpt lat="54.399417" lon="-3.213681">
        <ele>116</ele>
      </trkpt>
      <trkpt lat="54.399439" lon="-3.213893">
        <ele>113.5</ele>
      </trkpt>
      <trkpt lat="54.399487" lon="-3.214199">
        <ele>110</ele>
      </trkpt>
      <trkpt lat="54.399653" lon="-3.214696">
        <ele>104.25</ele>
      </trkpt>
      <trkpt lat="54.399693" lon="-3.214879">
        <ele>102.25</ele>
      </trkpt>
      <trkpt lat="54.399732" lon="-3.215158">
        <ele>100</ele>
      </trkpt>
      <trkpt lat="54.399735" lon="-3.215193">
        <ele>99.75</ele>
      </trkpt>
      <trkpt lat="54.399749" lon="-3.215369">
        <ele>98.75</ele>
      </trkpt>
      <trkpt lat="54.399756" lon="-3.215471">
        <ele>98.25</ele>
      </trkpt>
      <trkpt lat="54.39977" lon="-3.215658">
        <ele>97.25</ele>
      </trkpt>
      <trkpt lat="54.399775" lon="-3.215919">
        <ele>96</ele>
      </trkpt>
      <trkpt lat="54.399739" lon="-3.216302">
        <ele>94</ele>
      </trkpt>
      <trkpt lat="54.399638" lon="-3.21712">
        <ele>91.5</ele>
      </trkpt>
      <trkpt lat="54.399559" lon="-3.217593">
        <ele>90.75</ele>
      </trkpt>
      <trkpt lat="54.399535" lon="-3.218005">
        <ele>90.25</ele>
      </trkpt>
      <trkpt lat="54.399479" lon="-3.218226">
        <ele>90</ele>
      </trkpt>
      <trkpt lat="54.399393" lon="-3.218426">
        <ele>89.75</ele>
      </trkpt>
      <trkpt lat="54.399309" lon="-3.218541">
        <ele>89.75</ele>
      </trkpt>
      <trkpt lat="54.399208" lon="-3.218703">
        <ele>89.5</ele>
      </trkpt>
      <trkpt lat="54.39914" lon="-3.218934">
        <ele>89.25</ele>
      </trkpt>
      <trkpt lat="54.398846" lon="-3.219569">
        <ele>88.75</ele>
      </trkpt>
      <trkpt lat="54.39864" lon="-3.220055">
        <ele>88.5</ele>
      </trkpt>
      <trkpt lat="54.39823" lon="-3.221103">
        <ele>87.5</ele>
      </trkpt>
      <trkpt lat="54.397995" lon="-3.2216">
        <ele>86.25</ele>
      </trkpt>
      <trkpt lat="54.397722" lon="-3.222306">
        <ele>84.75</ele>
      </trkpt>
      <trkpt lat="54.397476" lon="-3.222754">
        <ele>84</ele>
      </trkpt>
      <trkpt lat="54.397364" lon="-3.22306">
        <ele>84</ele>
      </trkpt>
      <trkpt lat="54.397067" lon="-3.224052">
        <ele>83.5</ele>
      </trkpt>
      <trkpt lat="54.396995" lon="-3.22432">
        <ele>83.25</ele>
      </trkpt>
      <trkpt lat="54.396983" lon="-3.224516">
        <ele>83.25</ele>
      </trkpt>
      <trkpt lat="54.397017" lon="-3.224758">
        <ele>83.25</ele>
      </trkpt>
      <trkpt lat="54.39708" lon="-3.224931">
        <ele>83.25</ele>
      </trkpt>
      <trkpt lat="54.397112" lon="-3.225057">
        <ele>83.25</ele>
      </trkpt>
      <trkpt lat="54.397152" lon="-3.225208">
        <ele>83.25</ele>
      </trkpt>
      <trkpt lat="54.397161" lon="-3.225327">
        <ele>83</ele>
      </trkpt>
      <trkpt lat="54.397141" lon="-3.227556">
        <ele>82.5</ele>
      </trkpt>
      <trkpt lat="54.397145" lon="-3.227644">
        <ele>82.5</ele>
      </trkpt>
      <trkpt lat="54.397178" lon="-3.227794">
        <ele>82.75</ele>
      </trkpt>
      <trkpt lat="54.39719" lon="-3.227824">
        <ele>82.75</ele>
      </trkpt>
      <trkpt lat="54.397289" lon="-3.227985">
        <ele>83</ele>
      </trkpt>
      <trkpt lat="54.397318" lon="-3.228083">
        <ele>83.25</ele>
      </trkpt>
      <trkpt lat="54.397327" lon="-3.228135">
        <ele>83.25</ele>
      </trkpt>
      <trkpt lat="54.397335" lon="-3.228559">
        <ele>84</ele>
      </trkpt>
      <trkpt lat="54.397365" lon="-3.228892">
        <ele>85</ele>
      </trkpt>
      <trkpt lat="54.39741" lon="-3.229237">
        <ele>86.25</ele>
      </trkpt>
      <trkpt lat="54.397408" lon="-3.229275">
        <ele>86.25</ele>
      </trkpt>
      <trkpt lat="54.397353" lon="-3.230424">
        <ele>89</ele>
      </trkpt>
      <trkpt lat="54.397305" lon="-3.231101">
        <ele>90.75</ele>
      </trkpt>
      <trkpt lat="54.397298" lon="-3.231349">
        <ele>91.5</ele>
      </trkpt>
      <trkpt lat="54.397343" lon="-3.231941">
        <ele>93.25</ele>
      </trkpt>
      <trkpt lat="54.39737" lon="-3.232898">
        <ele>91.75</ele>
      </trkpt>
      <trkpt lat="54.397406" lon="-3.233498">
        <ele>91</ele>
      </trkpt>
      <trkpt lat="54.39744" lon="-3.233895">
        <ele>90.5</ele>
      </trkpt>
      <trkpt lat="54.397443" lon="-3.234044">
        <ele>90.25</ele>
      </trkpt>
      <trkpt lat="54.397441" lon="-3.235014">
        <ele>88</ele>
      </trkpt>
      <trkpt lat="54.397389" lon="-3.235862">
        <ele>85.75</ele>
      </trkpt>
      <trkpt lat="54.397385" lon="-3.236141">
        <ele>85.25</ele>
      </trkpt>
      <trkpt lat="54.397358" lon="-3.236474">
        <ele>84.75</ele>
      </trkpt>
      <trkpt lat="54.39735" lon="-3.237128">
        <ele>83</ele>
      </trkpt>
      <trkpt lat="54.39736" lon="-3.237357">
        <ele>82.25</ele>
      </trkpt>
      <trkpt lat="54.397385" lon="-3.237587">
        <ele>81.75</ele>
      </trkpt>
      <trkpt lat="54.397456" lon="-3.237936">
        <ele>81.5</ele>
      </trkpt>
      <trkpt lat="54.397478" lon="-3.238078">
        <ele>81.25</ele>
      </trkpt>
      <trkpt lat="54.397483" lon="-3.239076">
        <ele>80</ele>
      </trkpt>
      <trkpt lat="54.397526" lon="-3.239733">
        <ele>79.5</ele>
      </trkpt>
      <trkpt lat="54.397606" lon="-3.240502">
        <ele>78.5</ele>
      </trkpt>
      <trkpt lat="54.397646" lon="-3.241174">
        <ele>77.5</ele>
      </trkpt>
      <trkpt lat="54.397703" lon="-3.241624">
        <ele>77.5</ele>
      </trkpt>
      <trkpt lat="54.397794" lon="-3.242028">
        <ele>77.5</ele>
      </trkpt>
      <trkpt lat="54.397943" lon="-3.242513">
        <ele>78</ele>
      </trkpt>
      <trkpt lat="54.397967" lon="-3.242615">
        <ele>78.25</ele>
      </trkpt>
      <trkpt lat="54.397986" lon="-3.242699">
        <ele>78.25</ele>
      </trkpt>
      <trkpt lat="54.397995" lon="-3.243092">
        <ele>78</ele>
      </trkpt>
      <trkpt lat="54.397954" lon="-3.243579">
        <ele>77.5</ele>
      </trkpt>
      <trkpt lat="54.397902" lon="-3.244955">
        <ele>77.25</ele>
      </trkpt>
      <trkpt lat="54.397803" lon="-3.246482">
        <ele>78.75</ele>
      </trkpt>
      <trkpt lat="54.397688" lon="-3.248175">
        <ele>78</ele>
      </trkpt>
      <trkpt lat="54.397582" lon="-3.248894">
        <ele>75.25</ele>
      </trkpt>
      <trkpt lat="54.397329" lon="-3.250253">
        <ele>73</ele>
      </trkpt>
      <trkpt lat="54.397192" lon="-3.250767">
        <ele>72.5</ele>
      </trkpt>
      <trkpt lat="54.397197" lon="-3.251008">
        <ele>72.75</ele>
      </trkpt>
      <trkpt lat="54.397254" lon="-3.251411">
        <ele>73</ele>
      </trkpt>
      <trkpt lat="54.397315" lon="-3.251785">
        <ele>73.25</ele>
      </trkpt>
      <trkpt lat="54.397335" lon="-3.252053">
        <ele>73.25</ele>
      </trkpt>
      <trkpt lat="54.397331" lon="-3.252286">
        <ele>73.5</ele>
      </trkpt>
      <trkpt lat="54.397282" lon="-3.253068">
        <ele>73.75</ele>
      </trkpt>
      <trkpt lat="54.397271" lon="-3.253482">
        <ele>73.5</ele>
      </trkpt>
      <trkpt lat="54.397268" lon="-3.255407">
        <ele>68</ele>
      </trkpt>
      <trkpt lat="54.397253" lon="-3.255705">
        <ele>67</ele>
      </trkpt>
      <trkpt lat="54.397193" lon="-3.256438">
        <ele>65</ele>
      </trkpt>
      <trkpt lat="54.397182" lon="-3.256502">
        <ele>65</ele>
      </trkpt>
      <trkpt lat="54.397122" lon="-3.256876">
        <ele>64.25</ele>
      </trkpt>
      <trkpt lat="54.397009" lon="-3.257785">
        <ele>64</ele>
      </trkpt>
      <trkpt lat="54.39695" lon="-3.258157">
        <ele>64.5</ele>
      </trkpt>
      <trkpt lat="54.396945" lon="-3.25829">
        <ele>64.5</ele>
      </trkpt>
      <trkpt lat="54.397013" lon="-3.258748">
        <ele>66.5</ele>
      </trkpt>
      <trkpt lat="54.397136" lon="-3.259351">
        <ele>68.25</ele>
      </trkpt>
      <trkpt lat="54.397269" lon="-3.259783">
        <ele>68.5</ele>
      </trkpt>
      <trkpt lat="54.397372" lon="-3.260178">
        <ele>68.25</ele>
      </trkpt>
      <trkpt lat="54.397437" lon="-3.260552">
        <ele>68.25</ele>
      </trkpt>
      <trkpt lat="54.397489" lon="-3.260929">
        <ele>68.25</ele>
      </trkpt>
      <trkpt lat="54.397554" lon="-3.261846">
        <ele>69.5</ele>
      </trkpt>
      <trkpt lat="54.397607" lon="-3.262468">
        <ele>69.5</ele>
      </trkpt>
      <trkpt lat="54.397624" lon="-3.262821">
        <ele>69.25</ele>
      </trkpt>
      <trkpt lat="54.397639" lon="-3.263565">
        <ele>68.5</ele>
      </trkpt>
      <trkpt lat="54.397624" lon="-3.264034">
        <ele>67.75</ele>
      </trkpt>
      <trkpt lat="54.397606" lon="-3.264214">
        <ele>67.75</ele>
      </trkpt>
      <trkpt lat="54.397543" lon="-3.264599">
        <ele>67.5</ele>
      </trkpt>
      <trkpt lat="54.397488" lon="-3.264806">
        <ele>67.75</ele>
      </trkpt>
      <trkpt lat="54.397414" lon="-3.265047">
        <ele>68.75</ele>
      </trkpt>
      <trkpt lat="54.397393" lon="-3.265227">
        <ele>68.75</ele>
      </trkpt>
      <trkpt lat="54.397391" lon="-3.265448">
        <ele>68.25</ele>
      </trkpt>
      <trkpt lat="54.397447" lon="-3.265834">
        <ele>66</ele>
      </trkpt>
      <trkpt lat="54.397485" lon="-3.266146">
        <ele>64.75</ele>
      </trkpt>
      <trkpt lat="54.397484" lon="-3.266209">
        <ele>64.75</ele>
      </trkpt>
      <trkpt lat="54.397482" lon="-3.266317">
        <ele>64.75</ele>
      </trkpt>
      <trkpt lat="54.397396" lon="-3.266867">
        <ele>64.75</ele>
      </trkpt>
      <trkpt lat="54.397166" lon="-3.267992">
        <ele>62.75</ele>
      </trkpt>
      <trkpt lat="54.396964" lon="-3.268763">
        <ele>60.5</ele>
      </trkpt>
      <trkpt lat="54.396639" lon="-3.269766">
        <ele>55.5</ele>
      </trkpt>
      <trkpt lat="54.396576" lon="-3.269965">
        <ele>54.5</ele>
      </trkpt>
      <trkpt lat="54.396244" lon="-3.271007">
        <ele>54.25</ele>
      </trkpt>
      <trkpt lat="54.396224" lon="-3.271073">
        <ele>54.25</ele>
      </trkpt>
      <trkpt lat="54.395954" lon="-3.271859">
        <ele>53.75</ele>
      </trkpt>
      <trkpt lat="54.395742" lon="-3.272442">
        <ele>52.75</ele>
      </trkpt>
      <trkpt lat="54.395444" lon="-3.273302">
        <ele>52</ele>
      </trkpt>
      <trkpt lat="54.395112" lon="-3.274216">
        <ele>52</ele>
      </trkpt>
      <trkpt lat="54.394998" lon="-3.274519">
        <ele>51.75</ele>
      </trkpt>
      <trkpt lat="54.394559" lon="-3.275757">
        <ele>50.75</ele>
      </trkpt>
      <trkpt lat="54.394041" lon="-3.277491">
        <ele>50.5</ele>
      </trkpt>
      <trkpt lat="54.39395" lon="-3.277753">
        <ele>51</ele>
      </trkpt>
      <trkpt lat="54.393765" lon="-3.278434">
        <ele>52</ele>
      </trkpt>
      <trkpt lat="54.393657" lon="-3.278649">
        <ele>52.5</ele>
      </trkpt>
      <trkpt lat="54.393589" lon="-3.278744">
        <ele>52.75</ele>
      </trkpt>
      <trkpt lat="54.393359" lon="-3.279002">
        <ele>53</ele>
      </trkpt>
      <trkpt lat="54.393265" lon="-3.279161">
        <ele>52.75</ele>
      </trkpt>
      <trkpt lat="54.393212" lon="-3.2793">
        <ele>52.5</ele>
      </trkpt>
      <trkpt lat="54.393172" lon="-3.279466">
        <ele>52.25</ele>
      </trkpt>
      <trkpt lat="54.393128" lon="-3.279759">
        <ele>51.75</ele>
      </trkpt>
      <trkpt lat="54.393019" lon="-3.280001">
        <ele>51</ele>
      </trkpt>
      <trkpt lat="54.392998" lon="-3.280129">
        <ele>51</ele>
      </trkpt>
      <trkpt lat="54.392976" lon="-3.280351">
        <ele>51</ele>
      </trkpt>
      <trkpt lat="54.392959" lon="-3.280625">
        <ele>51</ele>
      </trkpt>
      <trkpt lat="54.392912" lon="-3.280858">
        <ele>50.75</ele>
      </trkpt>
      <trkpt lat="54.392881" lon="-3.280978">
        <ele>50.75</ele>
      </trkpt>
      <trkpt lat="54.392861" lon="-3.281054">
        <ele>50.5</ele>
      </trkpt>
      <trkpt lat="54.392778" lon="-3.281392">
        <ele>50.25</ele>
      </trkpt>
      <trkpt lat="54.39276" lon="-3.281494">
        <ele>50.25</ele>
      </trkpt>
      <trkpt lat="54.392766" lon="-3.281633">
        <ele>50.25</ele>
      </trkpt>
      <trkpt lat="54.392781" lon="-3.281737">
        <ele>50</ele>
      </trkpt>
      <trkpt lat="54.392752" lon="-3.281882">
        <ele>50.25</ele>
      </trkpt>
      <trkpt lat="54.392685" lon="-3.282044">
        <ele>49.75</ele>
      </trkpt>
      <trkpt lat="54.392633" lon="-3.282124">
        <ele>49.25</ele>
      </trkpt>
      <trkpt lat="54.392485" lon="-3.282398">
        <ele>47.75</ele>
      </trkpt>
      <trkpt lat="54.392336" lon="-3.282765">
        <ele>46.75</ele>
      </trkpt>
      <trkpt lat="54.392237" lon="-3.28306">
        <ele>46</ele>
      </trkpt>
      <trkpt lat="54.39197" lon="-3.284012">
        <ele>46</ele>
      </trkpt>
      <trkpt lat="54.391649" lon="-3.285894">
        <ele>47</ele>
      </trkpt>
      <trkpt lat="54.391473" lon="-3.287263">
        <ele>49.25</ele>
      </trkpt>
      <trkpt lat="54.391147" lon="-3.288728">
        <ele>47.5</ele>
      </trkpt>
      <trkpt lat="54.390957" lon="-3.289979">
        <ele>48</ele>
      </trkpt>
      <trkpt lat="54.390894" lon="-3.290247">
        <ele>47.75</ele>
      </trkpt>
      <trkpt lat="54.390753" lon="-3.290604">
        <ele>46.75</ele>
      </trkpt>
      <trkpt lat="54.390605" lon="-3.291164">
        <ele>47</ele>
      </trkpt>
      <trkpt lat="54.390266" lon="-3.292849">
        <ele>44.75</ele>
      </trkpt>
      <trkpt lat="54.390165" lon="-3.293238">
        <ele>43.25</ele>
      </trkpt>
      <trkpt lat="54.390049" lon="-3.293932">
        <ele>40.75</ele>
      </trkpt>
      <trkpt lat="54.389998" lon="-3.294351">
        <ele>39.75</ele>
      </trkpt>
      <trkpt lat="54.389968" lon="-3.294778">
        <ele>39.75</ele>
      </trkpt>
      <trkpt lat="54.390155" lon="-3.297164">
        <ele>37</ele>
      </trkpt>
      <trkpt lat="54.39028" lon="-3.29781">
        <ele>36</ele>
      </trkpt>
      <trkpt lat="54.390347" lon="-3.298103">
        <ele>35.5</ele>
      </trkpt>
      <trkpt lat="54.390496" lon="-3.298598">
        <ele>35.25</ele>
      </trkpt>
      <trkpt lat="54.390517" lon="-3.298752">
        <ele>35</ele>
      </trkpt>
      <trkpt lat="54.390531" lon="-3.299023">
        <ele>34.5</ele>
      </trkpt>
      <trkpt lat="54.39052" lon="-3.299582">
        <ele>33.5</ele>
      </trkpt>
      <trkpt lat="54.390556" lon="-3.300153">
        <ele>33.25</ele>
      </trkpt>
      <trkpt lat="54.390568" lon="-3.300595">
        <ele>33</ele>
      </trkpt>
      <trkpt lat="54.390591" lon="-3.301077">
        <ele>33</ele>
      </trkpt>
      <trkpt lat="54.390658" lon="-3.301476">
        <ele>33.25</ele>
      </trkpt>
      <trkpt lat="54.390671" lon="-3.301605">
        <ele>33.25</ele>
      </trkpt>
      <trkpt lat="54.390645" lon="-3.301794">
        <ele>33.5</ele>
      </trkpt>
      <trkpt lat="54.390532" lon="-3.302058">
        <ele>33.5</ele>
      </trkpt>
      <trkpt lat="54.39032" lon="-3.302285">
        <ele>33.25</ele>
      </trkpt>
      <trkpt lat="54.390106" lon="-3.302558">
        <ele>33.25</ele>
      </trkpt>
      <trkpt lat="54.389965" lon="-3.302789">
        <ele>33.5</ele>
      </trkpt>
      <trkpt lat="54.389828" lon="-3.302966">
        <ele>33.25</ele>
      </trkpt>
      <trkpt lat="54.389678" lon="-3.303122">
        <ele>32.75</ele>
      </trkpt>
      <trkpt lat="54.389381" lon="-3.303747">
        <ele>31.75</ele>
      </trkpt>
      <trkpt lat="54.389264" lon="-3.304129">
        <ele>31.5</ele>
      </trkpt>
      <trkpt lat="54.38915" lon="-3.304669">
        <ele>30.75</ele>
      </trkpt>
      <trkpt lat="54.389012" lon="-3.305163">
        <ele>30.75</ele>
      </trkpt>
      <trkpt lat="54.388811" lon="-3.305808">
        <ele>30.5</ele>
      </trkpt>
      <trkpt lat="54.388693" lon="-3.306131">
        <ele>30.25</ele>
      </trkpt>
      <trkpt lat="54.388652" lon="-3.306241">
        <ele>30.25</ele>
      </trkpt>
      <trkpt lat="54.388474" lon="-3.306768">
        <ele>29.5</ele>
      </trkpt>
      <trkpt lat="54.388283" lon="-3.307397">
        <ele>27.75</ele>
      </trkpt>
      <trkpt lat="54.388105" lon="-3.308016">
        <ele>27</ele>
      </trkpt>
      <trkpt lat="54.387637" lon="-3.309261">
        <ele>28.25</ele>
      </trkpt>
      <trkpt lat="54.387243" lon="-3.310227">
        <ele>27.75</ele>
      </trkpt>
      <trkpt lat="54.38687" lon="-3.310899">
        <ele>27</ele>
      </trkpt>
      <trkpt lat="54.386824" lon="-3.311073">
        <ele>27</ele>
      </trkpt>
      <trkpt lat="54.386801" lon="-3.311247">
        <ele>27</ele>
      </trkpt>
      <trkpt lat="54.386754" lon="-3.311966">
        <ele>27.75</ele>
      </trkpt>
      <trkpt lat="54.386743" lon="-3.312042">
        <ele>28</ele>
      </trkpt>
      <trkpt lat="54.386689" lon="-3.311921">
        <ele>27.5</ele>
      </trkpt>
    </trkseg>
  </trk>
</gpx>
